[0.361s] DEBUG:colcon:Command line arguments: ['/usr/bin/colcon', 'build']
[0.361s] DEBUG:colcon:Parsed command line arguments: Namespace(log_base=None, log_level=None, verb_name='build', build_base='build', install_base='install', merge_install=False, symlink_install=False, test_result_base=None, continue_on_error=False, executor='parallel', parallel_workers=8, event_handlers=None, ignore_user_meta=False, metas=['./colcon.meta'], base_paths=['.'], packages_ignore=None, packages_ignore_regex=None, paths=None, packages_up_to=None, packages_up_to_regex=None, packages_above=None, packages_above_and_dependencies=None, packages_above_depth=None, packages_select_by_dep=None, packages_skip_by_dep=None, packages_skip_up_to=None, packages_select_build_failed=False, packages_skip_build_finished=False, packages_select_test_failures=False, packages_skip_test_passed=False, packages_select=None, packages_skip=None, packages_select_regex=None, packages_skip_regex=None, packages_start=None, packages_end=None, allow_overriding=[], cmake_args=None, cmake_target=None, cmake_target_skip_unavailable=False, cmake_clean_cache=False, cmake_clean_first=False, cmake_force_configure=False, ament_cmake_args=None, catkin_cmake_args=None, catkin_skip_building_tests=False, verb_parser=<colcon_defaults.argument_parser.defaults.DefaultArgumentsDecorator object at 0x7dd110b274c0>, verb_extension=<colcon_core.verb.build.BuildVerb object at 0x7dd110c6c4f0>, main=<bound method BuildVerb.main of <colcon_core.verb.build.BuildVerb object at 0x7dd110c6c4f0>>)
[0.522s] Level 1:colcon.colcon_core.package_discovery:discover_packages(colcon_meta) check parameters
[0.522s] Level 1:colcon.colcon_core.package_discovery:discover_packages(recursive) check parameters
[0.522s] Level 1:colcon.colcon_core.package_discovery:discover_packages(ignore) check parameters
[0.522s] Level 1:colcon.colcon_core.package_discovery:discover_packages(path) check parameters
[0.522s] Level 1:colcon.colcon_core.package_discovery:discover_packages(colcon_meta) discover
[0.522s] Level 1:colcon.colcon_core.package_discovery:discover_packages(recursive) discover
[0.522s] INFO:colcon.colcon_core.package_discovery:Crawling recursively for packages in '/home/unique/ros2_ws/ros_test'
[0.522s] Level 1:colcon.colcon_core.package_identification:_identify(.) by extensions ['ignore', 'ignore_ament_install']
[0.522s] Level 1:colcon.colcon_core.package_identification:_identify(.) by extension 'ignore'
[0.522s] Level 1:colcon.colcon_core.package_identification:_identify(.) by extension 'ignore_ament_install'
[0.522s] Level 1:colcon.colcon_core.package_identification:_identify(.) by extensions ['colcon_pkg']
[0.522s] Level 1:colcon.colcon_core.package_identification:_identify(.) by extension 'colcon_pkg'
[0.523s] Level 1:colcon.colcon_core.package_identification:_identify(.) by extensions ['colcon_meta']
[0.523s] Level 1:colcon.colcon_core.package_identification:_identify(.) by extension 'colcon_meta'
[0.523s] Level 1:colcon.colcon_core.package_identification:_identify(.) by extensions ['ros']
[0.523s] Level 1:colcon.colcon_core.package_identification:_identify(.) by extension 'ros'
[0.533s] Level 1:colcon.colcon_core.package_identification:_identify(.) by extensions ['cmake', 'python']
[0.533s] Level 1:colcon.colcon_core.package_identification:_identify(.) by extension 'cmake'
[0.534s] Level 1:colcon.colcon_core.package_identification:_identify(.) by extension 'python'
[0.534s] Level 1:colcon.colcon_core.package_identification:_identify(.) by extensions ['python_setup_py']
[0.534s] Level 1:colcon.colcon_core.package_identification:_identify(.) by extension 'python_setup_py'
[0.534s] Level 1:colcon.colcon_core.package_identification:_identify(build) by extensions ['ignore', 'ignore_ament_install']
[0.534s] Level 1:colcon.colcon_core.package_identification:_identify(build) by extension 'ignore'
[0.534s] Level 1:colcon.colcon_core.package_identification:_identify(build) ignored
[0.534s] Level 1:colcon.colcon_core.package_identification:_identify(install) by extensions ['ignore', 'ignore_ament_install']
[0.534s] Level 1:colcon.colcon_core.package_identification:_identify(install) by extension 'ignore'
[0.534s] Level 1:colcon.colcon_core.package_identification:_identify(install) ignored
[0.534s] Level 1:colcon.colcon_core.package_identification:_identify(log) by extensions ['ignore', 'ignore_ament_install']
[0.534s] Level 1:colcon.colcon_core.package_identification:_identify(log) by extension 'ignore'
[0.534s] Level 1:colcon.colcon_core.package_identification:_identify(log) ignored
[0.534s] Level 1:colcon.colcon_core.package_identification:_identify(src) by extensions ['ignore', 'ignore_ament_install']
[0.534s] Level 1:colcon.colcon_core.package_identification:_identify(src) by extension 'ignore'
[0.534s] Level 1:colcon.colcon_core.package_identification:_identify(src) by extension 'ignore_ament_install'
[0.534s] Level 1:colcon.colcon_core.package_identification:_identify(src) by extensions ['colcon_pkg']
[0.534s] Level 1:colcon.colcon_core.package_identification:_identify(src) by extension 'colcon_pkg'
[0.534s] Level 1:colcon.colcon_core.package_identification:_identify(src) by extensions ['colcon_meta']
[0.534s] Level 1:colcon.colcon_core.package_identification:_identify(src) by extension 'colcon_meta'
[0.534s] Level 1:colcon.colcon_core.package_identification:_identify(src) by extensions ['ros']
[0.535s] Level 1:colcon.colcon_core.package_identification:_identify(src) by extension 'ros'
[0.535s] Level 1:colcon.colcon_core.package_identification:_identify(src) by extensions ['cmake', 'python']
[0.535s] Level 1:colcon.colcon_core.package_identification:_identify(src) by extension 'cmake'
[0.535s] Level 1:colcon.colcon_core.package_identification:_identify(src) by extension 'python'
[0.535s] Level 1:colcon.colcon_core.package_identification:_identify(src) by extensions ['python_setup_py']
[0.535s] Level 1:colcon.colcon_core.package_identification:_identify(src) by extension 'python_setup_py'
[0.535s] Level 1:colcon.colcon_core.package_identification:_identify(src/IOqueue) by extensions ['ignore', 'ignore_ament_install']
[0.535s] Level 1:colcon.colcon_core.package_identification:_identify(src/IOqueue) by extension 'ignore'
[0.535s] Level 1:colcon.colcon_core.package_identification:_identify(src/IOqueue) by extension 'ignore_ament_install'
[0.535s] Level 1:colcon.colcon_core.package_identification:_identify(src/IOqueue) by extensions ['colcon_pkg']
[0.535s] Level 1:colcon.colcon_core.package_identification:_identify(src/IOqueue) by extension 'colcon_pkg'
[0.535s] Level 1:colcon.colcon_core.package_identification:_identify(src/IOqueue) by extensions ['colcon_meta']
[0.535s] Level 1:colcon.colcon_core.package_identification:_identify(src/IOqueue) by extension 'colcon_meta'
[0.535s] Level 1:colcon.colcon_core.package_identification:_identify(src/IOqueue) by extensions ['ros']
[0.535s] Level 1:colcon.colcon_core.package_identification:_identify(src/IOqueue) by extension 'ros'
[0.548s] DEBUG:colcon.colcon_core.package_identification:Package 'src/IOqueue' with type 'ros.ament_cmake' and name 'IOqueue'
[0.548s] Level 1:colcon.colcon_core.package_identification:_identify(src/IOringbuffer) by extensions ['ignore', 'ignore_ament_install']
[0.548s] Level 1:colcon.colcon_core.package_identification:_identify(src/IOringbuffer) by extension 'ignore'
[0.548s] Level 1:colcon.colcon_core.package_identification:_identify(src/IOringbuffer) by extension 'ignore_ament_install'
[0.548s] Level 1:colcon.colcon_core.package_identification:_identify(src/IOringbuffer) by extensions ['colcon_pkg']
[0.548s] Level 1:colcon.colcon_core.package_identification:_identify(src/IOringbuffer) by extension 'colcon_pkg'
[0.548s] Level 1:colcon.colcon_core.package_identification:_identify(src/IOringbuffer) by extensions ['colcon_meta']
[0.548s] Level 1:colcon.colcon_core.package_identification:_identify(src/IOringbuffer) by extension 'colcon_meta'
[0.548s] Level 1:colcon.colcon_core.package_identification:_identify(src/IOringbuffer) by extensions ['ros']
[0.548s] Level 1:colcon.colcon_core.package_identification:_identify(src/IOringbuffer) by extension 'ros'
[0.549s] DEBUG:colcon.colcon_core.package_identification:Package 'src/IOringbuffer' with type 'ros.ament_cmake' and name 'IOringbuffer'
[0.549s] Level 1:colcon.colcon_core.package_identification:_identify(src/main_interface) by extensions ['ignore', 'ignore_ament_install']
[0.549s] Level 1:colcon.colcon_core.package_identification:_identify(src/main_interface) by extension 'ignore'
[0.549s] Level 1:colcon.colcon_core.package_identification:_identify(src/main_interface) by extension 'ignore_ament_install'
[0.549s] Level 1:colcon.colcon_core.package_identification:_identify(src/main_interface) by extensions ['colcon_pkg']
[0.549s] Level 1:colcon.colcon_core.package_identification:_identify(src/main_interface) by extension 'colcon_pkg'
[0.549s] Level 1:colcon.colcon_core.package_identification:_identify(src/main_interface) by extensions ['colcon_meta']
[0.549s] Level 1:colcon.colcon_core.package_identification:_identify(src/main_interface) by extension 'colcon_meta'
[0.549s] Level 1:colcon.colcon_core.package_identification:_identify(src/main_interface) by extensions ['ros']
[0.549s] Level 1:colcon.colcon_core.package_identification:_identify(src/main_interface) by extension 'ros'
[0.550s] DEBUG:colcon.colcon_core.package_identification:Package 'src/main_interface' with type 'ros.ament_cmake' and name 'main_interface'
[0.550s] Level 1:colcon.colcon_core.package_identification:_identify(src/realtime_common) by extensions ['ignore', 'ignore_ament_install']
[0.550s] Level 1:colcon.colcon_core.package_identification:_identify(src/realtime_common) by extension 'ignore'
[0.550s] Level 1:colcon.colcon_core.package_identification:_identify(src/realtime_common) by extension 'ignore_ament_install'
[0.550s] Level 1:colcon.colcon_core.package_identification:_identify(src/realtime_common) by extensions ['colcon_pkg']
[0.550s] Level 1:colcon.colcon_core.package_identification:_identify(src/realtime_common) by extension 'colcon_pkg'
[0.550s] Level 1:colcon.colcon_core.package_identification:_identify(src/realtime_common) by extensions ['colcon_meta']
[0.550s] Level 1:colcon.colcon_core.package_identification:_identify(src/realtime_common) by extension 'colcon_meta'
[0.550s] Level 1:colcon.colcon_core.package_identification:_identify(src/realtime_common) by extensions ['ros']
[0.550s] Level 1:colcon.colcon_core.package_identification:_identify(src/realtime_common) by extension 'ros'
[0.551s] DEBUG:colcon.colcon_core.package_identification:Package 'src/realtime_common' with type 'ros.ament_cmake' and name 'realtime_common'
[0.551s] Level 1:colcon.colcon_core.package_identification:_identify(src/realtime_launch) by extensions ['ignore', 'ignore_ament_install']
[0.551s] Level 1:colcon.colcon_core.package_identification:_identify(src/realtime_launch) by extension 'ignore'
[0.551s] Level 1:colcon.colcon_core.package_identification:_identify(src/realtime_launch) by extension 'ignore_ament_install'
[0.551s] Level 1:colcon.colcon_core.package_identification:_identify(src/realtime_launch) by extensions ['colcon_pkg']
[0.551s] Level 1:colcon.colcon_core.package_identification:_identify(src/realtime_launch) by extension 'colcon_pkg'
[0.551s] Level 1:colcon.colcon_core.package_identification:_identify(src/realtime_launch) by extensions ['colcon_meta']
[0.551s] Level 1:colcon.colcon_core.package_identification:_identify(src/realtime_launch) by extension 'colcon_meta'
[0.551s] Level 1:colcon.colcon_core.package_identification:_identify(src/realtime_launch) by extensions ['ros']
[0.551s] Level 1:colcon.colcon_core.package_identification:_identify(src/realtime_launch) by extension 'ros'
[0.551s] DEBUG:colcon.colcon_core.package_identification:Package 'src/realtime_launch' with type 'ros.ament_cmake' and name 'realtime_launch'
[0.551s] Level 1:colcon.colcon_core.package_identification:_identify(src/test_loopback) by extensions ['ignore', 'ignore_ament_install']
[0.551s] Level 1:colcon.colcon_core.package_identification:_identify(src/test_loopback) by extension 'ignore'
[0.552s] Level 1:colcon.colcon_core.package_identification:_identify(src/test_loopback) by extension 'ignore_ament_install'
[0.552s] Level 1:colcon.colcon_core.package_identification:_identify(src/test_loopback) by extensions ['colcon_pkg']
[0.552s] Level 1:colcon.colcon_core.package_identification:_identify(src/test_loopback) by extension 'colcon_pkg'
[0.552s] Level 1:colcon.colcon_core.package_identification:_identify(src/test_loopback) by extensions ['colcon_meta']
[0.552s] Level 1:colcon.colcon_core.package_identification:_identify(src/test_loopback) by extension 'colcon_meta'
[0.552s] Level 1:colcon.colcon_core.package_identification:_identify(src/test_loopback) by extensions ['ros']
[0.552s] Level 1:colcon.colcon_core.package_identification:_identify(src/test_loopback) by extension 'ros'
[0.552s] DEBUG:colcon.colcon_core.package_identification:Package 'src/test_loopback' with type 'ros.ament_cmake' and name 'test_loopback'
[0.552s] Level 1:colcon.colcon_core.package_identification:_identify(src/test_ringbuffer_loopback) by extensions ['ignore', 'ignore_ament_install']
[0.552s] Level 1:colcon.colcon_core.package_identification:_identify(src/test_ringbuffer_loopback) by extension 'ignore'
[0.552s] Level 1:colcon.colcon_core.package_identification:_identify(src/test_ringbuffer_loopback) by extension 'ignore_ament_install'
[0.552s] Level 1:colcon.colcon_core.package_identification:_identify(src/test_ringbuffer_loopback) by extensions ['colcon_pkg']
[0.552s] Level 1:colcon.colcon_core.package_identification:_identify(src/test_ringbuffer_loopback) by extension 'colcon_pkg'
[0.552s] Level 1:colcon.colcon_core.package_identification:_identify(src/test_ringbuffer_loopback) by extensions ['colcon_meta']
[0.552s] Level 1:colcon.colcon_core.package_identification:_identify(src/test_ringbuffer_loopback) by extension 'colcon_meta'
[0.553s] Level 1:colcon.colcon_core.package_identification:_identify(src/test_ringbuffer_loopback) by extensions ['ros']
[0.553s] Level 1:colcon.colcon_core.package_identification:_identify(src/test_ringbuffer_loopback) by extension 'ros'
[0.553s] DEBUG:colcon.colcon_core.package_identification:Package 'src/test_ringbuffer_loopback' with type 'ros.ament_cmake' and name 'test_ringbuffer_loopback'
[0.553s] Level 1:colcon.colcon_core.package_discovery:discover_packages(recursive) using defaults
[0.553s] Level 1:colcon.colcon_core.package_discovery:discover_packages(ignore) discover
[0.553s] Level 1:colcon.colcon_core.package_discovery:discover_packages(ignore) using defaults
[0.553s] Level 1:colcon.colcon_core.package_discovery:discover_packages(path) discover
[0.553s] Level 1:colcon.colcon_core.package_discovery:discover_packages(path) using defaults
[0.574s] Level 1:colcon.colcon_core.package_discovery:discover_packages(prefix_path) check parameters
[0.575s] Level 1:colcon.colcon_core.package_discovery:discover_packages(prefix_path) discover
[0.578s] DEBUG:colcon.colcon_installed_package_information.package_discovery:Found 7 installed packages in /home/unique/ros2_ws/ros_test/install
[0.579s] DEBUG:colcon.colcon_installed_package_information.package_discovery:Found 3 installed packages in /home/unique/ros2_ws/install
[0.580s] DEBUG:colcon.colcon_installed_package_information.package_discovery:Found 21 installed packages in /home/unique/ros2_ws/ros2_21_tutorials/install
[0.581s] DEBUG:colcon.colcon_installed_package_information.package_discovery:Found 275 installed packages in /opt/ros/humble
[0.583s] Level 1:colcon.colcon_core.package_discovery:discover_packages(prefix_path) using defaults
[0.616s] Level 5:colcon.colcon_core.verb:set package 'main_interface' build argument 'cmake_args' from command line to 'None'
[0.616s] Level 5:colcon.colcon_core.verb:set package 'main_interface' build argument 'cmake_target' from command line to 'None'
[0.616s] Level 5:colcon.colcon_core.verb:set package 'main_interface' build argument 'cmake_target_skip_unavailable' from command line to 'False'
[0.616s] Level 5:colcon.colcon_core.verb:set package 'main_interface' build argument 'cmake_clean_cache' from command line to 'False'
[0.616s] Level 5:colcon.colcon_core.verb:set package 'main_interface' build argument 'cmake_clean_first' from command line to 'False'
[0.616s] Level 5:colcon.colcon_core.verb:set package 'main_interface' build argument 'cmake_force_configure' from command line to 'False'
[0.616s] Level 5:colcon.colcon_core.verb:set package 'main_interface' build argument 'ament_cmake_args' from command line to 'None'
[0.616s] Level 5:colcon.colcon_core.verb:set package 'main_interface' build argument 'catkin_cmake_args' from command line to 'None'
[0.616s] Level 5:colcon.colcon_core.verb:set package 'main_interface' build argument 'catkin_skip_building_tests' from command line to 'False'
[0.616s] DEBUG:colcon.colcon_core.verb:Building package 'main_interface' with the following arguments: {'ament_cmake_args': None, 'build_base': '/home/unique/ros2_ws/ros_test/build/main_interface', 'catkin_cmake_args': None, 'catkin_skip_building_tests': False, 'cmake_args': None, 'cmake_clean_cache': False, 'cmake_clean_first': False, 'cmake_force_configure': False, 'cmake_target': None, 'cmake_target_skip_unavailable': False, 'install_base': '/home/unique/ros2_ws/ros_test/install/main_interface', 'merge_install': False, 'path': '/home/unique/ros2_ws/ros_test/src/main_interface', 'symlink_install': False, 'test_result_base': None}
[0.616s] Level 5:colcon.colcon_core.verb:set package 'realtime_common' build argument 'cmake_args' from command line to 'None'
[0.616s] Level 5:colcon.colcon_core.verb:set package 'realtime_common' build argument 'cmake_target' from command line to 'None'
[0.616s] Level 5:colcon.colcon_core.verb:set package 'realtime_common' build argument 'cmake_target_skip_unavailable' from command line to 'False'
[0.616s] Level 5:colcon.colcon_core.verb:set package 'realtime_common' build argument 'cmake_clean_cache' from command line to 'False'
[0.616s] Level 5:colcon.colcon_core.verb:set package 'realtime_common' build argument 'cmake_clean_first' from command line to 'False'
[0.616s] Level 5:colcon.colcon_core.verb:set package 'realtime_common' build argument 'cmake_force_configure' from command line to 'False'
[0.616s] Level 5:colcon.colcon_core.verb:set package 'realtime_common' build argument 'ament_cmake_args' from command line to 'None'
[0.616s] Level 5:colcon.colcon_core.verb:set package 'realtime_common' build argument 'catkin_cmake_args' from command line to 'None'
[0.617s] Level 5:colcon.colcon_core.verb:set package 'realtime_common' build argument 'catkin_skip_building_tests' from command line to 'False'
[0.617s] DEBUG:colcon.colcon_core.verb:Building package 'realtime_common' with the following arguments: {'ament_cmake_args': None, 'build_base': '/home/unique/ros2_ws/ros_test/build/realtime_common', 'catkin_cmake_args': None, 'catkin_skip_building_tests': False, 'cmake_args': None, 'cmake_clean_cache': False, 'cmake_clean_first': False, 'cmake_force_configure': False, 'cmake_target': None, 'cmake_target_skip_unavailable': False, 'install_base': '/home/unique/ros2_ws/ros_test/install/realtime_common', 'merge_install': False, 'path': '/home/unique/ros2_ws/ros_test/src/realtime_common', 'symlink_install': False, 'test_result_base': None}
[0.617s] Level 5:colcon.colcon_core.verb:set package 'realtime_launch' build argument 'cmake_args' from command line to 'None'
[0.617s] Level 5:colcon.colcon_core.verb:set package 'realtime_launch' build argument 'cmake_target' from command line to 'None'
[0.617s] Level 5:colcon.colcon_core.verb:set package 'realtime_launch' build argument 'cmake_target_skip_unavailable' from command line to 'False'
[0.617s] Level 5:colcon.colcon_core.verb:set package 'realtime_launch' build argument 'cmake_clean_cache' from command line to 'False'
[0.617s] Level 5:colcon.colcon_core.verb:set package 'realtime_launch' build argument 'cmake_clean_first' from command line to 'False'
[0.617s] Level 5:colcon.colcon_core.verb:set package 'realtime_launch' build argument 'cmake_force_configure' from command line to 'False'
[0.617s] Level 5:colcon.colcon_core.verb:set package 'realtime_launch' build argument 'ament_cmake_args' from command line to 'None'
[0.617s] Level 5:colcon.colcon_core.verb:set package 'realtime_launch' build argument 'catkin_cmake_args' from command line to 'None'
[0.617s] Level 5:colcon.colcon_core.verb:set package 'realtime_launch' build argument 'catkin_skip_building_tests' from command line to 'False'
[0.617s] DEBUG:colcon.colcon_core.verb:Building package 'realtime_launch' with the following arguments: {'ament_cmake_args': None, 'build_base': '/home/unique/ros2_ws/ros_test/build/realtime_launch', 'catkin_cmake_args': None, 'catkin_skip_building_tests': False, 'cmake_args': None, 'cmake_clean_cache': False, 'cmake_clean_first': False, 'cmake_force_configure': False, 'cmake_target': None, 'cmake_target_skip_unavailable': False, 'install_base': '/home/unique/ros2_ws/ros_test/install/realtime_launch', 'merge_install': False, 'path': '/home/unique/ros2_ws/ros_test/src/realtime_launch', 'symlink_install': False, 'test_result_base': None}
[0.617s] Level 5:colcon.colcon_core.verb:set package 'IOqueue' build argument 'cmake_args' from command line to 'None'
[0.617s] Level 5:colcon.colcon_core.verb:set package 'IOqueue' build argument 'cmake_target' from command line to 'None'
[0.617s] Level 5:colcon.colcon_core.verb:set package 'IOqueue' build argument 'cmake_target_skip_unavailable' from command line to 'False'
[0.618s] Level 5:colcon.colcon_core.verb:set package 'IOqueue' build argument 'cmake_clean_cache' from command line to 'False'
[0.618s] Level 5:colcon.colcon_core.verb:set package 'IOqueue' build argument 'cmake_clean_first' from command line to 'False'
[0.618s] Level 5:colcon.colcon_core.verb:set package 'IOqueue' build argument 'cmake_force_configure' from command line to 'False'
[0.618s] Level 5:colcon.colcon_core.verb:set package 'IOqueue' build argument 'ament_cmake_args' from command line to 'None'
[0.618s] Level 5:colcon.colcon_core.verb:set package 'IOqueue' build argument 'catkin_cmake_args' from command line to 'None'
[0.618s] Level 5:colcon.colcon_core.verb:set package 'IOqueue' build argument 'catkin_skip_building_tests' from command line to 'False'
[0.618s] DEBUG:colcon.colcon_core.verb:Building package 'IOqueue' with the following arguments: {'ament_cmake_args': None, 'build_base': '/home/unique/ros2_ws/ros_test/build/IOqueue', 'catkin_cmake_args': None, 'catkin_skip_building_tests': False, 'cmake_args': None, 'cmake_clean_cache': False, 'cmake_clean_first': False, 'cmake_force_configure': False, 'cmake_target': None, 'cmake_target_skip_unavailable': False, 'install_base': '/home/unique/ros2_ws/ros_test/install/IOqueue', 'merge_install': False, 'path': '/home/unique/ros2_ws/ros_test/src/IOqueue', 'symlink_install': False, 'test_result_base': None}
[0.618s] Level 5:colcon.colcon_core.verb:set package 'IOringbuffer' build argument 'cmake_args' from command line to 'None'
[0.618s] Level 5:colcon.colcon_core.verb:set package 'IOringbuffer' build argument 'cmake_target' from command line to 'None'
[0.618s] Level 5:colcon.colcon_core.verb:set package 'IOringbuffer' build argument 'cmake_target_skip_unavailable' from command line to 'False'
[0.618s] Level 5:colcon.colcon_core.verb:set package 'IOringbuffer' build argument 'cmake_clean_cache' from command line to 'False'
[0.618s] Level 5:colcon.colcon_core.verb:set package 'IOringbuffer' build argument 'cmake_clean_first' from command line to 'False'
[0.618s] Level 5:colcon.colcon_core.verb:set package 'IOringbuffer' build argument 'cmake_force_configure' from command line to 'False'
[0.618s] Level 5:colcon.colcon_core.verb:set package 'IOringbuffer' build argument 'ament_cmake_args' from command line to 'None'
[0.618s] Level 5:colcon.colcon_core.verb:set package 'IOringbuffer' build argument 'catkin_cmake_args' from command line to 'None'
[0.618s] Level 5:colcon.colcon_core.verb:set package 'IOringbuffer' build argument 'catkin_skip_building_tests' from command line to 'False'
[0.618s] DEBUG:colcon.colcon_core.verb:Building package 'IOringbuffer' with the following arguments: {'ament_cmake_args': None, 'build_base': '/home/unique/ros2_ws/ros_test/build/IOringbuffer', 'catkin_cmake_args': None, 'catkin_skip_building_tests': False, 'cmake_args': None, 'cmake_clean_cache': False, 'cmake_clean_first': False, 'cmake_force_configure': False, 'cmake_target': None, 'cmake_target_skip_unavailable': False, 'install_base': '/home/unique/ros2_ws/ros_test/install/IOringbuffer', 'merge_install': False, 'path': '/home/unique/ros2_ws/ros_test/src/IOringbuffer', 'symlink_install': False, 'test_result_base': None}
[0.618s] Level 5:colcon.colcon_core.verb:set package 'test_loopback' build argument 'cmake_args' from command line to 'None'
[0.618s] Level 5:colcon.colcon_core.verb:set package 'test_loopback' build argument 'cmake_target' from command line to 'None'
[0.618s] Level 5:colcon.colcon_core.verb:set package 'test_loopback' build argument 'cmake_target_skip_unavailable' from command line to 'False'
[0.618s] Level 5:colcon.colcon_core.verb:set package 'test_loopback' build argument 'cmake_clean_cache' from command line to 'False'
[0.618s] Level 5:colcon.colcon_core.verb:set package 'test_loopback' build argument 'cmake_clean_first' from command line to 'False'
[0.618s] Level 5:colcon.colcon_core.verb:set package 'test_loopback' build argument 'cmake_force_configure' from command line to 'False'
[0.618s] Level 5:colcon.colcon_core.verb:set package 'test_loopback' build argument 'ament_cmake_args' from command line to 'None'
[0.618s] Level 5:colcon.colcon_core.verb:set package 'test_loopback' build argument 'catkin_cmake_args' from command line to 'None'
[0.619s] Level 5:colcon.colcon_core.verb:set package 'test_loopback' build argument 'catkin_skip_building_tests' from command line to 'False'
[0.619s] DEBUG:colcon.colcon_core.verb:Building package 'test_loopback' with the following arguments: {'ament_cmake_args': None, 'build_base': '/home/unique/ros2_ws/ros_test/build/test_loopback', 'catkin_cmake_args': None, 'catkin_skip_building_tests': False, 'cmake_args': None, 'cmake_clean_cache': False, 'cmake_clean_first': False, 'cmake_force_configure': False, 'cmake_target': None, 'cmake_target_skip_unavailable': False, 'install_base': '/home/unique/ros2_ws/ros_test/install/test_loopback', 'merge_install': False, 'path': '/home/unique/ros2_ws/ros_test/src/test_loopback', 'symlink_install': False, 'test_result_base': None}
[0.619s] Level 5:colcon.colcon_core.verb:set package 'test_ringbuffer_loopback' build argument 'cmake_args' from command line to 'None'
[0.619s] Level 5:colcon.colcon_core.verb:set package 'test_ringbuffer_loopback' build argument 'cmake_target' from command line to 'None'
[0.619s] Level 5:colcon.colcon_core.verb:set package 'test_ringbuffer_loopback' build argument 'cmake_target_skip_unavailable' from command line to 'False'
[0.619s] Level 5:colcon.colcon_core.verb:set package 'test_ringbuffer_loopback' build argument 'cmake_clean_cache' from command line to 'False'
[0.619s] Level 5:colcon.colcon_core.verb:set package 'test_ringbuffer_loopback' build argument 'cmake_clean_first' from command line to 'False'
[0.619s] Level 5:colcon.colcon_core.verb:set package 'test_ringbuffer_loopback' build argument 'cmake_force_configure' from command line to 'False'
[0.619s] Level 5:colcon.colcon_core.verb:set package 'test_ringbuffer_loopback' build argument 'ament_cmake_args' from command line to 'None'
[0.619s] Level 5:colcon.colcon_core.verb:set package 'test_ringbuffer_loopback' build argument 'catkin_cmake_args' from command line to 'None'
[0.619s] Level 5:colcon.colcon_core.verb:set package 'test_ringbuffer_loopback' build argument 'catkin_skip_building_tests' from command line to 'False'
[0.619s] DEBUG:colcon.colcon_core.verb:Building package 'test_ringbuffer_loopback' with the following arguments: {'ament_cmake_args': None, 'build_base': '/home/unique/ros2_ws/ros_test/build/test_ringbuffer_loopback', 'catkin_cmake_args': None, 'catkin_skip_building_tests': False, 'cmake_args': None, 'cmake_clean_cache': False, 'cmake_clean_first': False, 'cmake_force_configure': False, 'cmake_target': None, 'cmake_target_skip_unavailable': False, 'install_base': '/home/unique/ros2_ws/ros_test/install/test_ringbuffer_loopback', 'merge_install': False, 'path': '/home/unique/ros2_ws/ros_test/src/test_ringbuffer_loopback', 'symlink_install': False, 'test_result_base': None}
[0.619s] INFO:colcon.colcon_core.executor:Executing jobs using 'parallel' executor
[0.620s] DEBUG:colcon.colcon_parallel_executor.executor.parallel:run_until_complete
[0.620s] INFO:colcon.colcon_ros.task.ament_cmake.build:Building ROS package in '/home/unique/ros2_ws/ros_test/src/main_interface' with build type 'ament_cmake'
[0.620s] INFO:colcon.colcon_cmake.task.cmake.build:Building CMake package in '/home/unique/ros2_ws/ros_test/src/main_interface'
[0.624s] INFO:colcon.colcon_core.plugin_system:Skipping extension 'colcon_core.shell.bat': Not used on non-Windows systems
[0.624s] INFO:colcon.colcon_core.shell:Skip shell extension 'powershell' for command environment: Not usable outside of PowerShell
[0.624s] DEBUG:colcon.colcon_core.shell:Skip shell extension 'dsv' for command environment
[0.629s] INFO:colcon.colcon_ros.task.ament_cmake.build:Building ROS package in '/home/unique/ros2_ws/ros_test/src/realtime_common' with build type 'ament_cmake'
[0.629s] INFO:colcon.colcon_cmake.task.cmake.build:Building CMake package in '/home/unique/ros2_ws/ros_test/src/realtime_common'
[0.630s] INFO:colcon.colcon_core.shell:Skip shell extension 'powershell' for command environment: Not usable outside of PowerShell
[0.630s] DEBUG:colcon.colcon_core.shell:Skip shell extension 'dsv' for command environment
[0.636s] INFO:colcon.colcon_ros.task.ament_cmake.build:Building ROS package in '/home/unique/ros2_ws/ros_test/src/realtime_launch' with build type 'ament_cmake'
[0.636s] INFO:colcon.colcon_cmake.task.cmake.build:Building CMake package in '/home/unique/ros2_ws/ros_test/src/realtime_launch'
[0.637s] INFO:colcon.colcon_core.shell:Skip shell extension 'powershell' for command environment: Not usable outside of PowerShell
[0.637s] DEBUG:colcon.colcon_core.shell:Skip shell extension 'dsv' for command environment
[0.648s] DEBUG:colcon.colcon_core.event_handler.log_command:Invoking command in '/home/unique/ros2_ws/ros_test/build/main_interface': CMAKE_PREFIX_PATH=${CMAKE_PREFIX_PATH}:/home/unique/ros2_ws/ros2_21_tutorials/install/learning_urdf:/home/unique/ros2_ws/ros2_21_tutorials/install/learning_topic:/home/unique/ros2_ws/ros2_21_tutorials/install/learning_tf:/home/unique/ros2_ws/ros2_21_tutorials/install/learning_service:/home/unique/ros2_ws/ros2_21_tutorials/install/learning_qos:/home/unique/ros2_ws/ros2_21_tutorials/install/learning_pkg_python:/home/unique/ros2_ws/ros2_21_tutorials/install/learning_parameter:/home/unique/ros2_ws/ros2_21_tutorials/install/learning_node:/home/unique/ros2_ws/ros2_21_tutorials/install/learning_launch:/home/unique/ros2_ws/ros2_21_tutorials/install/learning_action:/home/unique/ros2_ws/ros2_21_tutorials/install/learning_gazebo_harmonic:/home/unique/ros2_ws/ros2_21_tutorials/install/learning_gazebo:/home/unique/ros2_ws/ros2_21_tutorials/install/learning_cv:/opt/ros/humble /usr/bin/cmake --build /home/unique/ros2_ws/ros_test/build/main_interface -- -j8 -l8
[0.658s] DEBUG:colcon.colcon_core.event_handler.log_command:Invoking command in '/home/unique/ros2_ws/ros_test/build/realtime_common': CMAKE_PREFIX_PATH=${CMAKE_PREFIX_PATH}:/home/unique/ros2_ws/ros2_21_tutorials/install/learning_urdf:/home/unique/ros2_ws/ros2_21_tutorials/install/learning_topic:/home/unique/ros2_ws/ros2_21_tutorials/install/learning_tf:/home/unique/ros2_ws/ros2_21_tutorials/install/learning_service:/home/unique/ros2_ws/ros2_21_tutorials/install/learning_qos:/home/unique/ros2_ws/ros2_21_tutorials/install/learning_pkg_python:/home/unique/ros2_ws/ros2_21_tutorials/install/learning_parameter:/home/unique/ros2_ws/ros2_21_tutorials/install/learning_node:/home/unique/ros2_ws/ros2_21_tutorials/install/learning_launch:/home/unique/ros2_ws/ros2_21_tutorials/install/learning_action:/home/unique/ros2_ws/ros2_21_tutorials/install/learning_gazebo_harmonic:/home/unique/ros2_ws/ros2_21_tutorials/install/learning_gazebo:/home/unique/ros2_ws/ros2_21_tutorials/install/learning_cv:/opt/ros/humble /usr/bin/cmake --build /home/unique/ros2_ws/ros_test/build/realtime_common -- -j8 -l8
[0.663s] DEBUG:colcon.colcon_core.event_handler.log_command:Invoking command in '/home/unique/ros2_ws/ros_test/build/realtime_launch': CMAKE_PREFIX_PATH=${CMAKE_PREFIX_PATH}:/home/unique/ros2_ws/ros2_21_tutorials/install/learning_urdf:/home/unique/ros2_ws/ros2_21_tutorials/install/learning_topic:/home/unique/ros2_ws/ros2_21_tutorials/install/learning_tf:/home/unique/ros2_ws/ros2_21_tutorials/install/learning_service:/home/unique/ros2_ws/ros2_21_tutorials/install/learning_qos:/home/unique/ros2_ws/ros2_21_tutorials/install/learning_pkg_python:/home/unique/ros2_ws/ros2_21_tutorials/install/learning_parameter:/home/unique/ros2_ws/ros2_21_tutorials/install/learning_node:/home/unique/ros2_ws/ros2_21_tutorials/install/learning_launch:/home/unique/ros2_ws/ros2_21_tutorials/install/learning_action:/home/unique/ros2_ws/ros2_21_tutorials/install/learning_gazebo_harmonic:/home/unique/ros2_ws/ros2_21_tutorials/install/learning_gazebo:/home/unique/ros2_ws/ros2_21_tutorials/install/learning_cv:/opt/ros/humble /usr/bin/cmake --build /home/unique/ros2_ws/ros_test/build/realtime_launch -- -j8 -l8
[0.719s] DEBUG:colcon.colcon_core.event_handler.log_command:Invoked command in '/home/unique/ros2_ws/ros_test/build/realtime_common' returned '0': CMAKE_PREFIX_PATH=${CMAKE_PREFIX_PATH}:/home/unique/ros2_ws/ros2_21_tutorials/install/learning_urdf:/home/unique/ros2_ws/ros2_21_tutorials/install/learning_topic:/home/unique/ros2_ws/ros2_21_tutorials/install/learning_tf:/home/unique/ros2_ws/ros2_21_tutorials/install/learning_service:/home/unique/ros2_ws/ros2_21_tutorials/install/learning_qos:/home/unique/ros2_ws/ros2_21_tutorials/install/learning_pkg_python:/home/unique/ros2_ws/ros2_21_tutorials/install/learning_parameter:/home/unique/ros2_ws/ros2_21_tutorials/install/learning_node:/home/unique/ros2_ws/ros2_21_tutorials/install/learning_launch:/home/unique/ros2_ws/ros2_21_tutorials/install/learning_action:/home/unique/ros2_ws/ros2_21_tutorials/install/learning_gazebo_harmonic:/home/unique/ros2_ws/ros2_21_tutorials/install/learning_gazebo:/home/unique/ros2_ws/ros2_21_tutorials/install/learning_cv:/opt/ros/humble /usr/bin/cmake --build /home/unique/ros2_ws/ros_test/build/realtime_common -- -j8 -l8
[0.733s] DEBUG:colcon.colcon_core.event_handler.log_command:Invoking command in '/home/unique/ros2_ws/ros_test/build/realtime_common': CMAKE_PREFIX_PATH=${CMAKE_PREFIX_PATH}:/home/unique/ros2_ws/ros2_21_tutorials/install/learning_urdf:/home/unique/ros2_ws/ros2_21_tutorials/install/learning_topic:/home/unique/ros2_ws/ros2_21_tutorials/install/learning_tf:/home/unique/ros2_ws/ros2_21_tutorials/install/learning_service:/home/unique/ros2_ws/ros2_21_tutorials/install/learning_qos:/home/unique/ros2_ws/ros2_21_tutorials/install/learning_pkg_python:/home/unique/ros2_ws/ros2_21_tutorials/install/learning_parameter:/home/unique/ros2_ws/ros2_21_tutorials/install/learning_node:/home/unique/ros2_ws/ros2_21_tutorials/install/learning_launch:/home/unique/ros2_ws/ros2_21_tutorials/install/learning_action:/home/unique/ros2_ws/ros2_21_tutorials/install/learning_gazebo_harmonic:/home/unique/ros2_ws/ros2_21_tutorials/install/learning_gazebo:/home/unique/ros2_ws/ros2_21_tutorials/install/learning_cv:/opt/ros/humble /usr/bin/cmake --install /home/unique/ros2_ws/ros_test/build/realtime_common
[0.754s] Level 1:colcon.colcon_core.environment:create_environment_scripts_only(realtime_common)
[0.757s] Level 1:colcon.colcon_core.environment:checking '/home/unique/ros2_ws/ros_test/install/realtime_common' for CMake module files
[0.757s] Level 1:colcon.colcon_core.environment:checking '/home/unique/ros2_ws/ros_test/install/realtime_common' for CMake config files
[0.757s] Level 1:colcon.colcon_core.shell:create_environment_hook('realtime_common', 'cmake_prefix_path')
[0.758s] INFO:colcon.colcon_core.shell:Creating environment hook '/home/unique/ros2_ws/ros_test/install/realtime_common/share/realtime_common/hook/cmake_prefix_path.ps1'
[0.758s] DEBUG:colcon.colcon_core.event_handler.log_command:Invoked command in '/home/unique/ros2_ws/ros_test/build/realtime_common' returned '0': CMAKE_PREFIX_PATH=${CMAKE_PREFIX_PATH}:/home/unique/ros2_ws/ros2_21_tutorials/install/learning_urdf:/home/unique/ros2_ws/ros2_21_tutorials/install/learning_topic:/home/unique/ros2_ws/ros2_21_tutorials/install/learning_tf:/home/unique/ros2_ws/ros2_21_tutorials/install/learning_service:/home/unique/ros2_ws/ros2_21_tutorials/install/learning_qos:/home/unique/ros2_ws/ros2_21_tutorials/install/learning_pkg_python:/home/unique/ros2_ws/ros2_21_tutorials/install/learning_parameter:/home/unique/ros2_ws/ros2_21_tutorials/install/learning_node:/home/unique/ros2_ws/ros2_21_tutorials/install/learning_launch:/home/unique/ros2_ws/ros2_21_tutorials/install/learning_action:/home/unique/ros2_ws/ros2_21_tutorials/install/learning_gazebo_harmonic:/home/unique/ros2_ws/ros2_21_tutorials/install/learning_gazebo:/home/unique/ros2_ws/ros2_21_tutorials/install/learning_cv:/opt/ros/humble /usr/bin/cmake --install /home/unique/ros2_ws/ros_test/build/realtime_common
[0.759s] INFO:colcon.colcon_core.shell:Creating environment descriptor '/home/unique/ros2_ws/ros_test/install/realtime_common/share/realtime_common/hook/cmake_prefix_path.dsv'
[0.760s] INFO:colcon.colcon_core.shell:Creating environment hook '/home/unique/ros2_ws/ros_test/install/realtime_common/share/realtime_common/hook/cmake_prefix_path.sh'
[0.761s] Level 1:colcon.colcon_core.environment:checking '/home/unique/ros2_ws/ros_test/install/realtime_common/bin'
[0.761s] Level 1:colcon.colcon_core.environment:checking '/home/unique/ros2_ws/ros_test/install/realtime_common/lib/pkgconfig/realtime_common.pc'
[0.761s] Level 1:colcon.colcon_core.environment:checking '/home/unique/ros2_ws/ros_test/install/realtime_common/lib/python3.10/site-packages'
[0.761s] Level 1:colcon.colcon_core.environment:checking '/home/unique/ros2_ws/ros_test/install/realtime_common/bin'
[0.762s] INFO:colcon.colcon_core.shell:Creating package script '/home/unique/ros2_ws/ros_test/install/realtime_common/share/realtime_common/package.ps1'
[0.763s] INFO:colcon.colcon_core.shell:Creating package descriptor '/home/unique/ros2_ws/ros_test/install/realtime_common/share/realtime_common/package.dsv'
[0.763s] INFO:colcon.colcon_core.shell:Creating package script '/home/unique/ros2_ws/ros_test/install/realtime_common/share/realtime_common/package.sh'
[0.764s] INFO:colcon.colcon_core.shell:Creating package script '/home/unique/ros2_ws/ros_test/install/realtime_common/share/realtime_common/package.bash'
[0.765s] INFO:colcon.colcon_core.shell:Creating package script '/home/unique/ros2_ws/ros_test/install/realtime_common/share/realtime_common/package.zsh'
[0.766s] Level 1:colcon.colcon_core.environment:create_file_with_runtime_dependencies(/home/unique/ros2_ws/ros_test/install/realtime_common/share/colcon-core/packages/realtime_common)
[0.768s] Level 1:colcon.colcon_core.environment:create_environment_scripts_only(realtime_common)
[0.769s] Level 1:colcon.colcon_core.environment:checking '/home/unique/ros2_ws/ros_test/install/realtime_common' for CMake module files
[0.769s] Level 1:colcon.colcon_core.environment:checking '/home/unique/ros2_ws/ros_test/install/realtime_common' for CMake config files
[0.770s] Level 1:colcon.colcon_core.shell:create_environment_hook('realtime_common', 'cmake_prefix_path')
[0.770s] INFO:colcon.colcon_core.shell:Creating environment hook '/home/unique/ros2_ws/ros_test/install/realtime_common/share/realtime_common/hook/cmake_prefix_path.ps1'
[0.771s] INFO:colcon.colcon_core.shell:Creating environment descriptor '/home/unique/ros2_ws/ros_test/install/realtime_common/share/realtime_common/hook/cmake_prefix_path.dsv'
[0.771s] INFO:colcon.colcon_core.shell:Creating environment hook '/home/unique/ros2_ws/ros_test/install/realtime_common/share/realtime_common/hook/cmake_prefix_path.sh'
[0.775s] Level 1:colcon.colcon_core.environment:checking '/home/unique/ros2_ws/ros_test/install/realtime_common/bin'
[0.775s] Level 1:colcon.colcon_core.environment:checking '/home/unique/ros2_ws/ros_test/install/realtime_common/lib/pkgconfig/realtime_common.pc'
[0.776s] Level 1:colcon.colcon_core.environment:checking '/home/unique/ros2_ws/ros_test/install/realtime_common/lib/python3.10/site-packages'
[0.777s] Level 1:colcon.colcon_core.environment:checking '/home/unique/ros2_ws/ros_test/install/realtime_common/bin'
[0.777s] INFO:colcon.colcon_core.shell:Creating package script '/home/unique/ros2_ws/ros_test/install/realtime_common/share/realtime_common/package.ps1'
[0.777s] INFO:colcon.colcon_core.shell:Creating package descriptor '/home/unique/ros2_ws/ros_test/install/realtime_common/share/realtime_common/package.dsv'
[0.778s] INFO:colcon.colcon_core.shell:Creating package script '/home/unique/ros2_ws/ros_test/install/realtime_common/share/realtime_common/package.sh'
[0.778s] INFO:colcon.colcon_core.shell:Creating package script '/home/unique/ros2_ws/ros_test/install/realtime_common/share/realtime_common/package.bash'
[0.779s] INFO:colcon.colcon_core.shell:Creating package script '/home/unique/ros2_ws/ros_test/install/realtime_common/share/realtime_common/package.zsh'
[0.779s] Level 1:colcon.colcon_core.environment:create_file_with_runtime_dependencies(/home/unique/ros2_ws/ros_test/install/realtime_common/share/colcon-core/packages/realtime_common)
[1.064s] DEBUG:colcon.colcon_core.event_handler.log_command:Invoked command in '/home/unique/ros2_ws/ros_test/build/main_interface' returned '0': CMAKE_PREFIX_PATH=${CMAKE_PREFIX_PATH}:/home/unique/ros2_ws/ros2_21_tutorials/install/learning_urdf:/home/unique/ros2_ws/ros2_21_tutorials/install/learning_topic:/home/unique/ros2_ws/ros2_21_tutorials/install/learning_tf:/home/unique/ros2_ws/ros2_21_tutorials/install/learning_service:/home/unique/ros2_ws/ros2_21_tutorials/install/learning_qos:/home/unique/ros2_ws/ros2_21_tutorials/install/learning_pkg_python:/home/unique/ros2_ws/ros2_21_tutorials/install/learning_parameter:/home/unique/ros2_ws/ros2_21_tutorials/install/learning_node:/home/unique/ros2_ws/ros2_21_tutorials/install/learning_launch:/home/unique/ros2_ws/ros2_21_tutorials/install/learning_action:/home/unique/ros2_ws/ros2_21_tutorials/install/learning_gazebo_harmonic:/home/unique/ros2_ws/ros2_21_tutorials/install/learning_gazebo:/home/unique/ros2_ws/ros2_21_tutorials/install/learning_cv:/opt/ros/humble /usr/bin/cmake --build /home/unique/ros2_ws/ros_test/build/main_interface -- -j8 -l8
[1.066s] DEBUG:colcon.colcon_core.event_handler.log_command:Invoking command in '/home/unique/ros2_ws/ros_test/build/main_interface': CMAKE_PREFIX_PATH=${CMAKE_PREFIX_PATH}:/home/unique/ros2_ws/ros2_21_tutorials/install/learning_urdf:/home/unique/ros2_ws/ros2_21_tutorials/install/learning_topic:/home/unique/ros2_ws/ros2_21_tutorials/install/learning_tf:/home/unique/ros2_ws/ros2_21_tutorials/install/learning_service:/home/unique/ros2_ws/ros2_21_tutorials/install/learning_qos:/home/unique/ros2_ws/ros2_21_tutorials/install/learning_pkg_python:/home/unique/ros2_ws/ros2_21_tutorials/install/learning_parameter:/home/unique/ros2_ws/ros2_21_tutorials/install/learning_node:/home/unique/ros2_ws/ros2_21_tutorials/install/learning_launch:/home/unique/ros2_ws/ros2_21_tutorials/install/learning_action:/home/unique/ros2_ws/ros2_21_tutorials/install/learning_gazebo_harmonic:/home/unique/ros2_ws/ros2_21_tutorials/install/learning_gazebo:/home/unique/ros2_ws/ros2_21_tutorials/install/learning_cv:/opt/ros/humble /usr/bin/cmake --install /home/unique/ros2_ws/ros_test/build/main_interface
[1.073s] DEBUG:colcon.colcon_core.event_handler.log_command:Invoked command in '/home/unique/ros2_ws/ros_test/build/realtime_launch' returned '0': CMAKE_PREFIX_PATH=${CMAKE_PREFIX_PATH}:/home/unique/ros2_ws/ros2_21_tutorials/install/learning_urdf:/home/unique/ros2_ws/ros2_21_tutorials/install/learning_topic:/home/unique/ros2_ws/ros2_21_tutorials/install/learning_tf:/home/unique/ros2_ws/ros2_21_tutorials/install/learning_service:/home/unique/ros2_ws/ros2_21_tutorials/install/learning_qos:/home/unique/ros2_ws/ros2_21_tutorials/install/learning_pkg_python:/home/unique/ros2_ws/ros2_21_tutorials/install/learning_parameter:/home/unique/ros2_ws/ros2_21_tutorials/install/learning_node:/home/unique/ros2_ws/ros2_21_tutorials/install/learning_launch:/home/unique/ros2_ws/ros2_21_tutorials/install/learning_action:/home/unique/ros2_ws/ros2_21_tutorials/install/learning_gazebo_harmonic:/home/unique/ros2_ws/ros2_21_tutorials/install/learning_gazebo:/home/unique/ros2_ws/ros2_21_tutorials/install/learning_cv:/opt/ros/humble /usr/bin/cmake --build /home/unique/ros2_ws/ros_test/build/realtime_launch -- -j8 -l8
[1.076s] DEBUG:colcon.colcon_core.event_handler.log_command:Invoking command in '/home/unique/ros2_ws/ros_test/build/realtime_launch': CMAKE_PREFIX_PATH=${CMAKE_PREFIX_PATH}:/home/unique/ros2_ws/ros2_21_tutorials/install/learning_urdf:/home/unique/ros2_ws/ros2_21_tutorials/install/learning_topic:/home/unique/ros2_ws/ros2_21_tutorials/install/learning_tf:/home/unique/ros2_ws/ros2_21_tutorials/install/learning_service:/home/unique/ros2_ws/ros2_21_tutorials/install/learning_qos:/home/unique/ros2_ws/ros2_21_tutorials/install/learning_pkg_python:/home/unique/ros2_ws/ros2_21_tutorials/install/learning_parameter:/home/unique/ros2_ws/ros2_21_tutorials/install/learning_node:/home/unique/ros2_ws/ros2_21_tutorials/install/learning_launch:/home/unique/ros2_ws/ros2_21_tutorials/install/learning_action:/home/unique/ros2_ws/ros2_21_tutorials/install/learning_gazebo_harmonic:/home/unique/ros2_ws/ros2_21_tutorials/install/learning_gazebo:/home/unique/ros2_ws/ros2_21_tutorials/install/learning_cv:/opt/ros/humble /usr/bin/cmake --install /home/unique/ros2_ws/ros_test/build/realtime_launch
[1.092s] Level 1:colcon.colcon_core.environment:create_environment_scripts_only(realtime_launch)
[1.093s] Level 1:colcon.colcon_core.environment:checking '/home/unique/ros2_ws/ros_test/install/realtime_launch' for CMake module files
[1.093s] DEBUG:colcon.colcon_core.event_handler.log_command:Invoked command in '/home/unique/ros2_ws/ros_test/build/realtime_launch' returned '0': CMAKE_PREFIX_PATH=${CMAKE_PREFIX_PATH}:/home/unique/ros2_ws/ros2_21_tutorials/install/learning_urdf:/home/unique/ros2_ws/ros2_21_tutorials/install/learning_topic:/home/unique/ros2_ws/ros2_21_tutorials/install/learning_tf:/home/unique/ros2_ws/ros2_21_tutorials/install/learning_service:/home/unique/ros2_ws/ros2_21_tutorials/install/learning_qos:/home/unique/ros2_ws/ros2_21_tutorials/install/learning_pkg_python:/home/unique/ros2_ws/ros2_21_tutorials/install/learning_parameter:/home/unique/ros2_ws/ros2_21_tutorials/install/learning_node:/home/unique/ros2_ws/ros2_21_tutorials/install/learning_launch:/home/unique/ros2_ws/ros2_21_tutorials/install/learning_action:/home/unique/ros2_ws/ros2_21_tutorials/install/learning_gazebo_harmonic:/home/unique/ros2_ws/ros2_21_tutorials/install/learning_gazebo:/home/unique/ros2_ws/ros2_21_tutorials/install/learning_cv:/opt/ros/humble /usr/bin/cmake --install /home/unique/ros2_ws/ros_test/build/realtime_launch
[1.094s] Level 1:colcon.colcon_core.environment:checking '/home/unique/ros2_ws/ros_test/install/realtime_launch' for CMake config files
[1.094s] Level 1:colcon.colcon_core.shell:create_environment_hook('realtime_launch', 'cmake_prefix_path')
[1.094s] INFO:colcon.colcon_core.shell:Creating environment hook '/home/unique/ros2_ws/ros_test/install/realtime_launch/share/realtime_launch/hook/cmake_prefix_path.ps1'
[1.095s] INFO:colcon.colcon_core.shell:Creating environment descriptor '/home/unique/ros2_ws/ros_test/install/realtime_launch/share/realtime_launch/hook/cmake_prefix_path.dsv'
[1.095s] INFO:colcon.colcon_core.shell:Creating environment hook '/home/unique/ros2_ws/ros_test/install/realtime_launch/share/realtime_launch/hook/cmake_prefix_path.sh'
[1.095s] Level 1:colcon.colcon_core.environment:checking '/home/unique/ros2_ws/ros_test/install/realtime_launch/bin'
[1.095s] Level 1:colcon.colcon_core.environment:checking '/home/unique/ros2_ws/ros_test/install/realtime_launch/lib/pkgconfig/realtime_launch.pc'
[1.096s] Level 1:colcon.colcon_core.environment:checking '/home/unique/ros2_ws/ros_test/install/realtime_launch/lib/python3.10/site-packages'
[1.096s] Level 1:colcon.colcon_core.environment:checking '/home/unique/ros2_ws/ros_test/install/realtime_launch/bin'
[1.096s] INFO:colcon.colcon_core.shell:Creating package script '/home/unique/ros2_ws/ros_test/install/realtime_launch/share/realtime_launch/package.ps1'
[1.097s] INFO:colcon.colcon_core.shell:Creating package descriptor '/home/unique/ros2_ws/ros_test/install/realtime_launch/share/realtime_launch/package.dsv'
[1.097s] INFO:colcon.colcon_core.shell:Creating package script '/home/unique/ros2_ws/ros_test/install/realtime_launch/share/realtime_launch/package.sh'
[1.097s] INFO:colcon.colcon_core.shell:Creating package script '/home/unique/ros2_ws/ros_test/install/realtime_launch/share/realtime_launch/package.bash'
[1.097s] INFO:colcon.colcon_core.shell:Creating package script '/home/unique/ros2_ws/ros_test/install/realtime_launch/share/realtime_launch/package.zsh'
[1.098s] Level 1:colcon.colcon_core.environment:create_file_with_runtime_dependencies(/home/unique/ros2_ws/ros_test/install/realtime_launch/share/colcon-core/packages/realtime_launch)
[1.098s] Level 1:colcon.colcon_core.environment:create_environment_scripts_only(realtime_launch)
[1.098s] Level 1:colcon.colcon_core.environment:checking '/home/unique/ros2_ws/ros_test/install/realtime_launch' for CMake module files
[1.099s] Level 1:colcon.colcon_core.environment:checking '/home/unique/ros2_ws/ros_test/install/realtime_launch' for CMake config files
[1.099s] Level 1:colcon.colcon_core.shell:create_environment_hook('realtime_launch', 'cmake_prefix_path')
[1.099s] INFO:colcon.colcon_core.shell:Creating environment hook '/home/unique/ros2_ws/ros_test/install/realtime_launch/share/realtime_launch/hook/cmake_prefix_path.ps1'
[1.099s] INFO:colcon.colcon_core.shell:Creating environment descriptor '/home/unique/ros2_ws/ros_test/install/realtime_launch/share/realtime_launch/hook/cmake_prefix_path.dsv'
[1.100s] INFO:colcon.colcon_core.shell:Creating environment hook '/home/unique/ros2_ws/ros_test/install/realtime_launch/share/realtime_launch/hook/cmake_prefix_path.sh'
[1.100s] Level 1:colcon.colcon_core.environment:checking '/home/unique/ros2_ws/ros_test/install/realtime_launch/bin'
[1.100s] Level 1:colcon.colcon_core.environment:checking '/home/unique/ros2_ws/ros_test/install/realtime_launch/lib/pkgconfig/realtime_launch.pc'
[1.101s] Level 1:colcon.colcon_core.environment:checking '/home/unique/ros2_ws/ros_test/install/realtime_launch/lib/python3.10/site-packages'
[1.101s] Level 1:colcon.colcon_core.environment:checking '/home/unique/ros2_ws/ros_test/install/realtime_launch/bin'
[1.101s] INFO:colcon.colcon_core.shell:Creating package script '/home/unique/ros2_ws/ros_test/install/realtime_launch/share/realtime_launch/package.ps1'
[1.102s] INFO:colcon.colcon_core.shell:Creating package descriptor '/home/unique/ros2_ws/ros_test/install/realtime_launch/share/realtime_launch/package.dsv'
[1.102s] INFO:colcon.colcon_core.shell:Creating package script '/home/unique/ros2_ws/ros_test/install/realtime_launch/share/realtime_launch/package.sh'
[1.103s] INFO:colcon.colcon_core.shell:Creating package script '/home/unique/ros2_ws/ros_test/install/realtime_launch/share/realtime_launch/package.bash'
[1.103s] INFO:colcon.colcon_core.shell:Creating package script '/home/unique/ros2_ws/ros_test/install/realtime_launch/share/realtime_launch/package.zsh'
[1.103s] Level 1:colcon.colcon_core.environment:create_file_with_runtime_dependencies(/home/unique/ros2_ws/ros_test/install/realtime_launch/share/colcon-core/packages/realtime_launch)
[1.150s] Level 1:colcon.colcon_core.environment:create_environment_scripts_only(main_interface)
[1.151s] Level 1:colcon.colcon_core.environment:checking '/home/unique/ros2_ws/ros_test/install/main_interface' for CMake module files
[1.152s] DEBUG:colcon.colcon_core.event_handler.log_command:Invoked command in '/home/unique/ros2_ws/ros_test/build/main_interface' returned '0': CMAKE_PREFIX_PATH=${CMAKE_PREFIX_PATH}:/home/unique/ros2_ws/ros2_21_tutorials/install/learning_urdf:/home/unique/ros2_ws/ros2_21_tutorials/install/learning_topic:/home/unique/ros2_ws/ros2_21_tutorials/install/learning_tf:/home/unique/ros2_ws/ros2_21_tutorials/install/learning_service:/home/unique/ros2_ws/ros2_21_tutorials/install/learning_qos:/home/unique/ros2_ws/ros2_21_tutorials/install/learning_pkg_python:/home/unique/ros2_ws/ros2_21_tutorials/install/learning_parameter:/home/unique/ros2_ws/ros2_21_tutorials/install/learning_node:/home/unique/ros2_ws/ros2_21_tutorials/install/learning_launch:/home/unique/ros2_ws/ros2_21_tutorials/install/learning_action:/home/unique/ros2_ws/ros2_21_tutorials/install/learning_gazebo_harmonic:/home/unique/ros2_ws/ros2_21_tutorials/install/learning_gazebo:/home/unique/ros2_ws/ros2_21_tutorials/install/learning_cv:/opt/ros/humble /usr/bin/cmake --install /home/unique/ros2_ws/ros_test/build/main_interface
[1.153s] Level 1:colcon.colcon_core.environment:checking '/home/unique/ros2_ws/ros_test/install/main_interface' for CMake config files
[1.154s] Level 1:colcon.colcon_core.shell:create_environment_hook('main_interface', 'cmake_prefix_path')
[1.155s] INFO:colcon.colcon_core.shell:Creating environment hook '/home/unique/ros2_ws/ros_test/install/main_interface/share/main_interface/hook/cmake_prefix_path.ps1'
[1.155s] INFO:colcon.colcon_core.shell:Creating environment descriptor '/home/unique/ros2_ws/ros_test/install/main_interface/share/main_interface/hook/cmake_prefix_path.dsv'
[1.156s] INFO:colcon.colcon_core.shell:Creating environment hook '/home/unique/ros2_ws/ros_test/install/main_interface/share/main_interface/hook/cmake_prefix_path.sh'
[1.156s] Level 1:colcon.colcon_core.environment:checking '/home/unique/ros2_ws/ros_test/install/main_interface/lib'
[1.157s] Level 1:colcon.colcon_core.shell:create_environment_hook('main_interface', 'ld_library_path_lib')
[1.157s] INFO:colcon.colcon_core.shell:Creating environment hook '/home/unique/ros2_ws/ros_test/install/main_interface/share/main_interface/hook/ld_library_path_lib.ps1'
[1.157s] INFO:colcon.colcon_core.shell:Creating environment descriptor '/home/unique/ros2_ws/ros_test/install/main_interface/share/main_interface/hook/ld_library_path_lib.dsv'
[1.158s] INFO:colcon.colcon_core.shell:Creating environment hook '/home/unique/ros2_ws/ros_test/install/main_interface/share/main_interface/hook/ld_library_path_lib.sh'
[1.158s] Level 1:colcon.colcon_core.environment:checking '/home/unique/ros2_ws/ros_test/install/main_interface/bin'
[1.158s] Level 1:colcon.colcon_core.environment:checking '/home/unique/ros2_ws/ros_test/install/main_interface/lib/pkgconfig/main_interface.pc'
[1.158s] Level 1:colcon.colcon_core.environment:checking '/home/unique/ros2_ws/ros_test/install/main_interface/lib/python3.10/site-packages'
[1.159s] Level 1:colcon.colcon_core.environment:checking '/home/unique/ros2_ws/ros_test/install/main_interface/bin'
[1.159s] INFO:colcon.colcon_core.shell:Creating package script '/home/unique/ros2_ws/ros_test/install/main_interface/share/main_interface/package.ps1'
[1.160s] INFO:colcon.colcon_core.shell:Creating package descriptor '/home/unique/ros2_ws/ros_test/install/main_interface/share/main_interface/package.dsv'
[1.160s] INFO:colcon.colcon_core.shell:Creating package script '/home/unique/ros2_ws/ros_test/install/main_interface/share/main_interface/package.sh'
[1.161s] INFO:colcon.colcon_core.shell:Creating package script '/home/unique/ros2_ws/ros_test/install/main_interface/share/main_interface/package.bash'
[1.161s] INFO:colcon.colcon_core.shell:Creating package script '/home/unique/ros2_ws/ros_test/install/main_interface/share/main_interface/package.zsh'
[1.162s] Level 1:colcon.colcon_core.environment:create_file_with_runtime_dependencies(/home/unique/ros2_ws/ros_test/install/main_interface/share/colcon-core/packages/main_interface)
[1.163s] Level 1:colcon.colcon_core.environment:create_environment_scripts_only(main_interface)
[1.163s] Level 1:colcon.colcon_core.environment:checking '/home/unique/ros2_ws/ros_test/install/main_interface' for CMake module files
[1.163s] Level 1:colcon.colcon_core.environment:checking '/home/unique/ros2_ws/ros_test/install/main_interface' for CMake config files
[1.164s] Level 1:colcon.colcon_core.shell:create_environment_hook('main_interface', 'cmake_prefix_path')
[1.164s] INFO:colcon.colcon_core.shell:Creating environment hook '/home/unique/ros2_ws/ros_test/install/main_interface/share/main_interface/hook/cmake_prefix_path.ps1'
[1.165s] INFO:colcon.colcon_core.shell:Creating environment descriptor '/home/unique/ros2_ws/ros_test/install/main_interface/share/main_interface/hook/cmake_prefix_path.dsv'
[1.165s] INFO:colcon.colcon_core.shell:Creating environment hook '/home/unique/ros2_ws/ros_test/install/main_interface/share/main_interface/hook/cmake_prefix_path.sh'
[1.166s] Level 1:colcon.colcon_core.environment:checking '/home/unique/ros2_ws/ros_test/install/main_interface/lib'
[1.166s] Level 1:colcon.colcon_core.shell:create_environment_hook('main_interface', 'ld_library_path_lib')
[1.166s] INFO:colcon.colcon_core.shell:Creating environment hook '/home/unique/ros2_ws/ros_test/install/main_interface/share/main_interface/hook/ld_library_path_lib.ps1'
[1.166s] INFO:colcon.colcon_core.shell:Creating environment descriptor '/home/unique/ros2_ws/ros_test/install/main_interface/share/main_interface/hook/ld_library_path_lib.dsv'
[1.167s] INFO:colcon.colcon_core.shell:Creating environment hook '/home/unique/ros2_ws/ros_test/install/main_interface/share/main_interface/hook/ld_library_path_lib.sh'
[1.167s] Level 1:colcon.colcon_core.environment:checking '/home/unique/ros2_ws/ros_test/install/main_interface/bin'
[1.167s] Level 1:colcon.colcon_core.environment:checking '/home/unique/ros2_ws/ros_test/install/main_interface/lib/pkgconfig/main_interface.pc'
[1.167s] Level 1:colcon.colcon_core.environment:checking '/home/unique/ros2_ws/ros_test/install/main_interface/lib/python3.10/site-packages'
[1.168s] Level 1:colcon.colcon_core.environment:checking '/home/unique/ros2_ws/ros_test/install/main_interface/bin'
[1.168s] INFO:colcon.colcon_core.shell:Creating package script '/home/unique/ros2_ws/ros_test/install/main_interface/share/main_interface/package.ps1'
[1.168s] INFO:colcon.colcon_core.shell:Creating package descriptor '/home/unique/ros2_ws/ros_test/install/main_interface/share/main_interface/package.dsv'
[1.169s] INFO:colcon.colcon_core.shell:Creating package script '/home/unique/ros2_ws/ros_test/install/main_interface/share/main_interface/package.sh'
[1.169s] INFO:colcon.colcon_core.shell:Creating package script '/home/unique/ros2_ws/ros_test/install/main_interface/share/main_interface/package.bash'
[1.170s] INFO:colcon.colcon_core.shell:Creating package script '/home/unique/ros2_ws/ros_test/install/main_interface/share/main_interface/package.zsh'
[1.170s] Level 1:colcon.colcon_core.environment:create_file_with_runtime_dependencies(/home/unique/ros2_ws/ros_test/install/main_interface/share/colcon-core/packages/main_interface)
[1.170s] INFO:colcon.colcon_ros.task.ament_cmake.build:Building ROS package in '/home/unique/ros2_ws/ros_test/src/IOqueue' with build type 'ament_cmake'
[1.171s] INFO:colcon.colcon_cmake.task.cmake.build:Building CMake package in '/home/unique/ros2_ws/ros_test/src/IOqueue'
[1.171s] INFO:colcon.colcon_core.shell:Skip shell extension 'powershell' for command environment: Not usable outside of PowerShell
[1.171s] DEBUG:colcon.colcon_core.shell:Skip shell extension 'dsv' for command environment
[1.179s] INFO:colcon.colcon_ros.task.ament_cmake.build:Building ROS package in '/home/unique/ros2_ws/ros_test/src/IOringbuffer' with build type 'ament_cmake'
[1.180s] INFO:colcon.colcon_cmake.task.cmake.build:Building CMake package in '/home/unique/ros2_ws/ros_test/src/IOringbuffer'
[1.180s] INFO:colcon.colcon_core.shell:Skip shell extension 'powershell' for command environment: Not usable outside of PowerShell
[1.180s] DEBUG:colcon.colcon_core.shell:Skip shell extension 'dsv' for command environment
[1.186s] INFO:colcon.colcon_ros.task.ament_cmake.build:Building ROS package in '/home/unique/ros2_ws/ros_test/src/test_loopback' with build type 'ament_cmake'
[1.186s] INFO:colcon.colcon_cmake.task.cmake.build:Building CMake package in '/home/unique/ros2_ws/ros_test/src/test_loopback'
[1.186s] INFO:colcon.colcon_core.shell:Skip shell extension 'powershell' for command environment: Not usable outside of PowerShell
[1.187s] DEBUG:colcon.colcon_core.shell:Skip shell extension 'dsv' for command environment
[1.194s] INFO:colcon.colcon_ros.task.ament_cmake.build:Building ROS package in '/home/unique/ros2_ws/ros_test/src/test_ringbuffer_loopback' with build type 'ament_cmake'
[1.194s] INFO:colcon.colcon_cmake.task.cmake.build:Building CMake package in '/home/unique/ros2_ws/ros_test/src/test_ringbuffer_loopback'
[1.194s] INFO:colcon.colcon_core.shell:Skip shell extension 'powershell' for command environment: Not usable outside of PowerShell
[1.195s] DEBUG:colcon.colcon_core.shell:Skip shell extension 'dsv' for command environment
[1.422s] DEBUG:colcon.colcon_core.event_handler.log_command:Invoking command in '/home/unique/ros2_ws/ros_test/build/test_loopback': CMAKE_PREFIX_PATH=/home/unique/ros2_ws/ros_test/install/main_interface:/home/unique/ros2_ws/ros_test/install/test_ringbuffer_loopback:/home/unique/ros2_ws/ros_test/install/test_loopback:/home/unique/ros2_ws/ros_test/install/realtime_launch:/home/unique/ros2_ws/ros_test/install/IOringbuffer:/home/unique/ros2_ws/ros_test/install/IOqueue:/home/unique/ros2_ws/ros_test/install/realtime_common:/home/unique/ros2_ws/install/village_wang:/home/unique/ros2_ws/install/village_interface:/home/unique/ros2_ws/install/my_cpp_pkg:/home/unique/ros2_ws/ros2_21_tutorials/install/learning_topic_cpp:/home/unique/ros2_ws/ros2_21_tutorials/install/learning_tf_cpp:/home/unique/ros2_ws/ros2_21_tutorials/install/learning_service_cpp:/home/unique/ros2_ws/ros2_21_tutorials/install/learning_pkg_c:/home/unique/ros2_ws/ros2_21_tutorials/install/learning_parameter_cpp:/home/unique/ros2_ws/ros2_21_tutorials/install/learning_node_cpp:/home/unique/ros2_ws/ros2_21_tutorials/install/learning_action_cpp:/home/unique/ros2_ws/ros2_21_tutorials/install/learning_interface:/home/unique/ros2_ws/ros2_21_tutorials/install/learning_urdf:/home/unique/ros2_ws/ros2_21_tutorials/install/learning_topic:/home/unique/ros2_ws/ros2_21_tutorials/install/learning_tf:/home/unique/ros2_ws/ros2_21_tutorials/install/learning_service:/home/unique/ros2_ws/ros2_21_tutorials/install/learning_qos:/home/unique/ros2_ws/ros2_21_tutorials/install/learning_pkg_python:/home/unique/ros2_ws/ros2_21_tutorials/install/learning_parameter:/home/unique/ros2_ws/ros2_21_tutorials/install/learning_node:/home/unique/ros2_ws/ros2_21_tutorials/install/learning_launch:/home/unique/ros2_ws/ros2_21_tutorials/install/learning_action:/home/unique/ros2_ws/ros2_21_tutorials/install/learning_gazebo_harmonic:/home/unique/ros2_ws/ros2_21_tutorials/install/learning_gazebo:/home/unique/ros2_ws/ros2_21_tutorials/install/learning_cv:/opt/ros/humble LD_LIBRARY_PATH=/home/unique/ros2_ws/ros_test/install/main_interface/lib:/home/unique/ros2_ws/ros_test/install/test_ringbuffer_loopback/lib:/home/unique/ros2_ws/ros_test/install/test_loopback/lib:/home/unique/ros2_ws/ros_test/install/IOringbuffer/lib:/home/unique/ros2_ws/ros_test/install/IOqueue/lib:/home/unique/ros2_ws/install/village_interface/lib:/home/unique/ros2_ws/ros2_21_tutorials/install/learning_interface/lib:/opt/ros/humble/opt/rviz_ogre_vendor/lib:/opt/ros/humble/lib/x86_64-linux-gnu:/opt/ros/humble/lib /usr/bin/cmake --build /home/unique/ros2_ws/ros_test/build/test_loopback -- -j8 -l8
[1.427s] DEBUG:colcon.colcon_core.event_handler.log_command:Invoking command in '/home/unique/ros2_ws/ros_test/build/test_ringbuffer_loopback': CMAKE_PREFIX_PATH=/home/unique/ros2_ws/ros_test/install/main_interface:/home/unique/ros2_ws/ros_test/install/test_ringbuffer_loopback:/home/unique/ros2_ws/ros_test/install/test_loopback:/home/unique/ros2_ws/ros_test/install/realtime_launch:/home/unique/ros2_ws/ros_test/install/IOringbuffer:/home/unique/ros2_ws/ros_test/install/IOqueue:/home/unique/ros2_ws/ros_test/install/realtime_common:/home/unique/ros2_ws/install/village_wang:/home/unique/ros2_ws/install/village_interface:/home/unique/ros2_ws/install/my_cpp_pkg:/home/unique/ros2_ws/ros2_21_tutorials/install/learning_topic_cpp:/home/unique/ros2_ws/ros2_21_tutorials/install/learning_tf_cpp:/home/unique/ros2_ws/ros2_21_tutorials/install/learning_service_cpp:/home/unique/ros2_ws/ros2_21_tutorials/install/learning_pkg_c:/home/unique/ros2_ws/ros2_21_tutorials/install/learning_parameter_cpp:/home/unique/ros2_ws/ros2_21_tutorials/install/learning_node_cpp:/home/unique/ros2_ws/ros2_21_tutorials/install/learning_action_cpp:/home/unique/ros2_ws/ros2_21_tutorials/install/learning_interface:/home/unique/ros2_ws/ros2_21_tutorials/install/learning_urdf:/home/unique/ros2_ws/ros2_21_tutorials/install/learning_topic:/home/unique/ros2_ws/ros2_21_tutorials/install/learning_tf:/home/unique/ros2_ws/ros2_21_tutorials/install/learning_service:/home/unique/ros2_ws/ros2_21_tutorials/install/learning_qos:/home/unique/ros2_ws/ros2_21_tutorials/install/learning_pkg_python:/home/unique/ros2_ws/ros2_21_tutorials/install/learning_parameter:/home/unique/ros2_ws/ros2_21_tutorials/install/learning_node:/home/unique/ros2_ws/ros2_21_tutorials/install/learning_launch:/home/unique/ros2_ws/ros2_21_tutorials/install/learning_action:/home/unique/ros2_ws/ros2_21_tutorials/install/learning_gazebo_harmonic:/home/unique/ros2_ws/ros2_21_tutorials/install/learning_gazebo:/home/unique/ros2_ws/ros2_21_tutorials/install/learning_cv:/opt/ros/humble LD_LIBRARY_PATH=/home/unique/ros2_ws/ros_test/install/main_interface/lib:/home/unique/ros2_ws/ros_test/install/test_ringbuffer_loopback/lib:/home/unique/ros2_ws/ros_test/install/test_loopback/lib:/home/unique/ros2_ws/ros_test/install/IOringbuffer/lib:/home/unique/ros2_ws/ros_test/install/IOqueue/lib:/home/unique/ros2_ws/install/village_interface/lib:/home/unique/ros2_ws/ros2_21_tutorials/install/learning_interface/lib:/opt/ros/humble/opt/rviz_ogre_vendor/lib:/opt/ros/humble/lib/x86_64-linux-gnu:/opt/ros/humble/lib /usr/bin/cmake --build /home/unique/ros2_ws/ros_test/build/test_ringbuffer_loopback -- -j8 -l8
[1.508s] DEBUG:colcon.colcon_core.event_handler.log_command:Invoking command in '/home/unique/ros2_ws/ros_test/build/IOqueue': CMAKE_PREFIX_PATH=/home/unique/ros2_ws/ros_test/install/realtime_common:/home/unique/ros2_ws/ros_test/install/main_interface:/home/unique/ros2_ws/ros_test/install/test_ringbuffer_loopback:/home/unique/ros2_ws/ros_test/install/test_loopback:/home/unique/ros2_ws/ros_test/install/realtime_launch:/home/unique/ros2_ws/ros_test/install/IOringbuffer:/home/unique/ros2_ws/ros_test/install/IOqueue:/home/unique/ros2_ws/install/village_wang:/home/unique/ros2_ws/install/village_interface:/home/unique/ros2_ws/install/my_cpp_pkg:/home/unique/ros2_ws/ros2_21_tutorials/install/learning_topic_cpp:/home/unique/ros2_ws/ros2_21_tutorials/install/learning_tf_cpp:/home/unique/ros2_ws/ros2_21_tutorials/install/learning_service_cpp:/home/unique/ros2_ws/ros2_21_tutorials/install/learning_pkg_c:/home/unique/ros2_ws/ros2_21_tutorials/install/learning_parameter_cpp:/home/unique/ros2_ws/ros2_21_tutorials/install/learning_node_cpp:/home/unique/ros2_ws/ros2_21_tutorials/install/learning_action_cpp:/home/unique/ros2_ws/ros2_21_tutorials/install/learning_interface:/home/unique/ros2_ws/ros2_21_tutorials/install/learning_urdf:/home/unique/ros2_ws/ros2_21_tutorials/install/learning_topic:/home/unique/ros2_ws/ros2_21_tutorials/install/learning_tf:/home/unique/ros2_ws/ros2_21_tutorials/install/learning_service:/home/unique/ros2_ws/ros2_21_tutorials/install/learning_qos:/home/unique/ros2_ws/ros2_21_tutorials/install/learning_pkg_python:/home/unique/ros2_ws/ros2_21_tutorials/install/learning_parameter:/home/unique/ros2_ws/ros2_21_tutorials/install/learning_node:/home/unique/ros2_ws/ros2_21_tutorials/install/learning_launch:/home/unique/ros2_ws/ros2_21_tutorials/install/learning_action:/home/unique/ros2_ws/ros2_21_tutorials/install/learning_gazebo_harmonic:/home/unique/ros2_ws/ros2_21_tutorials/install/learning_gazebo:/home/unique/ros2_ws/ros2_21_tutorials/install/learning_cv:/opt/ros/humble LD_LIBRARY_PATH=/home/unique/ros2_ws/ros_test/install/main_interface/lib:/home/unique/ros2_ws/ros_test/install/test_ringbuffer_loopback/lib:/home/unique/ros2_ws/ros_test/install/test_loopback/lib:/home/unique/ros2_ws/ros_test/install/IOringbuffer/lib:/home/unique/ros2_ws/ros_test/install/IOqueue/lib:/home/unique/ros2_ws/install/village_interface/lib:/home/unique/ros2_ws/ros2_21_tutorials/install/learning_interface/lib:/opt/ros/humble/opt/rviz_ogre_vendor/lib:/opt/ros/humble/lib/x86_64-linux-gnu:/opt/ros/humble/lib /usr/bin/cmake --build /home/unique/ros2_ws/ros_test/build/IOqueue -- -j8 -l8
[1.513s] DEBUG:colcon.colcon_core.event_handler.log_command:Invoking command in '/home/unique/ros2_ws/ros_test/build/IOringbuffer': CMAKE_PREFIX_PATH=/home/unique/ros2_ws/ros_test/install/realtime_common:/home/unique/ros2_ws/ros_test/install/main_interface:/home/unique/ros2_ws/ros_test/install/test_ringbuffer_loopback:/home/unique/ros2_ws/ros_test/install/test_loopback:/home/unique/ros2_ws/ros_test/install/realtime_launch:/home/unique/ros2_ws/ros_test/install/IOringbuffer:/home/unique/ros2_ws/ros_test/install/IOqueue:/home/unique/ros2_ws/install/village_wang:/home/unique/ros2_ws/install/village_interface:/home/unique/ros2_ws/install/my_cpp_pkg:/home/unique/ros2_ws/ros2_21_tutorials/install/learning_topic_cpp:/home/unique/ros2_ws/ros2_21_tutorials/install/learning_tf_cpp:/home/unique/ros2_ws/ros2_21_tutorials/install/learning_service_cpp:/home/unique/ros2_ws/ros2_21_tutorials/install/learning_pkg_c:/home/unique/ros2_ws/ros2_21_tutorials/install/learning_parameter_cpp:/home/unique/ros2_ws/ros2_21_tutorials/install/learning_node_cpp:/home/unique/ros2_ws/ros2_21_tutorials/install/learning_action_cpp:/home/unique/ros2_ws/ros2_21_tutorials/install/learning_interface:/home/unique/ros2_ws/ros2_21_tutorials/install/learning_urdf:/home/unique/ros2_ws/ros2_21_tutorials/install/learning_topic:/home/unique/ros2_ws/ros2_21_tutorials/install/learning_tf:/home/unique/ros2_ws/ros2_21_tutorials/install/learning_service:/home/unique/ros2_ws/ros2_21_tutorials/install/learning_qos:/home/unique/ros2_ws/ros2_21_tutorials/install/learning_pkg_python:/home/unique/ros2_ws/ros2_21_tutorials/install/learning_parameter:/home/unique/ros2_ws/ros2_21_tutorials/install/learning_node:/home/unique/ros2_ws/ros2_21_tutorials/install/learning_launch:/home/unique/ros2_ws/ros2_21_tutorials/install/learning_action:/home/unique/ros2_ws/ros2_21_tutorials/install/learning_gazebo_harmonic:/home/unique/ros2_ws/ros2_21_tutorials/install/learning_gazebo:/home/unique/ros2_ws/ros2_21_tutorials/install/learning_cv:/opt/ros/humble LD_LIBRARY_PATH=/home/unique/ros2_ws/ros_test/install/main_interface/lib:/home/unique/ros2_ws/ros_test/install/test_ringbuffer_loopback/lib:/home/unique/ros2_ws/ros_test/install/test_loopback/lib:/home/unique/ros2_ws/ros_test/install/IOringbuffer/lib:/home/unique/ros2_ws/ros_test/install/IOqueue/lib:/home/unique/ros2_ws/install/village_interface/lib:/home/unique/ros2_ws/ros2_21_tutorials/install/learning_interface/lib:/opt/ros/humble/opt/rviz_ogre_vendor/lib:/opt/ros/humble/lib/x86_64-linux-gnu:/opt/ros/humble/lib /usr/bin/cmake --build /home/unique/ros2_ws/ros_test/build/IOringbuffer -- -j8 -l8
[1.514s] DEBUG:colcon.colcon_core.event_handler.log_command:Invoked command in '/home/unique/ros2_ws/ros_test/build/test_loopback' returned '0': CMAKE_PREFIX_PATH=/home/unique/ros2_ws/ros_test/install/main_interface:/home/unique/ros2_ws/ros_test/install/test_ringbuffer_loopback:/home/unique/ros2_ws/ros_test/install/test_loopback:/home/unique/ros2_ws/ros_test/install/realtime_launch:/home/unique/ros2_ws/ros_test/install/IOringbuffer:/home/unique/ros2_ws/ros_test/install/IOqueue:/home/unique/ros2_ws/ros_test/install/realtime_common:/home/unique/ros2_ws/install/village_wang:/home/unique/ros2_ws/install/village_interface:/home/unique/ros2_ws/install/my_cpp_pkg:/home/unique/ros2_ws/ros2_21_tutorials/install/learning_topic_cpp:/home/unique/ros2_ws/ros2_21_tutorials/install/learning_tf_cpp:/home/unique/ros2_ws/ros2_21_tutorials/install/learning_service_cpp:/home/unique/ros2_ws/ros2_21_tutorials/install/learning_pkg_c:/home/unique/ros2_ws/ros2_21_tutorials/install/learning_parameter_cpp:/home/unique/ros2_ws/ros2_21_tutorials/install/learning_node_cpp:/home/unique/ros2_ws/ros2_21_tutorials/install/learning_action_cpp:/home/unique/ros2_ws/ros2_21_tutorials/install/learning_interface:/home/unique/ros2_ws/ros2_21_tutorials/install/learning_urdf:/home/unique/ros2_ws/ros2_21_tutorials/install/learning_topic:/home/unique/ros2_ws/ros2_21_tutorials/install/learning_tf:/home/unique/ros2_ws/ros2_21_tutorials/install/learning_service:/home/unique/ros2_ws/ros2_21_tutorials/install/learning_qos:/home/unique/ros2_ws/ros2_21_tutorials/install/learning_pkg_python:/home/unique/ros2_ws/ros2_21_tutorials/install/learning_parameter:/home/unique/ros2_ws/ros2_21_tutorials/install/learning_node:/home/unique/ros2_ws/ros2_21_tutorials/install/learning_launch:/home/unique/ros2_ws/ros2_21_tutorials/install/learning_action:/home/unique/ros2_ws/ros2_21_tutorials/install/learning_gazebo_harmonic:/home/unique/ros2_ws/ros2_21_tutorials/install/learning_gazebo:/home/unique/ros2_ws/ros2_21_tutorials/install/learning_cv:/opt/ros/humble LD_LIBRARY_PATH=/home/unique/ros2_ws/ros_test/install/main_interface/lib:/home/unique/ros2_ws/ros_test/install/test_ringbuffer_loopback/lib:/home/unique/ros2_ws/ros_test/install/test_loopback/lib:/home/unique/ros2_ws/ros_test/install/IOringbuffer/lib:/home/unique/ros2_ws/ros_test/install/IOqueue/lib:/home/unique/ros2_ws/install/village_interface/lib:/home/unique/ros2_ws/ros2_21_tutorials/install/learning_interface/lib:/opt/ros/humble/opt/rviz_ogre_vendor/lib:/opt/ros/humble/lib/x86_64-linux-gnu:/opt/ros/humble/lib /usr/bin/cmake --build /home/unique/ros2_ws/ros_test/build/test_loopback -- -j8 -l8
[1.517s] DEBUG:colcon.colcon_core.event_handler.log_command:Invoking command in '/home/unique/ros2_ws/ros_test/build/test_loopback': CMAKE_PREFIX_PATH=/home/unique/ros2_ws/ros_test/install/main_interface:/home/unique/ros2_ws/ros_test/install/test_ringbuffer_loopback:/home/unique/ros2_ws/ros_test/install/test_loopback:/home/unique/ros2_ws/ros_test/install/realtime_launch:/home/unique/ros2_ws/ros_test/install/IOringbuffer:/home/unique/ros2_ws/ros_test/install/IOqueue:/home/unique/ros2_ws/ros_test/install/realtime_common:/home/unique/ros2_ws/install/village_wang:/home/unique/ros2_ws/install/village_interface:/home/unique/ros2_ws/install/my_cpp_pkg:/home/unique/ros2_ws/ros2_21_tutorials/install/learning_topic_cpp:/home/unique/ros2_ws/ros2_21_tutorials/install/learning_tf_cpp:/home/unique/ros2_ws/ros2_21_tutorials/install/learning_service_cpp:/home/unique/ros2_ws/ros2_21_tutorials/install/learning_pkg_c:/home/unique/ros2_ws/ros2_21_tutorials/install/learning_parameter_cpp:/home/unique/ros2_ws/ros2_21_tutorials/install/learning_node_cpp:/home/unique/ros2_ws/ros2_21_tutorials/install/learning_action_cpp:/home/unique/ros2_ws/ros2_21_tutorials/install/learning_interface:/home/unique/ros2_ws/ros2_21_tutorials/install/learning_urdf:/home/unique/ros2_ws/ros2_21_tutorials/install/learning_topic:/home/unique/ros2_ws/ros2_21_tutorials/install/learning_tf:/home/unique/ros2_ws/ros2_21_tutorials/install/learning_service:/home/unique/ros2_ws/ros2_21_tutorials/install/learning_qos:/home/unique/ros2_ws/ros2_21_tutorials/install/learning_pkg_python:/home/unique/ros2_ws/ros2_21_tutorials/install/learning_parameter:/home/unique/ros2_ws/ros2_21_tutorials/install/learning_node:/home/unique/ros2_ws/ros2_21_tutorials/install/learning_launch:/home/unique/ros2_ws/ros2_21_tutorials/install/learning_action:/home/unique/ros2_ws/ros2_21_tutorials/install/learning_gazebo_harmonic:/home/unique/ros2_ws/ros2_21_tutorials/install/learning_gazebo:/home/unique/ros2_ws/ros2_21_tutorials/install/learning_cv:/opt/ros/humble LD_LIBRARY_PATH=/home/unique/ros2_ws/ros_test/install/main_interface/lib:/home/unique/ros2_ws/ros_test/install/test_ringbuffer_loopback/lib:/home/unique/ros2_ws/ros_test/install/test_loopback/lib:/home/unique/ros2_ws/ros_test/install/IOringbuffer/lib:/home/unique/ros2_ws/ros_test/install/IOqueue/lib:/home/unique/ros2_ws/install/village_interface/lib:/home/unique/ros2_ws/ros2_21_tutorials/install/learning_interface/lib:/opt/ros/humble/opt/rviz_ogre_vendor/lib:/opt/ros/humble/lib/x86_64-linux-gnu:/opt/ros/humble/lib /usr/bin/cmake --install /home/unique/ros2_ws/ros_test/build/test_loopback
[1.518s] DEBUG:colcon.colcon_core.event_handler.log_command:Invoked command in '/home/unique/ros2_ws/ros_test/build/test_ringbuffer_loopback' returned '0': CMAKE_PREFIX_PATH=/home/unique/ros2_ws/ros_test/install/main_interface:/home/unique/ros2_ws/ros_test/install/test_ringbuffer_loopback:/home/unique/ros2_ws/ros_test/install/test_loopback:/home/unique/ros2_ws/ros_test/install/realtime_launch:/home/unique/ros2_ws/ros_test/install/IOringbuffer:/home/unique/ros2_ws/ros_test/install/IOqueue:/home/unique/ros2_ws/ros_test/install/realtime_common:/home/unique/ros2_ws/install/village_wang:/home/unique/ros2_ws/install/village_interface:/home/unique/ros2_ws/install/my_cpp_pkg:/home/unique/ros2_ws/ros2_21_tutorials/install/learning_topic_cpp:/home/unique/ros2_ws/ros2_21_tutorials/install/learning_tf_cpp:/home/unique/ros2_ws/ros2_21_tutorials/install/learning_service_cpp:/home/unique/ros2_ws/ros2_21_tutorials/install/learning_pkg_c:/home/unique/ros2_ws/ros2_21_tutorials/install/learning_parameter_cpp:/home/unique/ros2_ws/ros2_21_tutorials/install/learning_node_cpp:/home/unique/ros2_ws/ros2_21_tutorials/install/learning_action_cpp:/home/unique/ros2_ws/ros2_21_tutorials/install/learning_interface:/home/unique/ros2_ws/ros2_21_tutorials/install/learning_urdf:/home/unique/ros2_ws/ros2_21_tutorials/install/learning_topic:/home/unique/ros2_ws/ros2_21_tutorials/install/learning_tf:/home/unique/ros2_ws/ros2_21_tutorials/install/learning_service:/home/unique/ros2_ws/ros2_21_tutorials/install/learning_qos:/home/unique/ros2_ws/ros2_21_tutorials/install/learning_pkg_python:/home/unique/ros2_ws/ros2_21_tutorials/install/learning_parameter:/home/unique/ros2_ws/ros2_21_tutorials/install/learning_node:/home/unique/ros2_ws/ros2_21_tutorials/install/learning_launch:/home/unique/ros2_ws/ros2_21_tutorials/install/learning_action:/home/unique/ros2_ws/ros2_21_tutorials/install/learning_gazebo_harmonic:/home/unique/ros2_ws/ros2_21_tutorials/install/learning_gazebo:/home/unique/ros2_ws/ros2_21_tutorials/install/learning_cv:/opt/ros/humble LD_LIBRARY_PATH=/home/unique/ros2_ws/ros_test/install/main_interface/lib:/home/unique/ros2_ws/ros_test/install/test_ringbuffer_loopback/lib:/home/unique/ros2_ws/ros_test/install/test_loopback/lib:/home/unique/ros2_ws/ros_test/install/IOringbuffer/lib:/home/unique/ros2_ws/ros_test/install/IOqueue/lib:/home/unique/ros2_ws/install/village_interface/lib:/home/unique/ros2_ws/ros2_21_tutorials/install/learning_interface/lib:/opt/ros/humble/opt/rviz_ogre_vendor/lib:/opt/ros/humble/lib/x86_64-linux-gnu:/opt/ros/humble/lib /usr/bin/cmake --build /home/unique/ros2_ws/ros_test/build/test_ringbuffer_loopback -- -j8 -l8
[1.520s] DEBUG:colcon.colcon_core.event_handler.log_command:Invoking command in '/home/unique/ros2_ws/ros_test/build/test_ringbuffer_loopback': CMAKE_PREFIX_PATH=/home/unique/ros2_ws/ros_test/install/main_interface:/home/unique/ros2_ws/ros_test/install/test_ringbuffer_loopback:/home/unique/ros2_ws/ros_test/install/test_loopback:/home/unique/ros2_ws/ros_test/install/realtime_launch:/home/unique/ros2_ws/ros_test/install/IOringbuffer:/home/unique/ros2_ws/ros_test/install/IOqueue:/home/unique/ros2_ws/ros_test/install/realtime_common:/home/unique/ros2_ws/install/village_wang:/home/unique/ros2_ws/install/village_interface:/home/unique/ros2_ws/install/my_cpp_pkg:/home/unique/ros2_ws/ros2_21_tutorials/install/learning_topic_cpp:/home/unique/ros2_ws/ros2_21_tutorials/install/learning_tf_cpp:/home/unique/ros2_ws/ros2_21_tutorials/install/learning_service_cpp:/home/unique/ros2_ws/ros2_21_tutorials/install/learning_pkg_c:/home/unique/ros2_ws/ros2_21_tutorials/install/learning_parameter_cpp:/home/unique/ros2_ws/ros2_21_tutorials/install/learning_node_cpp:/home/unique/ros2_ws/ros2_21_tutorials/install/learning_action_cpp:/home/unique/ros2_ws/ros2_21_tutorials/install/learning_interface:/home/unique/ros2_ws/ros2_21_tutorials/install/learning_urdf:/home/unique/ros2_ws/ros2_21_tutorials/install/learning_topic:/home/unique/ros2_ws/ros2_21_tutorials/install/learning_tf:/home/unique/ros2_ws/ros2_21_tutorials/install/learning_service:/home/unique/ros2_ws/ros2_21_tutorials/install/learning_qos:/home/unique/ros2_ws/ros2_21_tutorials/install/learning_pkg_python:/home/unique/ros2_ws/ros2_21_tutorials/install/learning_parameter:/home/unique/ros2_ws/ros2_21_tutorials/install/learning_node:/home/unique/ros2_ws/ros2_21_tutorials/install/learning_launch:/home/unique/ros2_ws/ros2_21_tutorials/install/learning_action:/home/unique/ros2_ws/ros2_21_tutorials/install/learning_gazebo_harmonic:/home/unique/ros2_ws/ros2_21_tutorials/install/learning_gazebo:/home/unique/ros2_ws/ros2_21_tutorials/install/learning_cv:/opt/ros/humble LD_LIBRARY_PATH=/home/unique/ros2_ws/ros_test/install/main_interface/lib:/home/unique/ros2_ws/ros_test/install/test_ringbuffer_loopback/lib:/home/unique/ros2_ws/ros_test/install/test_loopback/lib:/home/unique/ros2_ws/ros_test/install/IOringbuffer/lib:/home/unique/ros2_ws/ros_test/install/IOqueue/lib:/home/unique/ros2_ws/install/village_interface/lib:/home/unique/ros2_ws/ros2_21_tutorials/install/learning_interface/lib:/opt/ros/humble/opt/rviz_ogre_vendor/lib:/opt/ros/humble/lib/x86_64-linux-gnu:/opt/ros/humble/lib /usr/bin/cmake --install /home/unique/ros2_ws/ros_test/build/test_ringbuffer_loopback
[1.531s] Level 1:colcon.colcon_core.environment:create_environment_scripts_only(test_loopback)
[1.531s] Level 1:colcon.colcon_core.environment:checking '/home/unique/ros2_ws/ros_test/install/test_loopback' for CMake module files
[1.535s] DEBUG:colcon.colcon_core.event_handler.log_command:Invoked command in '/home/unique/ros2_ws/ros_test/build/test_loopback' returned '0': CMAKE_PREFIX_PATH=/home/unique/ros2_ws/ros_test/install/main_interface:/home/unique/ros2_ws/ros_test/install/test_ringbuffer_loopback:/home/unique/ros2_ws/ros_test/install/test_loopback:/home/unique/ros2_ws/ros_test/install/realtime_launch:/home/unique/ros2_ws/ros_test/install/IOringbuffer:/home/unique/ros2_ws/ros_test/install/IOqueue:/home/unique/ros2_ws/ros_test/install/realtime_common:/home/unique/ros2_ws/install/village_wang:/home/unique/ros2_ws/install/village_interface:/home/unique/ros2_ws/install/my_cpp_pkg:/home/unique/ros2_ws/ros2_21_tutorials/install/learning_topic_cpp:/home/unique/ros2_ws/ros2_21_tutorials/install/learning_tf_cpp:/home/unique/ros2_ws/ros2_21_tutorials/install/learning_service_cpp:/home/unique/ros2_ws/ros2_21_tutorials/install/learning_pkg_c:/home/unique/ros2_ws/ros2_21_tutorials/install/learning_parameter_cpp:/home/unique/ros2_ws/ros2_21_tutorials/install/learning_node_cpp:/home/unique/ros2_ws/ros2_21_tutorials/install/learning_action_cpp:/home/unique/ros2_ws/ros2_21_tutorials/install/learning_interface:/home/unique/ros2_ws/ros2_21_tutorials/install/learning_urdf:/home/unique/ros2_ws/ros2_21_tutorials/install/learning_topic:/home/unique/ros2_ws/ros2_21_tutorials/install/learning_tf:/home/unique/ros2_ws/ros2_21_tutorials/install/learning_service:/home/unique/ros2_ws/ros2_21_tutorials/install/learning_qos:/home/unique/ros2_ws/ros2_21_tutorials/install/learning_pkg_python:/home/unique/ros2_ws/ros2_21_tutorials/install/learning_parameter:/home/unique/ros2_ws/ros2_21_tutorials/install/learning_node:/home/unique/ros2_ws/ros2_21_tutorials/install/learning_launch:/home/unique/ros2_ws/ros2_21_tutorials/install/learning_action:/home/unique/ros2_ws/ros2_21_tutorials/install/learning_gazebo_harmonic:/home/unique/ros2_ws/ros2_21_tutorials/install/learning_gazebo:/home/unique/ros2_ws/ros2_21_tutorials/install/learning_cv:/opt/ros/humble LD_LIBRARY_PATH=/home/unique/ros2_ws/ros_test/install/main_interface/lib:/home/unique/ros2_ws/ros_test/install/test_ringbuffer_loopback/lib:/home/unique/ros2_ws/ros_test/install/test_loopback/lib:/home/unique/ros2_ws/ros_test/install/IOringbuffer/lib:/home/unique/ros2_ws/ros_test/install/IOqueue/lib:/home/unique/ros2_ws/install/village_interface/lib:/home/unique/ros2_ws/ros2_21_tutorials/install/learning_interface/lib:/opt/ros/humble/opt/rviz_ogre_vendor/lib:/opt/ros/humble/lib/x86_64-linux-gnu:/opt/ros/humble/lib /usr/bin/cmake --install /home/unique/ros2_ws/ros_test/build/test_loopback
[1.535s] Level 1:colcon.colcon_core.environment:checking '/home/unique/ros2_ws/ros_test/install/test_loopback' for CMake config files
[1.536s] Level 1:colcon.colcon_core.shell:create_environment_hook('test_loopback', 'cmake_prefix_path')
[1.536s] INFO:colcon.colcon_core.shell:Creating environment hook '/home/unique/ros2_ws/ros_test/install/test_loopback/share/test_loopback/hook/cmake_prefix_path.ps1'
[1.537s] INFO:colcon.colcon_core.shell:Creating environment descriptor '/home/unique/ros2_ws/ros_test/install/test_loopback/share/test_loopback/hook/cmake_prefix_path.dsv'
[1.537s] INFO:colcon.colcon_core.shell:Creating environment hook '/home/unique/ros2_ws/ros_test/install/test_loopback/share/test_loopback/hook/cmake_prefix_path.sh'
[1.538s] Level 1:colcon.colcon_core.environment:checking '/home/unique/ros2_ws/ros_test/install/test_loopback/lib'
[1.538s] Level 1:colcon.colcon_core.shell:create_environment_hook('test_loopback', 'ld_library_path_lib')
[1.538s] INFO:colcon.colcon_core.shell:Creating environment hook '/home/unique/ros2_ws/ros_test/install/test_loopback/share/test_loopback/hook/ld_library_path_lib.ps1'
[1.539s] INFO:colcon.colcon_core.shell:Creating environment descriptor '/home/unique/ros2_ws/ros_test/install/test_loopback/share/test_loopback/hook/ld_library_path_lib.dsv'
[1.539s] INFO:colcon.colcon_core.shell:Creating environment hook '/home/unique/ros2_ws/ros_test/install/test_loopback/share/test_loopback/hook/ld_library_path_lib.sh'
[1.539s] Level 1:colcon.colcon_core.environment:checking '/home/unique/ros2_ws/ros_test/install/test_loopback/bin'
[1.539s] Level 1:colcon.colcon_core.environment:checking '/home/unique/ros2_ws/ros_test/install/test_loopback/lib/pkgconfig/test_loopback.pc'
[1.540s] Level 1:colcon.colcon_core.environment:checking '/home/unique/ros2_ws/ros_test/install/test_loopback/lib/python3.10/site-packages'
[1.540s] Level 1:colcon.colcon_core.environment:checking '/home/unique/ros2_ws/ros_test/install/test_loopback/bin'
[1.540s] INFO:colcon.colcon_core.shell:Creating package script '/home/unique/ros2_ws/ros_test/install/test_loopback/share/test_loopback/package.ps1'
[1.541s] INFO:colcon.colcon_core.shell:Creating package descriptor '/home/unique/ros2_ws/ros_test/install/test_loopback/share/test_loopback/package.dsv'
[1.541s] INFO:colcon.colcon_core.shell:Creating package script '/home/unique/ros2_ws/ros_test/install/test_loopback/share/test_loopback/package.sh'
[1.542s] INFO:colcon.colcon_core.shell:Creating package script '/home/unique/ros2_ws/ros_test/install/test_loopback/share/test_loopback/package.bash'
[1.542s] INFO:colcon.colcon_core.shell:Creating package script '/home/unique/ros2_ws/ros_test/install/test_loopback/share/test_loopback/package.zsh'
[1.543s] Level 1:colcon.colcon_core.environment:create_file_with_runtime_dependencies(/home/unique/ros2_ws/ros_test/install/test_loopback/share/colcon-core/packages/test_loopback)
[1.543s] Level 1:colcon.colcon_core.environment:create_environment_scripts_only(test_loopback)
[1.544s] Level 1:colcon.colcon_core.environment:checking '/home/unique/ros2_ws/ros_test/install/test_loopback' for CMake module files
[1.544s] Level 1:colcon.colcon_core.environment:checking '/home/unique/ros2_ws/ros_test/install/test_loopback' for CMake config files
[1.545s] Level 1:colcon.colcon_core.shell:create_environment_hook('test_loopback', 'cmake_prefix_path')
[1.545s] INFO:colcon.colcon_core.shell:Creating environment hook '/home/unique/ros2_ws/ros_test/install/test_loopback/share/test_loopback/hook/cmake_prefix_path.ps1'
[1.545s] INFO:colcon.colcon_core.shell:Creating environment descriptor '/home/unique/ros2_ws/ros_test/install/test_loopback/share/test_loopback/hook/cmake_prefix_path.dsv'
[1.546s] INFO:colcon.colcon_core.shell:Creating environment hook '/home/unique/ros2_ws/ros_test/install/test_loopback/share/test_loopback/hook/cmake_prefix_path.sh'
[1.546s] Level 1:colcon.colcon_core.environment:checking '/home/unique/ros2_ws/ros_test/install/test_loopback/lib'
[1.546s] Level 1:colcon.colcon_core.shell:create_environment_hook('test_loopback', 'ld_library_path_lib')
[1.547s] INFO:colcon.colcon_core.shell:Creating environment hook '/home/unique/ros2_ws/ros_test/install/test_loopback/share/test_loopback/hook/ld_library_path_lib.ps1'
[1.547s] INFO:colcon.colcon_core.shell:Creating environment descriptor '/home/unique/ros2_ws/ros_test/install/test_loopback/share/test_loopback/hook/ld_library_path_lib.dsv'
[1.547s] INFO:colcon.colcon_core.shell:Creating environment hook '/home/unique/ros2_ws/ros_test/install/test_loopback/share/test_loopback/hook/ld_library_path_lib.sh'
[1.548s] Level 1:colcon.colcon_core.environment:checking '/home/unique/ros2_ws/ros_test/install/test_loopback/bin'
[1.548s] Level 1:colcon.colcon_core.environment:checking '/home/unique/ros2_ws/ros_test/install/test_loopback/lib/pkgconfig/test_loopback.pc'
[1.548s] Level 1:colcon.colcon_core.environment:checking '/home/unique/ros2_ws/ros_test/install/test_loopback/lib/python3.10/site-packages'
[1.549s] Level 1:colcon.colcon_core.environment:checking '/home/unique/ros2_ws/ros_test/install/test_loopback/bin'
[1.549s] INFO:colcon.colcon_core.shell:Creating package script '/home/unique/ros2_ws/ros_test/install/test_loopback/share/test_loopback/package.ps1'
[1.550s] INFO:colcon.colcon_core.shell:Creating package descriptor '/home/unique/ros2_ws/ros_test/install/test_loopback/share/test_loopback/package.dsv'
[1.550s] INFO:colcon.colcon_core.shell:Creating package script '/home/unique/ros2_ws/ros_test/install/test_loopback/share/test_loopback/package.sh'
[1.551s] INFO:colcon.colcon_core.shell:Creating package script '/home/unique/ros2_ws/ros_test/install/test_loopback/share/test_loopback/package.bash'
[1.551s] INFO:colcon.colcon_core.shell:Creating package script '/home/unique/ros2_ws/ros_test/install/test_loopback/share/test_loopback/package.zsh'
[1.552s] Level 1:colcon.colcon_core.environment:create_file_with_runtime_dependencies(/home/unique/ros2_ws/ros_test/install/test_loopback/share/colcon-core/packages/test_loopback)
[1.554s] Level 1:colcon.colcon_core.environment:create_environment_scripts_only(test_ringbuffer_loopback)
[1.554s] Level 1:colcon.colcon_core.environment:checking '/home/unique/ros2_ws/ros_test/install/test_ringbuffer_loopback' for CMake module files
[1.555s] DEBUG:colcon.colcon_core.event_handler.log_command:Invoked command in '/home/unique/ros2_ws/ros_test/build/test_ringbuffer_loopback' returned '0': CMAKE_PREFIX_PATH=/home/unique/ros2_ws/ros_test/install/main_interface:/home/unique/ros2_ws/ros_test/install/test_ringbuffer_loopback:/home/unique/ros2_ws/ros_test/install/test_loopback:/home/unique/ros2_ws/ros_test/install/realtime_launch:/home/unique/ros2_ws/ros_test/install/IOringbuffer:/home/unique/ros2_ws/ros_test/install/IOqueue:/home/unique/ros2_ws/ros_test/install/realtime_common:/home/unique/ros2_ws/install/village_wang:/home/unique/ros2_ws/install/village_interface:/home/unique/ros2_ws/install/my_cpp_pkg:/home/unique/ros2_ws/ros2_21_tutorials/install/learning_topic_cpp:/home/unique/ros2_ws/ros2_21_tutorials/install/learning_tf_cpp:/home/unique/ros2_ws/ros2_21_tutorials/install/learning_service_cpp:/home/unique/ros2_ws/ros2_21_tutorials/install/learning_pkg_c:/home/unique/ros2_ws/ros2_21_tutorials/install/learning_parameter_cpp:/home/unique/ros2_ws/ros2_21_tutorials/install/learning_node_cpp:/home/unique/ros2_ws/ros2_21_tutorials/install/learning_action_cpp:/home/unique/ros2_ws/ros2_21_tutorials/install/learning_interface:/home/unique/ros2_ws/ros2_21_tutorials/install/learning_urdf:/home/unique/ros2_ws/ros2_21_tutorials/install/learning_topic:/home/unique/ros2_ws/ros2_21_tutorials/install/learning_tf:/home/unique/ros2_ws/ros2_21_tutorials/install/learning_service:/home/unique/ros2_ws/ros2_21_tutorials/install/learning_qos:/home/unique/ros2_ws/ros2_21_tutorials/install/learning_pkg_python:/home/unique/ros2_ws/ros2_21_tutorials/install/learning_parameter:/home/unique/ros2_ws/ros2_21_tutorials/install/learning_node:/home/unique/ros2_ws/ros2_21_tutorials/install/learning_launch:/home/unique/ros2_ws/ros2_21_tutorials/install/learning_action:/home/unique/ros2_ws/ros2_21_tutorials/install/learning_gazebo_harmonic:/home/unique/ros2_ws/ros2_21_tutorials/install/learning_gazebo:/home/unique/ros2_ws/ros2_21_tutorials/install/learning_cv:/opt/ros/humble LD_LIBRARY_PATH=/home/unique/ros2_ws/ros_test/install/main_interface/lib:/home/unique/ros2_ws/ros_test/install/test_ringbuffer_loopback/lib:/home/unique/ros2_ws/ros_test/install/test_loopback/lib:/home/unique/ros2_ws/ros_test/install/IOringbuffer/lib:/home/unique/ros2_ws/ros_test/install/IOqueue/lib:/home/unique/ros2_ws/install/village_interface/lib:/home/unique/ros2_ws/ros2_21_tutorials/install/learning_interface/lib:/opt/ros/humble/opt/rviz_ogre_vendor/lib:/opt/ros/humble/lib/x86_64-linux-gnu:/opt/ros/humble/lib /usr/bin/cmake --install /home/unique/ros2_ws/ros_test/build/test_ringbuffer_loopback
[1.556s] Level 1:colcon.colcon_core.environment:checking '/home/unique/ros2_ws/ros_test/install/test_ringbuffer_loopback' for CMake config files
[1.556s] Level 1:colcon.colcon_core.shell:create_environment_hook('test_ringbuffer_loopback', 'cmake_prefix_path')
[1.556s] INFO:colcon.colcon_core.shell:Creating environment hook '/home/unique/ros2_ws/ros_test/install/test_ringbuffer_loopback/share/test_ringbuffer_loopback/hook/cmake_prefix_path.ps1'
[1.557s] INFO:colcon.colcon_core.shell:Creating environment descriptor '/home/unique/ros2_ws/ros_test/install/test_ringbuffer_loopback/share/test_ringbuffer_loopback/hook/cmake_prefix_path.dsv'
[1.558s] INFO:colcon.colcon_core.shell:Creating environment hook '/home/unique/ros2_ws/ros_test/install/test_ringbuffer_loopback/share/test_ringbuffer_loopback/hook/cmake_prefix_path.sh'
[1.559s] Level 1:colcon.colcon_core.environment:checking '/home/unique/ros2_ws/ros_test/install/test_ringbuffer_loopback/lib'
[1.559s] Level 1:colcon.colcon_core.shell:create_environment_hook('test_ringbuffer_loopback', 'ld_library_path_lib')
[1.559s] INFO:colcon.colcon_core.shell:Creating environment hook '/home/unique/ros2_ws/ros_test/install/test_ringbuffer_loopback/share/test_ringbuffer_loopback/hook/ld_library_path_lib.ps1'
[1.559s] INFO:colcon.colcon_core.shell:Creating environment descriptor '/home/unique/ros2_ws/ros_test/install/test_ringbuffer_loopback/share/test_ringbuffer_loopback/hook/ld_library_path_lib.dsv'
[1.560s] INFO:colcon.colcon_core.shell:Creating environment hook '/home/unique/ros2_ws/ros_test/install/test_ringbuffer_loopback/share/test_ringbuffer_loopback/hook/ld_library_path_lib.sh'
[1.560s] Level 1:colcon.colcon_core.environment:checking '/home/unique/ros2_ws/ros_test/install/test_ringbuffer_loopback/bin'
[1.560s] Level 1:colcon.colcon_core.environment:checking '/home/unique/ros2_ws/ros_test/install/test_ringbuffer_loopback/lib/pkgconfig/test_ringbuffer_loopback.pc'
[1.560s] Level 1:colcon.colcon_core.environment:checking '/home/unique/ros2_ws/ros_test/install/test_ringbuffer_loopback/lib/python3.10/site-packages'
[1.560s] Level 1:colcon.colcon_core.environment:checking '/home/unique/ros2_ws/ros_test/install/test_ringbuffer_loopback/bin'
[1.561s] INFO:colcon.colcon_core.shell:Creating package script '/home/unique/ros2_ws/ros_test/install/test_ringbuffer_loopback/share/test_ringbuffer_loopback/package.ps1'
[1.561s] INFO:colcon.colcon_core.shell:Creating package descriptor '/home/unique/ros2_ws/ros_test/install/test_ringbuffer_loopback/share/test_ringbuffer_loopback/package.dsv'
[1.562s] INFO:colcon.colcon_core.shell:Creating package script '/home/unique/ros2_ws/ros_test/install/test_ringbuffer_loopback/share/test_ringbuffer_loopback/package.sh'
[1.562s] INFO:colcon.colcon_core.shell:Creating package script '/home/unique/ros2_ws/ros_test/install/test_ringbuffer_loopback/share/test_ringbuffer_loopback/package.bash'
[1.563s] INFO:colcon.colcon_core.shell:Creating package script '/home/unique/ros2_ws/ros_test/install/test_ringbuffer_loopback/share/test_ringbuffer_loopback/package.zsh'
[1.563s] Level 1:colcon.colcon_core.environment:create_file_with_runtime_dependencies(/home/unique/ros2_ws/ros_test/install/test_ringbuffer_loopback/share/colcon-core/packages/test_ringbuffer_loopback)
[1.564s] Level 1:colcon.colcon_core.environment:create_environment_scripts_only(test_ringbuffer_loopback)
[1.564s] Level 1:colcon.colcon_core.environment:checking '/home/unique/ros2_ws/ros_test/install/test_ringbuffer_loopback' for CMake module files
[1.564s] Level 1:colcon.colcon_core.environment:checking '/home/unique/ros2_ws/ros_test/install/test_ringbuffer_loopback' for CMake config files
[1.565s] Level 1:colcon.colcon_core.shell:create_environment_hook('test_ringbuffer_loopback', 'cmake_prefix_path')
[1.565s] INFO:colcon.colcon_core.shell:Creating environment hook '/home/unique/ros2_ws/ros_test/install/test_ringbuffer_loopback/share/test_ringbuffer_loopback/hook/cmake_prefix_path.ps1'
[1.565s] INFO:colcon.colcon_core.shell:Creating environment descriptor '/home/unique/ros2_ws/ros_test/install/test_ringbuffer_loopback/share/test_ringbuffer_loopback/hook/cmake_prefix_path.dsv'
[1.566s] INFO:colcon.colcon_core.shell:Creating environment hook '/home/unique/ros2_ws/ros_test/install/test_ringbuffer_loopback/share/test_ringbuffer_loopback/hook/cmake_prefix_path.sh'
[1.566s] Level 1:colcon.colcon_core.environment:checking '/home/unique/ros2_ws/ros_test/install/test_ringbuffer_loopback/lib'
[1.567s] Level 1:colcon.colcon_core.shell:create_environment_hook('test_ringbuffer_loopback', 'ld_library_path_lib')
[1.567s] INFO:colcon.colcon_core.shell:Creating environment hook '/home/unique/ros2_ws/ros_test/install/test_ringbuffer_loopback/share/test_ringbuffer_loopback/hook/ld_library_path_lib.ps1'
[1.567s] INFO:colcon.colcon_core.shell:Creating environment descriptor '/home/unique/ros2_ws/ros_test/install/test_ringbuffer_loopback/share/test_ringbuffer_loopback/hook/ld_library_path_lib.dsv'
[1.568s] INFO:colcon.colcon_core.shell:Creating environment hook '/home/unique/ros2_ws/ros_test/install/test_ringbuffer_loopback/share/test_ringbuffer_loopback/hook/ld_library_path_lib.sh'
[1.568s] Level 1:colcon.colcon_core.environment:checking '/home/unique/ros2_ws/ros_test/install/test_ringbuffer_loopback/bin'
[1.568s] Level 1:colcon.colcon_core.environment:checking '/home/unique/ros2_ws/ros_test/install/test_ringbuffer_loopback/lib/pkgconfig/test_ringbuffer_loopback.pc'
[1.568s] Level 1:colcon.colcon_core.environment:checking '/home/unique/ros2_ws/ros_test/install/test_ringbuffer_loopback/lib/python3.10/site-packages'
[1.569s] Level 1:colcon.colcon_core.environment:checking '/home/unique/ros2_ws/ros_test/install/test_ringbuffer_loopback/bin'
[1.569s] INFO:colcon.colcon_core.shell:Creating package script '/home/unique/ros2_ws/ros_test/install/test_ringbuffer_loopback/share/test_ringbuffer_loopback/package.ps1'
[1.570s] INFO:colcon.colcon_core.shell:Creating package descriptor '/home/unique/ros2_ws/ros_test/install/test_ringbuffer_loopback/share/test_ringbuffer_loopback/package.dsv'
[1.570s] INFO:colcon.colcon_core.shell:Creating package script '/home/unique/ros2_ws/ros_test/install/test_ringbuffer_loopback/share/test_ringbuffer_loopback/package.sh'
[1.571s] INFO:colcon.colcon_core.shell:Creating package script '/home/unique/ros2_ws/ros_test/install/test_ringbuffer_loopback/share/test_ringbuffer_loopback/package.bash'
[1.572s] INFO:colcon.colcon_core.shell:Creating package script '/home/unique/ros2_ws/ros_test/install/test_ringbuffer_loopback/share/test_ringbuffer_loopback/package.zsh'
[1.573s] Level 1:colcon.colcon_core.environment:create_file_with_runtime_dependencies(/home/unique/ros2_ws/ros_test/install/test_ringbuffer_loopback/share/colcon-core/packages/test_ringbuffer_loopback)
[1.602s] DEBUG:colcon.colcon_core.event_handler.log_command:Invoked command in '/home/unique/ros2_ws/ros_test/build/IOqueue' returned '0': CMAKE_PREFIX_PATH=/home/unique/ros2_ws/ros_test/install/realtime_common:/home/unique/ros2_ws/ros_test/install/main_interface:/home/unique/ros2_ws/ros_test/install/test_ringbuffer_loopback:/home/unique/ros2_ws/ros_test/install/test_loopback:/home/unique/ros2_ws/ros_test/install/realtime_launch:/home/unique/ros2_ws/ros_test/install/IOringbuffer:/home/unique/ros2_ws/ros_test/install/IOqueue:/home/unique/ros2_ws/install/village_wang:/home/unique/ros2_ws/install/village_interface:/home/unique/ros2_ws/install/my_cpp_pkg:/home/unique/ros2_ws/ros2_21_tutorials/install/learning_topic_cpp:/home/unique/ros2_ws/ros2_21_tutorials/install/learning_tf_cpp:/home/unique/ros2_ws/ros2_21_tutorials/install/learning_service_cpp:/home/unique/ros2_ws/ros2_21_tutorials/install/learning_pkg_c:/home/unique/ros2_ws/ros2_21_tutorials/install/learning_parameter_cpp:/home/unique/ros2_ws/ros2_21_tutorials/install/learning_node_cpp:/home/unique/ros2_ws/ros2_21_tutorials/install/learning_action_cpp:/home/unique/ros2_ws/ros2_21_tutorials/install/learning_interface:/home/unique/ros2_ws/ros2_21_tutorials/install/learning_urdf:/home/unique/ros2_ws/ros2_21_tutorials/install/learning_topic:/home/unique/ros2_ws/ros2_21_tutorials/install/learning_tf:/home/unique/ros2_ws/ros2_21_tutorials/install/learning_service:/home/unique/ros2_ws/ros2_21_tutorials/install/learning_qos:/home/unique/ros2_ws/ros2_21_tutorials/install/learning_pkg_python:/home/unique/ros2_ws/ros2_21_tutorials/install/learning_parameter:/home/unique/ros2_ws/ros2_21_tutorials/install/learning_node:/home/unique/ros2_ws/ros2_21_tutorials/install/learning_launch:/home/unique/ros2_ws/ros2_21_tutorials/install/learning_action:/home/unique/ros2_ws/ros2_21_tutorials/install/learning_gazebo_harmonic:/home/unique/ros2_ws/ros2_21_tutorials/install/learning_gazebo:/home/unique/ros2_ws/ros2_21_tutorials/install/learning_cv:/opt/ros/humble LD_LIBRARY_PATH=/home/unique/ros2_ws/ros_test/install/main_interface/lib:/home/unique/ros2_ws/ros_test/install/test_ringbuffer_loopback/lib:/home/unique/ros2_ws/ros_test/install/test_loopback/lib:/home/unique/ros2_ws/ros_test/install/IOringbuffer/lib:/home/unique/ros2_ws/ros_test/install/IOqueue/lib:/home/unique/ros2_ws/install/village_interface/lib:/home/unique/ros2_ws/ros2_21_tutorials/install/learning_interface/lib:/opt/ros/humble/opt/rviz_ogre_vendor/lib:/opt/ros/humble/lib/x86_64-linux-gnu:/opt/ros/humble/lib /usr/bin/cmake --build /home/unique/ros2_ws/ros_test/build/IOqueue -- -j8 -l8
[1.605s] DEBUG:colcon.colcon_core.event_handler.log_command:Invoking command in '/home/unique/ros2_ws/ros_test/build/IOqueue': CMAKE_PREFIX_PATH=/home/unique/ros2_ws/ros_test/install/realtime_common:/home/unique/ros2_ws/ros_test/install/main_interface:/home/unique/ros2_ws/ros_test/install/test_ringbuffer_loopback:/home/unique/ros2_ws/ros_test/install/test_loopback:/home/unique/ros2_ws/ros_test/install/realtime_launch:/home/unique/ros2_ws/ros_test/install/IOringbuffer:/home/unique/ros2_ws/ros_test/install/IOqueue:/home/unique/ros2_ws/install/village_wang:/home/unique/ros2_ws/install/village_interface:/home/unique/ros2_ws/install/my_cpp_pkg:/home/unique/ros2_ws/ros2_21_tutorials/install/learning_topic_cpp:/home/unique/ros2_ws/ros2_21_tutorials/install/learning_tf_cpp:/home/unique/ros2_ws/ros2_21_tutorials/install/learning_service_cpp:/home/unique/ros2_ws/ros2_21_tutorials/install/learning_pkg_c:/home/unique/ros2_ws/ros2_21_tutorials/install/learning_parameter_cpp:/home/unique/ros2_ws/ros2_21_tutorials/install/learning_node_cpp:/home/unique/ros2_ws/ros2_21_tutorials/install/learning_action_cpp:/home/unique/ros2_ws/ros2_21_tutorials/install/learning_interface:/home/unique/ros2_ws/ros2_21_tutorials/install/learning_urdf:/home/unique/ros2_ws/ros2_21_tutorials/install/learning_topic:/home/unique/ros2_ws/ros2_21_tutorials/install/learning_tf:/home/unique/ros2_ws/ros2_21_tutorials/install/learning_service:/home/unique/ros2_ws/ros2_21_tutorials/install/learning_qos:/home/unique/ros2_ws/ros2_21_tutorials/install/learning_pkg_python:/home/unique/ros2_ws/ros2_21_tutorials/install/learning_parameter:/home/unique/ros2_ws/ros2_21_tutorials/install/learning_node:/home/unique/ros2_ws/ros2_21_tutorials/install/learning_launch:/home/unique/ros2_ws/ros2_21_tutorials/install/learning_action:/home/unique/ros2_ws/ros2_21_tutorials/install/learning_gazebo_harmonic:/home/unique/ros2_ws/ros2_21_tutorials/install/learning_gazebo:/home/unique/ros2_ws/ros2_21_tutorials/install/learning_cv:/opt/ros/humble LD_LIBRARY_PATH=/home/unique/ros2_ws/ros_test/install/main_interface/lib:/home/unique/ros2_ws/ros_test/install/test_ringbuffer_loopback/lib:/home/unique/ros2_ws/ros_test/install/test_loopback/lib:/home/unique/ros2_ws/ros_test/install/IOringbuffer/lib:/home/unique/ros2_ws/ros_test/install/IOqueue/lib:/home/unique/ros2_ws/install/village_interface/lib:/home/unique/ros2_ws/ros2_21_tutorials/install/learning_interface/lib:/opt/ros/humble/opt/rviz_ogre_vendor/lib:/opt/ros/humble/lib/x86_64-linux-gnu:/opt/ros/humble/lib /usr/bin/cmake --install /home/unique/ros2_ws/ros_test/build/IOqueue
[1.617s] DEBUG:colcon.colcon_core.event_handler.log_command:Invoked command in '/home/unique/ros2_ws/ros_test/build/IOringbuffer' returned '0': CMAKE_PREFIX_PATH=/home/unique/ros2_ws/ros_test/install/realtime_common:/home/unique/ros2_ws/ros_test/install/main_interface:/home/unique/ros2_ws/ros_test/install/test_ringbuffer_loopback:/home/unique/ros2_ws/ros_test/install/test_loopback:/home/unique/ros2_ws/ros_test/install/realtime_launch:/home/unique/ros2_ws/ros_test/install/IOringbuffer:/home/unique/ros2_ws/ros_test/install/IOqueue:/home/unique/ros2_ws/install/village_wang:/home/unique/ros2_ws/install/village_interface:/home/unique/ros2_ws/install/my_cpp_pkg:/home/unique/ros2_ws/ros2_21_tutorials/install/learning_topic_cpp:/home/unique/ros2_ws/ros2_21_tutorials/install/learning_tf_cpp:/home/unique/ros2_ws/ros2_21_tutorials/install/learning_service_cpp:/home/unique/ros2_ws/ros2_21_tutorials/install/learning_pkg_c:/home/unique/ros2_ws/ros2_21_tutorials/install/learning_parameter_cpp:/home/unique/ros2_ws/ros2_21_tutorials/install/learning_node_cpp:/home/unique/ros2_ws/ros2_21_tutorials/install/learning_action_cpp:/home/unique/ros2_ws/ros2_21_tutorials/install/learning_interface:/home/unique/ros2_ws/ros2_21_tutorials/install/learning_urdf:/home/unique/ros2_ws/ros2_21_tutorials/install/learning_topic:/home/unique/ros2_ws/ros2_21_tutorials/install/learning_tf:/home/unique/ros2_ws/ros2_21_tutorials/install/learning_service:/home/unique/ros2_ws/ros2_21_tutorials/install/learning_qos:/home/unique/ros2_ws/ros2_21_tutorials/install/learning_pkg_python:/home/unique/ros2_ws/ros2_21_tutorials/install/learning_parameter:/home/unique/ros2_ws/ros2_21_tutorials/install/learning_node:/home/unique/ros2_ws/ros2_21_tutorials/install/learning_launch:/home/unique/ros2_ws/ros2_21_tutorials/install/learning_action:/home/unique/ros2_ws/ros2_21_tutorials/install/learning_gazebo_harmonic:/home/unique/ros2_ws/ros2_21_tutorials/install/learning_gazebo:/home/unique/ros2_ws/ros2_21_tutorials/install/learning_cv:/opt/ros/humble LD_LIBRARY_PATH=/home/unique/ros2_ws/ros_test/install/main_interface/lib:/home/unique/ros2_ws/ros_test/install/test_ringbuffer_loopback/lib:/home/unique/ros2_ws/ros_test/install/test_loopback/lib:/home/unique/ros2_ws/ros_test/install/IOringbuffer/lib:/home/unique/ros2_ws/ros_test/install/IOqueue/lib:/home/unique/ros2_ws/install/village_interface/lib:/home/unique/ros2_ws/ros2_21_tutorials/install/learning_interface/lib:/opt/ros/humble/opt/rviz_ogre_vendor/lib:/opt/ros/humble/lib/x86_64-linux-gnu:/opt/ros/humble/lib /usr/bin/cmake --build /home/unique/ros2_ws/ros_test/build/IOringbuffer -- -j8 -l8
[1.620s] DEBUG:colcon.colcon_core.event_handler.log_command:Invoking command in '/home/unique/ros2_ws/ros_test/build/IOringbuffer': CMAKE_PREFIX_PATH=/home/unique/ros2_ws/ros_test/install/realtime_common:/home/unique/ros2_ws/ros_test/install/main_interface:/home/unique/ros2_ws/ros_test/install/test_ringbuffer_loopback:/home/unique/ros2_ws/ros_test/install/test_loopback:/home/unique/ros2_ws/ros_test/install/realtime_launch:/home/unique/ros2_ws/ros_test/install/IOringbuffer:/home/unique/ros2_ws/ros_test/install/IOqueue:/home/unique/ros2_ws/install/village_wang:/home/unique/ros2_ws/install/village_interface:/home/unique/ros2_ws/install/my_cpp_pkg:/home/unique/ros2_ws/ros2_21_tutorials/install/learning_topic_cpp:/home/unique/ros2_ws/ros2_21_tutorials/install/learning_tf_cpp:/home/unique/ros2_ws/ros2_21_tutorials/install/learning_service_cpp:/home/unique/ros2_ws/ros2_21_tutorials/install/learning_pkg_c:/home/unique/ros2_ws/ros2_21_tutorials/install/learning_parameter_cpp:/home/unique/ros2_ws/ros2_21_tutorials/install/learning_node_cpp:/home/unique/ros2_ws/ros2_21_tutorials/install/learning_action_cpp:/home/unique/ros2_ws/ros2_21_tutorials/install/learning_interface:/home/unique/ros2_ws/ros2_21_tutorials/install/learning_urdf:/home/unique/ros2_ws/ros2_21_tutorials/install/learning_topic:/home/unique/ros2_ws/ros2_21_tutorials/install/learning_tf:/home/unique/ros2_ws/ros2_21_tutorials/install/learning_service:/home/unique/ros2_ws/ros2_21_tutorials/install/learning_qos:/home/unique/ros2_ws/ros2_21_tutorials/install/learning_pkg_python:/home/unique/ros2_ws/ros2_21_tutorials/install/learning_parameter:/home/unique/ros2_ws/ros2_21_tutorials/install/learning_node:/home/unique/ros2_ws/ros2_21_tutorials/install/learning_launch:/home/unique/ros2_ws/ros2_21_tutorials/install/learning_action:/home/unique/ros2_ws/ros2_21_tutorials/install/learning_gazebo_harmonic:/home/unique/ros2_ws/ros2_21_tutorials/install/learning_gazebo:/home/unique/ros2_ws/ros2_21_tutorials/install/learning_cv:/opt/ros/humble LD_LIBRARY_PATH=/home/unique/ros2_ws/ros_test/install/main_interface/lib:/home/unique/ros2_ws/ros_test/install/test_ringbuffer_loopback/lib:/home/unique/ros2_ws/ros_test/install/test_loopback/lib:/home/unique/ros2_ws/ros_test/install/IOringbuffer/lib:/home/unique/ros2_ws/ros_test/install/IOqueue/lib:/home/unique/ros2_ws/install/village_interface/lib:/home/unique/ros2_ws/ros2_21_tutorials/install/learning_interface/lib:/opt/ros/humble/opt/rviz_ogre_vendor/lib:/opt/ros/humble/lib/x86_64-linux-gnu:/opt/ros/humble/lib /usr/bin/cmake --install /home/unique/ros2_ws/ros_test/build/IOringbuffer
[1.627s] Level 1:colcon.colcon_core.environment:create_environment_scripts_only(IOqueue)
[1.627s] Level 1:colcon.colcon_core.environment:checking '/home/unique/ros2_ws/ros_test/install/IOqueue' for CMake module files
[1.628s] DEBUG:colcon.colcon_core.event_handler.log_command:Invoked command in '/home/unique/ros2_ws/ros_test/build/IOqueue' returned '0': CMAKE_PREFIX_PATH=/home/unique/ros2_ws/ros_test/install/realtime_common:/home/unique/ros2_ws/ros_test/install/main_interface:/home/unique/ros2_ws/ros_test/install/test_ringbuffer_loopback:/home/unique/ros2_ws/ros_test/install/test_loopback:/home/unique/ros2_ws/ros_test/install/realtime_launch:/home/unique/ros2_ws/ros_test/install/IOringbuffer:/home/unique/ros2_ws/ros_test/install/IOqueue:/home/unique/ros2_ws/install/village_wang:/home/unique/ros2_ws/install/village_interface:/home/unique/ros2_ws/install/my_cpp_pkg:/home/unique/ros2_ws/ros2_21_tutorials/install/learning_topic_cpp:/home/unique/ros2_ws/ros2_21_tutorials/install/learning_tf_cpp:/home/unique/ros2_ws/ros2_21_tutorials/install/learning_service_cpp:/home/unique/ros2_ws/ros2_21_tutorials/install/learning_pkg_c:/home/unique/ros2_ws/ros2_21_tutorials/install/learning_parameter_cpp:/home/unique/ros2_ws/ros2_21_tutorials/install/learning_node_cpp:/home/unique/ros2_ws/ros2_21_tutorials/install/learning_action_cpp:/home/unique/ros2_ws/ros2_21_tutorials/install/learning_interface:/home/unique/ros2_ws/ros2_21_tutorials/install/learning_urdf:/home/unique/ros2_ws/ros2_21_tutorials/install/learning_topic:/home/unique/ros2_ws/ros2_21_tutorials/install/learning_tf:/home/unique/ros2_ws/ros2_21_tutorials/install/learning_service:/home/unique/ros2_ws/ros2_21_tutorials/install/learning_qos:/home/unique/ros2_ws/ros2_21_tutorials/install/learning_pkg_python:/home/unique/ros2_ws/ros2_21_tutorials/install/learning_parameter:/home/unique/ros2_ws/ros2_21_tutorials/install/learning_node:/home/unique/ros2_ws/ros2_21_tutorials/install/learning_launch:/home/unique/ros2_ws/ros2_21_tutorials/install/learning_action:/home/unique/ros2_ws/ros2_21_tutorials/install/learning_gazebo_harmonic:/home/unique/ros2_ws/ros2_21_tutorials/install/learning_gazebo:/home/unique/ros2_ws/ros2_21_tutorials/install/learning_cv:/opt/ros/humble LD_LIBRARY_PATH=/home/unique/ros2_ws/ros_test/install/main_interface/lib:/home/unique/ros2_ws/ros_test/install/test_ringbuffer_loopback/lib:/home/unique/ros2_ws/ros_test/install/test_loopback/lib:/home/unique/ros2_ws/ros_test/install/IOringbuffer/lib:/home/unique/ros2_ws/ros_test/install/IOqueue/lib:/home/unique/ros2_ws/install/village_interface/lib:/home/unique/ros2_ws/ros2_21_tutorials/install/learning_interface/lib:/opt/ros/humble/opt/rviz_ogre_vendor/lib:/opt/ros/humble/lib/x86_64-linux-gnu:/opt/ros/humble/lib /usr/bin/cmake --install /home/unique/ros2_ws/ros_test/build/IOqueue
[1.628s] Level 1:colcon.colcon_core.environment:checking '/home/unique/ros2_ws/ros_test/install/IOqueue' for CMake config files
[1.628s] Level 1:colcon.colcon_core.shell:create_environment_hook('IOqueue', 'cmake_prefix_path')
[1.629s] INFO:colcon.colcon_core.shell:Creating environment hook '/home/unique/ros2_ws/ros_test/install/IOqueue/share/IOqueue/hook/cmake_prefix_path.ps1'
[1.629s] INFO:colcon.colcon_core.shell:Creating environment descriptor '/home/unique/ros2_ws/ros_test/install/IOqueue/share/IOqueue/hook/cmake_prefix_path.dsv'
[1.629s] INFO:colcon.colcon_core.shell:Creating environment hook '/home/unique/ros2_ws/ros_test/install/IOqueue/share/IOqueue/hook/cmake_prefix_path.sh'
[1.634s] Level 1:colcon.colcon_core.environment:checking '/home/unique/ros2_ws/ros_test/install/IOqueue/lib'
[1.635s] Level 1:colcon.colcon_core.shell:create_environment_hook('IOqueue', 'ld_library_path_lib')
[1.636s] INFO:colcon.colcon_core.shell:Creating environment hook '/home/unique/ros2_ws/ros_test/install/IOqueue/share/IOqueue/hook/ld_library_path_lib.ps1'
[1.637s] INFO:colcon.colcon_core.shell:Creating environment descriptor '/home/unique/ros2_ws/ros_test/install/IOqueue/share/IOqueue/hook/ld_library_path_lib.dsv'
[1.637s] INFO:colcon.colcon_core.shell:Creating environment hook '/home/unique/ros2_ws/ros_test/install/IOqueue/share/IOqueue/hook/ld_library_path_lib.sh'
[1.638s] Level 1:colcon.colcon_core.environment:checking '/home/unique/ros2_ws/ros_test/install/IOqueue/bin'
[1.638s] Level 1:colcon.colcon_core.environment:checking '/home/unique/ros2_ws/ros_test/install/IOqueue/lib/pkgconfig/IOqueue.pc'
[1.638s] Level 1:colcon.colcon_core.environment:checking '/home/unique/ros2_ws/ros_test/install/IOqueue/lib/python3.10/site-packages'
[1.638s] Level 1:colcon.colcon_core.environment:checking '/home/unique/ros2_ws/ros_test/install/IOqueue/bin'
[1.639s] INFO:colcon.colcon_core.shell:Creating package script '/home/unique/ros2_ws/ros_test/install/IOqueue/share/IOqueue/package.ps1'
[1.639s] INFO:colcon.colcon_core.shell:Creating package descriptor '/home/unique/ros2_ws/ros_test/install/IOqueue/share/IOqueue/package.dsv'
[1.639s] INFO:colcon.colcon_core.shell:Creating package script '/home/unique/ros2_ws/ros_test/install/IOqueue/share/IOqueue/package.sh'
[1.640s] INFO:colcon.colcon_core.shell:Creating package script '/home/unique/ros2_ws/ros_test/install/IOqueue/share/IOqueue/package.bash'
[1.640s] INFO:colcon.colcon_core.shell:Creating package script '/home/unique/ros2_ws/ros_test/install/IOqueue/share/IOqueue/package.zsh'
[1.640s] Level 1:colcon.colcon_core.environment:create_file_with_runtime_dependencies(/home/unique/ros2_ws/ros_test/install/IOqueue/share/colcon-core/packages/IOqueue)
[1.641s] Level 1:colcon.colcon_core.environment:create_environment_scripts_only(IOqueue)
[1.641s] Level 1:colcon.colcon_core.environment:checking '/home/unique/ros2_ws/ros_test/install/IOqueue' for CMake module files
[1.642s] Level 1:colcon.colcon_core.environment:checking '/home/unique/ros2_ws/ros_test/install/IOqueue' for CMake config files
[1.642s] Level 1:colcon.colcon_core.shell:create_environment_hook('IOqueue', 'cmake_prefix_path')
[1.642s] INFO:colcon.colcon_core.shell:Creating environment hook '/home/unique/ros2_ws/ros_test/install/IOqueue/share/IOqueue/hook/cmake_prefix_path.ps1'
[1.643s] INFO:colcon.colcon_core.shell:Creating environment descriptor '/home/unique/ros2_ws/ros_test/install/IOqueue/share/IOqueue/hook/cmake_prefix_path.dsv'
[1.643s] INFO:colcon.colcon_core.shell:Creating environment hook '/home/unique/ros2_ws/ros_test/install/IOqueue/share/IOqueue/hook/cmake_prefix_path.sh'
[1.644s] Level 1:colcon.colcon_core.environment:checking '/home/unique/ros2_ws/ros_test/install/IOqueue/lib'
[1.644s] Level 1:colcon.colcon_core.shell:create_environment_hook('IOqueue', 'ld_library_path_lib')
[1.644s] INFO:colcon.colcon_core.shell:Creating environment hook '/home/unique/ros2_ws/ros_test/install/IOqueue/share/IOqueue/hook/ld_library_path_lib.ps1'
[1.644s] INFO:colcon.colcon_core.shell:Creating environment descriptor '/home/unique/ros2_ws/ros_test/install/IOqueue/share/IOqueue/hook/ld_library_path_lib.dsv'
[1.645s] INFO:colcon.colcon_core.shell:Creating environment hook '/home/unique/ros2_ws/ros_test/install/IOqueue/share/IOqueue/hook/ld_library_path_lib.sh'
[1.645s] Level 1:colcon.colcon_core.environment:checking '/home/unique/ros2_ws/ros_test/install/IOqueue/bin'
[1.645s] Level 1:colcon.colcon_core.environment:checking '/home/unique/ros2_ws/ros_test/install/IOqueue/lib/pkgconfig/IOqueue.pc'
[1.645s] Level 1:colcon.colcon_core.environment:checking '/home/unique/ros2_ws/ros_test/install/IOqueue/lib/python3.10/site-packages'
[1.646s] Level 1:colcon.colcon_core.environment:checking '/home/unique/ros2_ws/ros_test/install/IOqueue/bin'
[1.646s] INFO:colcon.colcon_core.shell:Creating package script '/home/unique/ros2_ws/ros_test/install/IOqueue/share/IOqueue/package.ps1'
[1.646s] INFO:colcon.colcon_core.shell:Creating package descriptor '/home/unique/ros2_ws/ros_test/install/IOqueue/share/IOqueue/package.dsv'
[1.647s] INFO:colcon.colcon_core.shell:Creating package script '/home/unique/ros2_ws/ros_test/install/IOqueue/share/IOqueue/package.sh'
[1.647s] INFO:colcon.colcon_core.shell:Creating package script '/home/unique/ros2_ws/ros_test/install/IOqueue/share/IOqueue/package.bash'
[1.647s] INFO:colcon.colcon_core.shell:Creating package script '/home/unique/ros2_ws/ros_test/install/IOqueue/share/IOqueue/package.zsh'
[1.648s] Level 1:colcon.colcon_core.environment:create_file_with_runtime_dependencies(/home/unique/ros2_ws/ros_test/install/IOqueue/share/colcon-core/packages/IOqueue)
[1.650s] Level 1:colcon.colcon_core.environment:create_environment_scripts_only(IOringbuffer)
[1.650s] Level 1:colcon.colcon_core.environment:checking '/home/unique/ros2_ws/ros_test/install/IOringbuffer' for CMake module files
[1.651s] DEBUG:colcon.colcon_core.event_handler.log_command:Invoked command in '/home/unique/ros2_ws/ros_test/build/IOringbuffer' returned '0': CMAKE_PREFIX_PATH=/home/unique/ros2_ws/ros_test/install/realtime_common:/home/unique/ros2_ws/ros_test/install/main_interface:/home/unique/ros2_ws/ros_test/install/test_ringbuffer_loopback:/home/unique/ros2_ws/ros_test/install/test_loopback:/home/unique/ros2_ws/ros_test/install/realtime_launch:/home/unique/ros2_ws/ros_test/install/IOringbuffer:/home/unique/ros2_ws/ros_test/install/IOqueue:/home/unique/ros2_ws/install/village_wang:/home/unique/ros2_ws/install/village_interface:/home/unique/ros2_ws/install/my_cpp_pkg:/home/unique/ros2_ws/ros2_21_tutorials/install/learning_topic_cpp:/home/unique/ros2_ws/ros2_21_tutorials/install/learning_tf_cpp:/home/unique/ros2_ws/ros2_21_tutorials/install/learning_service_cpp:/home/unique/ros2_ws/ros2_21_tutorials/install/learning_pkg_c:/home/unique/ros2_ws/ros2_21_tutorials/install/learning_parameter_cpp:/home/unique/ros2_ws/ros2_21_tutorials/install/learning_node_cpp:/home/unique/ros2_ws/ros2_21_tutorials/install/learning_action_cpp:/home/unique/ros2_ws/ros2_21_tutorials/install/learning_interface:/home/unique/ros2_ws/ros2_21_tutorials/install/learning_urdf:/home/unique/ros2_ws/ros2_21_tutorials/install/learning_topic:/home/unique/ros2_ws/ros2_21_tutorials/install/learning_tf:/home/unique/ros2_ws/ros2_21_tutorials/install/learning_service:/home/unique/ros2_ws/ros2_21_tutorials/install/learning_qos:/home/unique/ros2_ws/ros2_21_tutorials/install/learning_pkg_python:/home/unique/ros2_ws/ros2_21_tutorials/install/learning_parameter:/home/unique/ros2_ws/ros2_21_tutorials/install/learning_node:/home/unique/ros2_ws/ros2_21_tutorials/install/learning_launch:/home/unique/ros2_ws/ros2_21_tutorials/install/learning_action:/home/unique/ros2_ws/ros2_21_tutorials/install/learning_gazebo_harmonic:/home/unique/ros2_ws/ros2_21_tutorials/install/learning_gazebo:/home/unique/ros2_ws/ros2_21_tutorials/install/learning_cv:/opt/ros/humble LD_LIBRARY_PATH=/home/unique/ros2_ws/ros_test/install/main_interface/lib:/home/unique/ros2_ws/ros_test/install/test_ringbuffer_loopback/lib:/home/unique/ros2_ws/ros_test/install/test_loopback/lib:/home/unique/ros2_ws/ros_test/install/IOringbuffer/lib:/home/unique/ros2_ws/ros_test/install/IOqueue/lib:/home/unique/ros2_ws/install/village_interface/lib:/home/unique/ros2_ws/ros2_21_tutorials/install/learning_interface/lib:/opt/ros/humble/opt/rviz_ogre_vendor/lib:/opt/ros/humble/lib/x86_64-linux-gnu:/opt/ros/humble/lib /usr/bin/cmake --install /home/unique/ros2_ws/ros_test/build/IOringbuffer
[1.651s] Level 1:colcon.colcon_core.environment:checking '/home/unique/ros2_ws/ros_test/install/IOringbuffer' for CMake config files
[1.651s] Level 1:colcon.colcon_core.shell:create_environment_hook('IOringbuffer', 'cmake_prefix_path')
[1.651s] INFO:colcon.colcon_core.shell:Creating environment hook '/home/unique/ros2_ws/ros_test/install/IOringbuffer/share/IOringbuffer/hook/cmake_prefix_path.ps1'
[1.652s] INFO:colcon.colcon_core.shell:Creating environment descriptor '/home/unique/ros2_ws/ros_test/install/IOringbuffer/share/IOringbuffer/hook/cmake_prefix_path.dsv'
[1.652s] INFO:colcon.colcon_core.shell:Creating environment hook '/home/unique/ros2_ws/ros_test/install/IOringbuffer/share/IOringbuffer/hook/cmake_prefix_path.sh'
[1.653s] Level 1:colcon.colcon_core.environment:checking '/home/unique/ros2_ws/ros_test/install/IOringbuffer/lib'
[1.653s] Level 1:colcon.colcon_core.shell:create_environment_hook('IOringbuffer', 'ld_library_path_lib')
[1.653s] INFO:colcon.colcon_core.shell:Creating environment hook '/home/unique/ros2_ws/ros_test/install/IOringbuffer/share/IOringbuffer/hook/ld_library_path_lib.ps1'
[1.653s] INFO:colcon.colcon_core.shell:Creating environment descriptor '/home/unique/ros2_ws/ros_test/install/IOringbuffer/share/IOringbuffer/hook/ld_library_path_lib.dsv'
[1.653s] INFO:colcon.colcon_core.shell:Creating environment hook '/home/unique/ros2_ws/ros_test/install/IOringbuffer/share/IOringbuffer/hook/ld_library_path_lib.sh'
[1.654s] Level 1:colcon.colcon_core.environment:checking '/home/unique/ros2_ws/ros_test/install/IOringbuffer/bin'
[1.654s] Level 1:colcon.colcon_core.environment:checking '/home/unique/ros2_ws/ros_test/install/IOringbuffer/lib/pkgconfig/IOringbuffer.pc'
[1.654s] Level 1:colcon.colcon_core.environment:checking '/home/unique/ros2_ws/ros_test/install/IOringbuffer/lib/python3.10/site-packages'
[1.654s] Level 1:colcon.colcon_core.environment:checking '/home/unique/ros2_ws/ros_test/install/IOringbuffer/bin'
[1.655s] INFO:colcon.colcon_core.shell:Creating package script '/home/unique/ros2_ws/ros_test/install/IOringbuffer/share/IOringbuffer/package.ps1'
[1.655s] INFO:colcon.colcon_core.shell:Creating package descriptor '/home/unique/ros2_ws/ros_test/install/IOringbuffer/share/IOringbuffer/package.dsv'
[1.656s] INFO:colcon.colcon_core.shell:Creating package script '/home/unique/ros2_ws/ros_test/install/IOringbuffer/share/IOringbuffer/package.sh'
[1.656s] INFO:colcon.colcon_core.shell:Creating package script '/home/unique/ros2_ws/ros_test/install/IOringbuffer/share/IOringbuffer/package.bash'
[1.656s] INFO:colcon.colcon_core.shell:Creating package script '/home/unique/ros2_ws/ros_test/install/IOringbuffer/share/IOringbuffer/package.zsh'
[1.657s] Level 1:colcon.colcon_core.environment:create_file_with_runtime_dependencies(/home/unique/ros2_ws/ros_test/install/IOringbuffer/share/colcon-core/packages/IOringbuffer)
[1.657s] Level 1:colcon.colcon_core.environment:create_environment_scripts_only(IOringbuffer)
[1.658s] Level 1:colcon.colcon_core.environment:checking '/home/unique/ros2_ws/ros_test/install/IOringbuffer' for CMake module files
[1.658s] Level 1:colcon.colcon_core.environment:checking '/home/unique/ros2_ws/ros_test/install/IOringbuffer' for CMake config files
[1.658s] Level 1:colcon.colcon_core.shell:create_environment_hook('IOringbuffer', 'cmake_prefix_path')
[1.659s] INFO:colcon.colcon_core.shell:Creating environment hook '/home/unique/ros2_ws/ros_test/install/IOringbuffer/share/IOringbuffer/hook/cmake_prefix_path.ps1'
[1.659s] INFO:colcon.colcon_core.shell:Creating environment descriptor '/home/unique/ros2_ws/ros_test/install/IOringbuffer/share/IOringbuffer/hook/cmake_prefix_path.dsv'
[1.659s] INFO:colcon.colcon_core.shell:Creating environment hook '/home/unique/ros2_ws/ros_test/install/IOringbuffer/share/IOringbuffer/hook/cmake_prefix_path.sh'
[1.660s] Level 1:colcon.colcon_core.environment:checking '/home/unique/ros2_ws/ros_test/install/IOringbuffer/lib'
[1.660s] Level 1:colcon.colcon_core.shell:create_environment_hook('IOringbuffer', 'ld_library_path_lib')
[1.660s] INFO:colcon.colcon_core.shell:Creating environment hook '/home/unique/ros2_ws/ros_test/install/IOringbuffer/share/IOringbuffer/hook/ld_library_path_lib.ps1'
[1.660s] INFO:colcon.colcon_core.shell:Creating environment descriptor '/home/unique/ros2_ws/ros_test/install/IOringbuffer/share/IOringbuffer/hook/ld_library_path_lib.dsv'
[1.661s] INFO:colcon.colcon_core.shell:Creating environment hook '/home/unique/ros2_ws/ros_test/install/IOringbuffer/share/IOringbuffer/hook/ld_library_path_lib.sh'
[1.661s] Level 1:colcon.colcon_core.environment:checking '/home/unique/ros2_ws/ros_test/install/IOringbuffer/bin'
[1.661s] Level 1:colcon.colcon_core.environment:checking '/home/unique/ros2_ws/ros_test/install/IOringbuffer/lib/pkgconfig/IOringbuffer.pc'
[1.661s] Level 1:colcon.colcon_core.environment:checking '/home/unique/ros2_ws/ros_test/install/IOringbuffer/lib/python3.10/site-packages'
[1.661s] Level 1:colcon.colcon_core.environment:checking '/home/unique/ros2_ws/ros_test/install/IOringbuffer/bin'
[1.662s] INFO:colcon.colcon_core.shell:Creating package script '/home/unique/ros2_ws/ros_test/install/IOringbuffer/share/IOringbuffer/package.ps1'
[1.662s] INFO:colcon.colcon_core.shell:Creating package descriptor '/home/unique/ros2_ws/ros_test/install/IOringbuffer/share/IOringbuffer/package.dsv'
[1.663s] INFO:colcon.colcon_core.shell:Creating package script '/home/unique/ros2_ws/ros_test/install/IOringbuffer/share/IOringbuffer/package.sh'
[1.663s] INFO:colcon.colcon_core.shell:Creating package script '/home/unique/ros2_ws/ros_test/install/IOringbuffer/share/IOringbuffer/package.bash'
[1.663s] INFO:colcon.colcon_core.shell:Creating package script '/home/unique/ros2_ws/ros_test/install/IOringbuffer/share/IOringbuffer/package.zsh'
[1.664s] Level 1:colcon.colcon_core.environment:create_file_with_runtime_dependencies(/home/unique/ros2_ws/ros_test/install/IOringbuffer/share/colcon-core/packages/IOringbuffer)
[1.664s] DEBUG:colcon.colcon_parallel_executor.executor.parallel:closing loop
[1.665s] DEBUG:colcon.colcon_parallel_executor.executor.parallel:loop closed
[1.665s] DEBUG:colcon.colcon_parallel_executor.executor.parallel:run_until_complete finished with '0'
[1.665s] DEBUG:colcon.colcon_core.event_reactor:joining thread
[1.793s] INFO:colcon.colcon_core.plugin_system:Skipping extension 'colcon_notification.desktop_notification.notify_send': Could not find 'notify-send'
[1.794s] INFO:colcon.colcon_core.plugin_system:Skipping extension 'colcon_notification.desktop_notification.terminal_notifier': Not used on non-Darwin systems
[1.794s] INFO:colcon.colcon_core.plugin_system:Skipping extension 'colcon_notification.desktop_notification.win32': Not used on non-Windows systems
[1.794s] INFO:colcon.colcon_notification.desktop_notification:Sending desktop notification using 'notify2'
[1.794s] DEBUG:colcon.colcon_notification.desktop_notification.notify2:Failed to initialize notify2: org.freedesktop.DBus.Error.FileNotFound: Failed to connect to socket /run/user/1000/bus: No such file or directory
[1.794s] DEBUG:colcon.colcon_core.event_reactor:joined thread
[1.794s] INFO:colcon.colcon_core.shell:Creating prefix script '/home/unique/ros2_ws/ros_test/install/local_setup.ps1'
[1.795s] INFO:colcon.colcon_core.shell:Creating prefix util module '/home/unique/ros2_ws/ros_test/install/_local_setup_util_ps1.py'
[1.796s] INFO:colcon.colcon_core.shell:Creating prefix chain script '/home/unique/ros2_ws/ros_test/install/setup.ps1'
[1.798s] INFO:colcon.colcon_core.shell:Creating prefix script '/home/unique/ros2_ws/ros_test/install/local_setup.sh'
[1.799s] INFO:colcon.colcon_core.shell:Creating prefix util module '/home/unique/ros2_ws/ros_test/install/_local_setup_util_sh.py'
[1.799s] INFO:colcon.colcon_core.shell:Creating prefix chain script '/home/unique/ros2_ws/ros_test/install/setup.sh'
[1.801s] INFO:colcon.colcon_core.shell:Creating prefix script '/home/unique/ros2_ws/ros_test/install/local_setup.bash'
[1.802s] INFO:colcon.colcon_core.shell:Creating prefix chain script '/home/unique/ros2_ws/ros_test/install/setup.bash'
[1.804s] INFO:colcon.colcon_core.shell:Creating prefix script '/home/unique/ros2_ws/ros_test/install/local_setup.zsh'
[1.805s] INFO:colcon.colcon_core.shell:Creating prefix chain script '/home/unique/ros2_ws/ros_test/install/setup.zsh'
