[0.344s] DEBUG:colcon:Command line arguments: ['/usr/bin/colcon', 'build']
[0.344s] DEBUG:colcon:Parsed command line arguments: Namespace(log_base=None, log_level=None, verb_name='build', build_base='build', install_base='install', merge_install=False, symlink_install=False, test_result_base=None, continue_on_error=False, executor='parallel', parallel_workers=8, event_handlers=None, ignore_user_meta=False, metas=['./colcon.meta'], base_paths=['.'], packages_ignore=None, packages_ignore_regex=None, paths=None, packages_up_to=None, packages_up_to_regex=None, packages_above=None, packages_above_and_dependencies=None, packages_above_depth=None, packages_select_by_dep=None, packages_skip_by_dep=None, packages_skip_up_to=None, packages_select_build_failed=False, packages_skip_build_finished=False, packages_select_test_failures=False, packages_skip_test_passed=False, packages_select=None, packages_skip=None, packages_select_regex=None, packages_skip_regex=None, packages_start=None, packages_end=None, allow_overriding=[], cmake_args=None, cmake_target=None, cmake_target_skip_unavailable=False, cmake_clean_cache=False, cmake_clean_first=False, cmake_force_configure=False, ament_cmake_args=None, catkin_cmake_args=None, catkin_skip_building_tests=False, verb_parser=<colcon_defaults.argument_parser.defaults.DefaultArgumentsDecorator object at 0x767f693e34c0>, verb_extension=<colcon_core.verb.build.BuildVerb object at 0x767f695284f0>, main=<bound method BuildVerb.main of <colcon_core.verb.build.BuildVerb object at 0x767f695284f0>>)
[0.508s] Level 1:colcon.colcon_core.package_discovery:discover_packages(colcon_meta) check parameters
[0.508s] Level 1:colcon.colcon_core.package_discovery:discover_packages(recursive) check parameters
[0.508s] Level 1:colcon.colcon_core.package_discovery:discover_packages(ignore) check parameters
[0.508s] Level 1:colcon.colcon_core.package_discovery:discover_packages(path) check parameters
[0.508s] Level 1:colcon.colcon_core.package_discovery:discover_packages(colcon_meta) discover
[0.509s] Level 1:colcon.colcon_core.package_discovery:discover_packages(recursive) discover
[0.509s] INFO:colcon.colcon_core.package_discovery:Crawling recursively for packages in '/home/unique/ros2_ws/ros_test'
[0.509s] Level 1:colcon.colcon_core.package_identification:_identify(.) by extensions ['ignore', 'ignore_ament_install']
[0.509s] Level 1:colcon.colcon_core.package_identification:_identify(.) by extension 'ignore'
[0.509s] Level 1:colcon.colcon_core.package_identification:_identify(.) by extension 'ignore_ament_install'
[0.509s] Level 1:colcon.colcon_core.package_identification:_identify(.) by extensions ['colcon_pkg']
[0.509s] Level 1:colcon.colcon_core.package_identification:_identify(.) by extension 'colcon_pkg'
[0.509s] Level 1:colcon.colcon_core.package_identification:_identify(.) by extensions ['colcon_meta']
[0.509s] Level 1:colcon.colcon_core.package_identification:_identify(.) by extension 'colcon_meta'
[0.509s] Level 1:colcon.colcon_core.package_identification:_identify(.) by extensions ['ros']
[0.509s] Level 1:colcon.colcon_core.package_identification:_identify(.) by extension 'ros'
[0.522s] Level 1:colcon.colcon_core.package_identification:_identify(.) by extensions ['cmake', 'python']
[0.522s] Level 1:colcon.colcon_core.package_identification:_identify(.) by extension 'cmake'
[0.522s] Level 1:colcon.colcon_core.package_identification:_identify(.) by extension 'python'
[0.522s] Level 1:colcon.colcon_core.package_identification:_identify(.) by extensions ['python_setup_py']
[0.522s] Level 1:colcon.colcon_core.package_identification:_identify(.) by extension 'python_setup_py'
[0.522s] Level 1:colcon.colcon_core.package_identification:_identify(build) by extensions ['ignore', 'ignore_ament_install']
[0.523s] Level 1:colcon.colcon_core.package_identification:_identify(build) by extension 'ignore'
[0.523s] Level 1:colcon.colcon_core.package_identification:_identify(build) ignored
[0.523s] Level 1:colcon.colcon_core.package_identification:_identify(install) by extensions ['ignore', 'ignore_ament_install']
[0.523s] Level 1:colcon.colcon_core.package_identification:_identify(install) by extension 'ignore'
[0.523s] Level 1:colcon.colcon_core.package_identification:_identify(install) ignored
[0.523s] Level 1:colcon.colcon_core.package_identification:_identify(log) by extensions ['ignore', 'ignore_ament_install']
[0.523s] Level 1:colcon.colcon_core.package_identification:_identify(log) by extension 'ignore'
[0.523s] Level 1:colcon.colcon_core.package_identification:_identify(log) ignored
[0.523s] Level 1:colcon.colcon_core.package_identification:_identify(src) by extensions ['ignore', 'ignore_ament_install']
[0.523s] Level 1:colcon.colcon_core.package_identification:_identify(src) by extension 'ignore'
[0.523s] Level 1:colcon.colcon_core.package_identification:_identify(src) by extension 'ignore_ament_install'
[0.523s] Level 1:colcon.colcon_core.package_identification:_identify(src) by extensions ['colcon_pkg']
[0.523s] Level 1:colcon.colcon_core.package_identification:_identify(src) by extension 'colcon_pkg'
[0.523s] Level 1:colcon.colcon_core.package_identification:_identify(src) by extensions ['colcon_meta']
[0.523s] Level 1:colcon.colcon_core.package_identification:_identify(src) by extension 'colcon_meta'
[0.523s] Level 1:colcon.colcon_core.package_identification:_identify(src) by extensions ['ros']
[0.523s] Level 1:colcon.colcon_core.package_identification:_identify(src) by extension 'ros'
[0.523s] Level 1:colcon.colcon_core.package_identification:_identify(src) by extensions ['cmake', 'python']
[0.523s] Level 1:colcon.colcon_core.package_identification:_identify(src) by extension 'cmake'
[0.523s] Level 1:colcon.colcon_core.package_identification:_identify(src) by extension 'python'
[0.524s] Level 1:colcon.colcon_core.package_identification:_identify(src) by extensions ['python_setup_py']
[0.524s] Level 1:colcon.colcon_core.package_identification:_identify(src) by extension 'python_setup_py'
[0.524s] Level 1:colcon.colcon_core.package_identification:_identify(src/IOqueue) by extensions ['ignore', 'ignore_ament_install']
[0.524s] Level 1:colcon.colcon_core.package_identification:_identify(src/IOqueue) by extension 'ignore'
[0.524s] Level 1:colcon.colcon_core.package_identification:_identify(src/IOqueue) by extension 'ignore_ament_install'
[0.524s] Level 1:colcon.colcon_core.package_identification:_identify(src/IOqueue) by extensions ['colcon_pkg']
[0.524s] Level 1:colcon.colcon_core.package_identification:_identify(src/IOqueue) by extension 'colcon_pkg'
[0.524s] Level 1:colcon.colcon_core.package_identification:_identify(src/IOqueue) by extensions ['colcon_meta']
[0.524s] Level 1:colcon.colcon_core.package_identification:_identify(src/IOqueue) by extension 'colcon_meta'
[0.524s] Level 1:colcon.colcon_core.package_identification:_identify(src/IOqueue) by extensions ['ros']
[0.524s] Level 1:colcon.colcon_core.package_identification:_identify(src/IOqueue) by extension 'ros'
[0.541s] DEBUG:colcon.colcon_core.package_identification:Package 'src/IOqueue' with type 'ros.ament_cmake' and name 'IOqueue'
[0.541s] Level 1:colcon.colcon_core.package_identification:_identify(src/IOringbuffer) by extensions ['ignore', 'ignore_ament_install']
[0.541s] Level 1:colcon.colcon_core.package_identification:_identify(src/IOringbuffer) by extension 'ignore'
[0.541s] Level 1:colcon.colcon_core.package_identification:_identify(src/IOringbuffer) by extension 'ignore_ament_install'
[0.541s] Level 1:colcon.colcon_core.package_identification:_identify(src/IOringbuffer) by extensions ['colcon_pkg']
[0.541s] Level 1:colcon.colcon_core.package_identification:_identify(src/IOringbuffer) by extension 'colcon_pkg'
[0.541s] Level 1:colcon.colcon_core.package_identification:_identify(src/IOringbuffer) by extensions ['colcon_meta']
[0.541s] Level 1:colcon.colcon_core.package_identification:_identify(src/IOringbuffer) by extension 'colcon_meta'
[0.541s] Level 1:colcon.colcon_core.package_identification:_identify(src/IOringbuffer) by extensions ['ros']
[0.541s] Level 1:colcon.colcon_core.package_identification:_identify(src/IOringbuffer) by extension 'ros'
[0.542s] DEBUG:colcon.colcon_core.package_identification:Package 'src/IOringbuffer' with type 'ros.ament_cmake' and name 'IOringbuffer'
[0.542s] Level 1:colcon.colcon_core.package_identification:_identify(src/main_interface) by extensions ['ignore', 'ignore_ament_install']
[0.543s] Level 1:colcon.colcon_core.package_identification:_identify(src/main_interface) by extension 'ignore'
[0.543s] Level 1:colcon.colcon_core.package_identification:_identify(src/main_interface) by extension 'ignore_ament_install'
[0.543s] Level 1:colcon.colcon_core.package_identification:_identify(src/main_interface) by extensions ['colcon_pkg']
[0.543s] Level 1:colcon.colcon_core.package_identification:_identify(src/main_interface) by extension 'colcon_pkg'
[0.543s] Level 1:colcon.colcon_core.package_identification:_identify(src/main_interface) by extensions ['colcon_meta']
[0.543s] Level 1:colcon.colcon_core.package_identification:_identify(src/main_interface) by extension 'colcon_meta'
[0.543s] Level 1:colcon.colcon_core.package_identification:_identify(src/main_interface) by extensions ['ros']
[0.543s] Level 1:colcon.colcon_core.package_identification:_identify(src/main_interface) by extension 'ros'
[0.543s] DEBUG:colcon.colcon_core.package_identification:Package 'src/main_interface' with type 'ros.ament_cmake' and name 'main_interface'
[0.544s] Level 1:colcon.colcon_core.package_identification:_identify(src/realtime_common) by extensions ['ignore', 'ignore_ament_install']
[0.544s] Level 1:colcon.colcon_core.package_identification:_identify(src/realtime_common) by extension 'ignore'
[0.544s] Level 1:colcon.colcon_core.package_identification:_identify(src/realtime_common) by extension 'ignore_ament_install'
[0.544s] Level 1:colcon.colcon_core.package_identification:_identify(src/realtime_common) by extensions ['colcon_pkg']
[0.544s] Level 1:colcon.colcon_core.package_identification:_identify(src/realtime_common) by extension 'colcon_pkg'
[0.544s] Level 1:colcon.colcon_core.package_identification:_identify(src/realtime_common) by extensions ['colcon_meta']
[0.544s] Level 1:colcon.colcon_core.package_identification:_identify(src/realtime_common) by extension 'colcon_meta'
[0.544s] Level 1:colcon.colcon_core.package_identification:_identify(src/realtime_common) by extensions ['ros']
[0.544s] Level 1:colcon.colcon_core.package_identification:_identify(src/realtime_common) by extension 'ros'
[0.545s] DEBUG:colcon.colcon_core.package_identification:Package 'src/realtime_common' with type 'ros.ament_cmake' and name 'realtime_common'
[0.545s] Level 1:colcon.colcon_core.package_identification:_identify(src/realtime_launch) by extensions ['ignore', 'ignore_ament_install']
[0.545s] Level 1:colcon.colcon_core.package_identification:_identify(src/realtime_launch) by extension 'ignore'
[0.545s] Level 1:colcon.colcon_core.package_identification:_identify(src/realtime_launch) by extension 'ignore_ament_install'
[0.545s] Level 1:colcon.colcon_core.package_identification:_identify(src/realtime_launch) by extensions ['colcon_pkg']
[0.545s] Level 1:colcon.colcon_core.package_identification:_identify(src/realtime_launch) by extension 'colcon_pkg'
[0.545s] Level 1:colcon.colcon_core.package_identification:_identify(src/realtime_launch) by extensions ['colcon_meta']
[0.545s] Level 1:colcon.colcon_core.package_identification:_identify(src/realtime_launch) by extension 'colcon_meta'
[0.545s] Level 1:colcon.colcon_core.package_identification:_identify(src/realtime_launch) by extensions ['ros']
[0.545s] Level 1:colcon.colcon_core.package_identification:_identify(src/realtime_launch) by extension 'ros'
[0.545s] DEBUG:colcon.colcon_core.package_identification:Package 'src/realtime_launch' with type 'ros.ament_cmake' and name 'realtime_launch'
[0.545s] Level 1:colcon.colcon_core.package_identification:_identify(src/test_loopback) by extensions ['ignore', 'ignore_ament_install']
[0.546s] Level 1:colcon.colcon_core.package_identification:_identify(src/test_loopback) by extension 'ignore'
[0.546s] Level 1:colcon.colcon_core.package_identification:_identify(src/test_loopback) by extension 'ignore_ament_install'
[0.546s] Level 1:colcon.colcon_core.package_identification:_identify(src/test_loopback) by extensions ['colcon_pkg']
[0.546s] Level 1:colcon.colcon_core.package_identification:_identify(src/test_loopback) by extension 'colcon_pkg'
[0.546s] Level 1:colcon.colcon_core.package_identification:_identify(src/test_loopback) by extensions ['colcon_meta']
[0.546s] Level 1:colcon.colcon_core.package_identification:_identify(src/test_loopback) by extension 'colcon_meta'
[0.546s] Level 1:colcon.colcon_core.package_identification:_identify(src/test_loopback) by extensions ['ros']
[0.546s] Level 1:colcon.colcon_core.package_identification:_identify(src/test_loopback) by extension 'ros'
[0.546s] DEBUG:colcon.colcon_core.package_identification:Package 'src/test_loopback' with type 'ros.ament_cmake' and name 'test_loopback'
[0.547s] Level 1:colcon.colcon_core.package_identification:_identify(src/test_ringbuffer_loopback) by extensions ['ignore', 'ignore_ament_install']
[0.547s] Level 1:colcon.colcon_core.package_identification:_identify(src/test_ringbuffer_loopback) by extension 'ignore'
[0.547s] Level 1:colcon.colcon_core.package_identification:_identify(src/test_ringbuffer_loopback) by extension 'ignore_ament_install'
[0.547s] Level 1:colcon.colcon_core.package_identification:_identify(src/test_ringbuffer_loopback) by extensions ['colcon_pkg']
[0.547s] Level 1:colcon.colcon_core.package_identification:_identify(src/test_ringbuffer_loopback) by extension 'colcon_pkg'
[0.547s] Level 1:colcon.colcon_core.package_identification:_identify(src/test_ringbuffer_loopback) by extensions ['colcon_meta']
[0.547s] Level 1:colcon.colcon_core.package_identification:_identify(src/test_ringbuffer_loopback) by extension 'colcon_meta'
[0.547s] Level 1:colcon.colcon_core.package_identification:_identify(src/test_ringbuffer_loopback) by extensions ['ros']
[0.547s] Level 1:colcon.colcon_core.package_identification:_identify(src/test_ringbuffer_loopback) by extension 'ros'
[0.547s] DEBUG:colcon.colcon_core.package_identification:Package 'src/test_ringbuffer_loopback' with type 'ros.ament_cmake' and name 'test_ringbuffer_loopback'
[0.548s] Level 1:colcon.colcon_core.package_discovery:discover_packages(recursive) using defaults
[0.548s] Level 1:colcon.colcon_core.package_discovery:discover_packages(ignore) discover
[0.548s] Level 1:colcon.colcon_core.package_discovery:discover_packages(ignore) using defaults
[0.548s] Level 1:colcon.colcon_core.package_discovery:discover_packages(path) discover
[0.548s] Level 1:colcon.colcon_core.package_discovery:discover_packages(path) using defaults
[0.572s] Level 1:colcon.colcon_core.package_discovery:discover_packages(prefix_path) check parameters
[0.572s] Level 1:colcon.colcon_core.package_discovery:discover_packages(prefix_path) discover
[0.575s] DEBUG:colcon.colcon_installed_package_information.package_discovery:Found 7 installed packages in /home/unique/ros2_ws/ros_test/install
[0.576s] DEBUG:colcon.colcon_installed_package_information.package_discovery:Found 3 installed packages in /home/unique/ros2_ws/install
[0.577s] DEBUG:colcon.colcon_installed_package_information.package_discovery:Found 21 installed packages in /home/unique/ros2_ws/ros2_21_tutorials/install
[0.579s] DEBUG:colcon.colcon_installed_package_information.package_discovery:Found 275 installed packages in /opt/ros/humble
[0.581s] Level 1:colcon.colcon_core.package_discovery:discover_packages(prefix_path) using defaults
[0.621s] Level 5:colcon.colcon_core.verb:set package 'main_interface' build argument 'cmake_args' from command line to 'None'
[0.621s] Level 5:colcon.colcon_core.verb:set package 'main_interface' build argument 'cmake_target' from command line to 'None'
[0.621s] Level 5:colcon.colcon_core.verb:set package 'main_interface' build argument 'cmake_target_skip_unavailable' from command line to 'False'
[0.621s] Level 5:colcon.colcon_core.verb:set package 'main_interface' build argument 'cmake_clean_cache' from command line to 'False'
[0.621s] Level 5:colcon.colcon_core.verb:set package 'main_interface' build argument 'cmake_clean_first' from command line to 'False'
[0.621s] Level 5:colcon.colcon_core.verb:set package 'main_interface' build argument 'cmake_force_configure' from command line to 'False'
[0.622s] Level 5:colcon.colcon_core.verb:set package 'main_interface' build argument 'ament_cmake_args' from command line to 'None'
[0.622s] Level 5:colcon.colcon_core.verb:set package 'main_interface' build argument 'catkin_cmake_args' from command line to 'None'
[0.622s] Level 5:colcon.colcon_core.verb:set package 'main_interface' build argument 'catkin_skip_building_tests' from command line to 'False'
[0.622s] DEBUG:colcon.colcon_core.verb:Building package 'main_interface' with the following arguments: {'ament_cmake_args': None, 'build_base': '/home/unique/ros2_ws/ros_test/build/main_interface', 'catkin_cmake_args': None, 'catkin_skip_building_tests': False, 'cmake_args': None, 'cmake_clean_cache': False, 'cmake_clean_first': False, 'cmake_force_configure': False, 'cmake_target': None, 'cmake_target_skip_unavailable': False, 'install_base': '/home/unique/ros2_ws/ros_test/install/main_interface', 'merge_install': False, 'path': '/home/unique/ros2_ws/ros_test/src/main_interface', 'symlink_install': False, 'test_result_base': None}
[0.622s] Level 5:colcon.colcon_core.verb:set package 'realtime_common' build argument 'cmake_args' from command line to 'None'
[0.622s] Level 5:colcon.colcon_core.verb:set package 'realtime_common' build argument 'cmake_target' from command line to 'None'
[0.622s] Level 5:colcon.colcon_core.verb:set package 'realtime_common' build argument 'cmake_target_skip_unavailable' from command line to 'False'
[0.622s] Level 5:colcon.colcon_core.verb:set package 'realtime_common' build argument 'cmake_clean_cache' from command line to 'False'
[0.622s] Level 5:colcon.colcon_core.verb:set package 'realtime_common' build argument 'cmake_clean_first' from command line to 'False'
[0.622s] Level 5:colcon.colcon_core.verb:set package 'realtime_common' build argument 'cmake_force_configure' from command line to 'False'
[0.622s] Level 5:colcon.colcon_core.verb:set package 'realtime_common' build argument 'ament_cmake_args' from command line to 'None'
[0.622s] Level 5:colcon.colcon_core.verb:set package 'realtime_common' build argument 'catkin_cmake_args' from command line to 'None'
[0.622s] Level 5:colcon.colcon_core.verb:set package 'realtime_common' build argument 'catkin_skip_building_tests' from command line to 'False'
[0.622s] DEBUG:colcon.colcon_core.verb:Building package 'realtime_common' with the following arguments: {'ament_cmake_args': None, 'build_base': '/home/unique/ros2_ws/ros_test/build/realtime_common', 'catkin_cmake_args': None, 'catkin_skip_building_tests': False, 'cmake_args': None, 'cmake_clean_cache': False, 'cmake_clean_first': False, 'cmake_force_configure': False, 'cmake_target': None, 'cmake_target_skip_unavailable': False, 'install_base': '/home/unique/ros2_ws/ros_test/install/realtime_common', 'merge_install': False, 'path': '/home/unique/ros2_ws/ros_test/src/realtime_common', 'symlink_install': False, 'test_result_base': None}
[0.622s] Level 5:colcon.colcon_core.verb:set package 'realtime_launch' build argument 'cmake_args' from command line to 'None'
[0.622s] Level 5:colcon.colcon_core.verb:set package 'realtime_launch' build argument 'cmake_target' from command line to 'None'
[0.622s] Level 5:colcon.colcon_core.verb:set package 'realtime_launch' build argument 'cmake_target_skip_unavailable' from command line to 'False'
[0.622s] Level 5:colcon.colcon_core.verb:set package 'realtime_launch' build argument 'cmake_clean_cache' from command line to 'False'
[0.622s] Level 5:colcon.colcon_core.verb:set package 'realtime_launch' build argument 'cmake_clean_first' from command line to 'False'
[0.622s] Level 5:colcon.colcon_core.verb:set package 'realtime_launch' build argument 'cmake_force_configure' from command line to 'False'
[0.622s] Level 5:colcon.colcon_core.verb:set package 'realtime_launch' build argument 'ament_cmake_args' from command line to 'None'
[0.622s] Level 5:colcon.colcon_core.verb:set package 'realtime_launch' build argument 'catkin_cmake_args' from command line to 'None'
[0.622s] Level 5:colcon.colcon_core.verb:set package 'realtime_launch' build argument 'catkin_skip_building_tests' from command line to 'False'
[0.622s] DEBUG:colcon.colcon_core.verb:Building package 'realtime_launch' with the following arguments: {'ament_cmake_args': None, 'build_base': '/home/unique/ros2_ws/ros_test/build/realtime_launch', 'catkin_cmake_args': None, 'catkin_skip_building_tests': False, 'cmake_args': None, 'cmake_clean_cache': False, 'cmake_clean_first': False, 'cmake_force_configure': False, 'cmake_target': None, 'cmake_target_skip_unavailable': False, 'install_base': '/home/unique/ros2_ws/ros_test/install/realtime_launch', 'merge_install': False, 'path': '/home/unique/ros2_ws/ros_test/src/realtime_launch', 'symlink_install': False, 'test_result_base': None}
[0.623s] Level 5:colcon.colcon_core.verb:set package 'IOqueue' build argument 'cmake_args' from command line to 'None'
[0.623s] Level 5:colcon.colcon_core.verb:set package 'IOqueue' build argument 'cmake_target' from command line to 'None'
[0.623s] Level 5:colcon.colcon_core.verb:set package 'IOqueue' build argument 'cmake_target_skip_unavailable' from command line to 'False'
[0.623s] Level 5:colcon.colcon_core.verb:set package 'IOqueue' build argument 'cmake_clean_cache' from command line to 'False'
[0.623s] Level 5:colcon.colcon_core.verb:set package 'IOqueue' build argument 'cmake_clean_first' from command line to 'False'
[0.623s] Level 5:colcon.colcon_core.verb:set package 'IOqueue' build argument 'cmake_force_configure' from command line to 'False'
[0.623s] Level 5:colcon.colcon_core.verb:set package 'IOqueue' build argument 'ament_cmake_args' from command line to 'None'
[0.623s] Level 5:colcon.colcon_core.verb:set package 'IOqueue' build argument 'catkin_cmake_args' from command line to 'None'
[0.623s] Level 5:colcon.colcon_core.verb:set package 'IOqueue' build argument 'catkin_skip_building_tests' from command line to 'False'
[0.623s] DEBUG:colcon.colcon_core.verb:Building package 'IOqueue' with the following arguments: {'ament_cmake_args': None, 'build_base': '/home/unique/ros2_ws/ros_test/build/IOqueue', 'catkin_cmake_args': None, 'catkin_skip_building_tests': False, 'cmake_args': None, 'cmake_clean_cache': False, 'cmake_clean_first': False, 'cmake_force_configure': False, 'cmake_target': None, 'cmake_target_skip_unavailable': False, 'install_base': '/home/unique/ros2_ws/ros_test/install/IOqueue', 'merge_install': False, 'path': '/home/unique/ros2_ws/ros_test/src/IOqueue', 'symlink_install': False, 'test_result_base': None}
[0.623s] Level 5:colcon.colcon_core.verb:set package 'IOringbuffer' build argument 'cmake_args' from command line to 'None'
[0.623s] Level 5:colcon.colcon_core.verb:set package 'IOringbuffer' build argument 'cmake_target' from command line to 'None'
[0.623s] Level 5:colcon.colcon_core.verb:set package 'IOringbuffer' build argument 'cmake_target_skip_unavailable' from command line to 'False'
[0.623s] Level 5:colcon.colcon_core.verb:set package 'IOringbuffer' build argument 'cmake_clean_cache' from command line to 'False'
[0.623s] Level 5:colcon.colcon_core.verb:set package 'IOringbuffer' build argument 'cmake_clean_first' from command line to 'False'
[0.623s] Level 5:colcon.colcon_core.verb:set package 'IOringbuffer' build argument 'cmake_force_configure' from command line to 'False'
[0.623s] Level 5:colcon.colcon_core.verb:set package 'IOringbuffer' build argument 'ament_cmake_args' from command line to 'None'
[0.623s] Level 5:colcon.colcon_core.verb:set package 'IOringbuffer' build argument 'catkin_cmake_args' from command line to 'None'
[0.623s] Level 5:colcon.colcon_core.verb:set package 'IOringbuffer' build argument 'catkin_skip_building_tests' from command line to 'False'
[0.623s] DEBUG:colcon.colcon_core.verb:Building package 'IOringbuffer' with the following arguments: {'ament_cmake_args': None, 'build_base': '/home/unique/ros2_ws/ros_test/build/IOringbuffer', 'catkin_cmake_args': None, 'catkin_skip_building_tests': False, 'cmake_args': None, 'cmake_clean_cache': False, 'cmake_clean_first': False, 'cmake_force_configure': False, 'cmake_target': None, 'cmake_target_skip_unavailable': False, 'install_base': '/home/unique/ros2_ws/ros_test/install/IOringbuffer', 'merge_install': False, 'path': '/home/unique/ros2_ws/ros_test/src/IOringbuffer', 'symlink_install': False, 'test_result_base': None}
[0.624s] Level 5:colcon.colcon_core.verb:set package 'test_loopback' build argument 'cmake_args' from command line to 'None'
[0.624s] Level 5:colcon.colcon_core.verb:set package 'test_loopback' build argument 'cmake_target' from command line to 'None'
[0.624s] Level 5:colcon.colcon_core.verb:set package 'test_loopback' build argument 'cmake_target_skip_unavailable' from command line to 'False'
[0.624s] Level 5:colcon.colcon_core.verb:set package 'test_loopback' build argument 'cmake_clean_cache' from command line to 'False'
[0.624s] Level 5:colcon.colcon_core.verb:set package 'test_loopback' build argument 'cmake_clean_first' from command line to 'False'
[0.624s] Level 5:colcon.colcon_core.verb:set package 'test_loopback' build argument 'cmake_force_configure' from command line to 'False'
[0.624s] Level 5:colcon.colcon_core.verb:set package 'test_loopback' build argument 'ament_cmake_args' from command line to 'None'
[0.624s] Level 5:colcon.colcon_core.verb:set package 'test_loopback' build argument 'catkin_cmake_args' from command line to 'None'
[0.624s] Level 5:colcon.colcon_core.verb:set package 'test_loopback' build argument 'catkin_skip_building_tests' from command line to 'False'
[0.624s] DEBUG:colcon.colcon_core.verb:Building package 'test_loopback' with the following arguments: {'ament_cmake_args': None, 'build_base': '/home/unique/ros2_ws/ros_test/build/test_loopback', 'catkin_cmake_args': None, 'catkin_skip_building_tests': False, 'cmake_args': None, 'cmake_clean_cache': False, 'cmake_clean_first': False, 'cmake_force_configure': False, 'cmake_target': None, 'cmake_target_skip_unavailable': False, 'install_base': '/home/unique/ros2_ws/ros_test/install/test_loopback', 'merge_install': False, 'path': '/home/unique/ros2_ws/ros_test/src/test_loopback', 'symlink_install': False, 'test_result_base': None}
[0.624s] Level 5:colcon.colcon_core.verb:set package 'test_ringbuffer_loopback' build argument 'cmake_args' from command line to 'None'
[0.624s] Level 5:colcon.colcon_core.verb:set package 'test_ringbuffer_loopback' build argument 'cmake_target' from command line to 'None'
[0.624s] Level 5:colcon.colcon_core.verb:set package 'test_ringbuffer_loopback' build argument 'cmake_target_skip_unavailable' from command line to 'False'
[0.624s] Level 5:colcon.colcon_core.verb:set package 'test_ringbuffer_loopback' build argument 'cmake_clean_cache' from command line to 'False'
[0.624s] Level 5:colcon.colcon_core.verb:set package 'test_ringbuffer_loopback' build argument 'cmake_clean_first' from command line to 'False'
[0.624s] Level 5:colcon.colcon_core.verb:set package 'test_ringbuffer_loopback' build argument 'cmake_force_configure' from command line to 'False'
[0.624s] Level 5:colcon.colcon_core.verb:set package 'test_ringbuffer_loopback' build argument 'ament_cmake_args' from command line to 'None'
[0.624s] Level 5:colcon.colcon_core.verb:set package 'test_ringbuffer_loopback' build argument 'catkin_cmake_args' from command line to 'None'
[0.624s] Level 5:colcon.colcon_core.verb:set package 'test_ringbuffer_loopback' build argument 'catkin_skip_building_tests' from command line to 'False'
[0.624s] DEBUG:colcon.colcon_core.verb:Building package 'test_ringbuffer_loopback' with the following arguments: {'ament_cmake_args': None, 'build_base': '/home/unique/ros2_ws/ros_test/build/test_ringbuffer_loopback', 'catkin_cmake_args': None, 'catkin_skip_building_tests': False, 'cmake_args': None, 'cmake_clean_cache': False, 'cmake_clean_first': False, 'cmake_force_configure': False, 'cmake_target': None, 'cmake_target_skip_unavailable': False, 'install_base': '/home/unique/ros2_ws/ros_test/install/test_ringbuffer_loopback', 'merge_install': False, 'path': '/home/unique/ros2_ws/ros_test/src/test_ringbuffer_loopback', 'symlink_install': False, 'test_result_base': None}
[0.624s] INFO:colcon.colcon_core.executor:Executing jobs using 'parallel' executor
[0.626s] DEBUG:colcon.colcon_parallel_executor.executor.parallel:run_until_complete
[0.627s] INFO:colcon.colcon_ros.task.ament_cmake.build:Building ROS package in '/home/unique/ros2_ws/ros_test/src/main_interface' with build type 'ament_cmake'
[0.627s] INFO:colcon.colcon_cmake.task.cmake.build:Building CMake package in '/home/unique/ros2_ws/ros_test/src/main_interface'
[0.630s] INFO:colcon.colcon_core.plugin_system:Skipping extension 'colcon_core.shell.bat': Not used on non-Windows systems
[0.630s] INFO:colcon.colcon_core.shell:Skip shell extension 'powershell' for command environment: Not usable outside of PowerShell
[0.631s] DEBUG:colcon.colcon_core.shell:Skip shell extension 'dsv' for command environment
[0.637s] INFO:colcon.colcon_ros.task.ament_cmake.build:Building ROS package in '/home/unique/ros2_ws/ros_test/src/realtime_common' with build type 'ament_cmake'
[0.638s] INFO:colcon.colcon_cmake.task.cmake.build:Building CMake package in '/home/unique/ros2_ws/ros_test/src/realtime_common'
[0.638s] INFO:colcon.colcon_core.shell:Skip shell extension 'powershell' for command environment: Not usable outside of PowerShell
[0.638s] DEBUG:colcon.colcon_core.shell:Skip shell extension 'dsv' for command environment
[0.646s] INFO:colcon.colcon_ros.task.ament_cmake.build:Building ROS package in '/home/unique/ros2_ws/ros_test/src/realtime_launch' with build type 'ament_cmake'
[0.646s] INFO:colcon.colcon_cmake.task.cmake.build:Building CMake package in '/home/unique/ros2_ws/ros_test/src/realtime_launch'
[0.647s] INFO:colcon.colcon_core.shell:Skip shell extension 'powershell' for command environment: Not usable outside of PowerShell
[0.647s] DEBUG:colcon.colcon_core.shell:Skip shell extension 'dsv' for command environment
[0.663s] DEBUG:colcon.colcon_core.event_handler.log_command:Invoking command in '/home/unique/ros2_ws/ros_test/build/main_interface': CMAKE_PREFIX_PATH=${CMAKE_PREFIX_PATH}:/home/unique/ros2_ws/ros2_21_tutorials/install/learning_urdf:/home/unique/ros2_ws/ros2_21_tutorials/install/learning_topic:/home/unique/ros2_ws/ros2_21_tutorials/install/learning_tf:/home/unique/ros2_ws/ros2_21_tutorials/install/learning_service:/home/unique/ros2_ws/ros2_21_tutorials/install/learning_qos:/home/unique/ros2_ws/ros2_21_tutorials/install/learning_pkg_python:/home/unique/ros2_ws/ros2_21_tutorials/install/learning_parameter:/home/unique/ros2_ws/ros2_21_tutorials/install/learning_node:/home/unique/ros2_ws/ros2_21_tutorials/install/learning_launch:/home/unique/ros2_ws/ros2_21_tutorials/install/learning_action:/home/unique/ros2_ws/ros2_21_tutorials/install/learning_gazebo_harmonic:/home/unique/ros2_ws/ros2_21_tutorials/install/learning_gazebo:/home/unique/ros2_ws/ros2_21_tutorials/install/learning_cv:/opt/ros/humble /usr/bin/cmake --build /home/unique/ros2_ws/ros_test/build/main_interface -- -j8 -l8
[0.674s] DEBUG:colcon.colcon_core.event_handler.log_command:Invoking command in '/home/unique/ros2_ws/ros_test/build/realtime_common': CMAKE_PREFIX_PATH=${CMAKE_PREFIX_PATH}:/home/unique/ros2_ws/ros2_21_tutorials/install/learning_urdf:/home/unique/ros2_ws/ros2_21_tutorials/install/learning_topic:/home/unique/ros2_ws/ros2_21_tutorials/install/learning_tf:/home/unique/ros2_ws/ros2_21_tutorials/install/learning_service:/home/unique/ros2_ws/ros2_21_tutorials/install/learning_qos:/home/unique/ros2_ws/ros2_21_tutorials/install/learning_pkg_python:/home/unique/ros2_ws/ros2_21_tutorials/install/learning_parameter:/home/unique/ros2_ws/ros2_21_tutorials/install/learning_node:/home/unique/ros2_ws/ros2_21_tutorials/install/learning_launch:/home/unique/ros2_ws/ros2_21_tutorials/install/learning_action:/home/unique/ros2_ws/ros2_21_tutorials/install/learning_gazebo_harmonic:/home/unique/ros2_ws/ros2_21_tutorials/install/learning_gazebo:/home/unique/ros2_ws/ros2_21_tutorials/install/learning_cv:/opt/ros/humble /usr/bin/cmake --build /home/unique/ros2_ws/ros_test/build/realtime_common -- -j8 -l8
[0.680s] DEBUG:colcon.colcon_core.event_handler.log_command:Invoking command in '/home/unique/ros2_ws/ros_test/build/realtime_launch': CMAKE_PREFIX_PATH=${CMAKE_PREFIX_PATH}:/home/unique/ros2_ws/ros2_21_tutorials/install/learning_urdf:/home/unique/ros2_ws/ros2_21_tutorials/install/learning_topic:/home/unique/ros2_ws/ros2_21_tutorials/install/learning_tf:/home/unique/ros2_ws/ros2_21_tutorials/install/learning_service:/home/unique/ros2_ws/ros2_21_tutorials/install/learning_qos:/home/unique/ros2_ws/ros2_21_tutorials/install/learning_pkg_python:/home/unique/ros2_ws/ros2_21_tutorials/install/learning_parameter:/home/unique/ros2_ws/ros2_21_tutorials/install/learning_node:/home/unique/ros2_ws/ros2_21_tutorials/install/learning_launch:/home/unique/ros2_ws/ros2_21_tutorials/install/learning_action:/home/unique/ros2_ws/ros2_21_tutorials/install/learning_gazebo_harmonic:/home/unique/ros2_ws/ros2_21_tutorials/install/learning_gazebo:/home/unique/ros2_ws/ros2_21_tutorials/install/learning_cv:/opt/ros/humble /usr/bin/cmake --build /home/unique/ros2_ws/ros_test/build/realtime_launch -- -j8 -l8
[0.760s] DEBUG:colcon.colcon_core.event_handler.log_command:Invoked command in '/home/unique/ros2_ws/ros_test/build/realtime_launch' returned '0': CMAKE_PREFIX_PATH=${CMAKE_PREFIX_PATH}:/home/unique/ros2_ws/ros2_21_tutorials/install/learning_urdf:/home/unique/ros2_ws/ros2_21_tutorials/install/learning_topic:/home/unique/ros2_ws/ros2_21_tutorials/install/learning_tf:/home/unique/ros2_ws/ros2_21_tutorials/install/learning_service:/home/unique/ros2_ws/ros2_21_tutorials/install/learning_qos:/home/unique/ros2_ws/ros2_21_tutorials/install/learning_pkg_python:/home/unique/ros2_ws/ros2_21_tutorials/install/learning_parameter:/home/unique/ros2_ws/ros2_21_tutorials/install/learning_node:/home/unique/ros2_ws/ros2_21_tutorials/install/learning_launch:/home/unique/ros2_ws/ros2_21_tutorials/install/learning_action:/home/unique/ros2_ws/ros2_21_tutorials/install/learning_gazebo_harmonic:/home/unique/ros2_ws/ros2_21_tutorials/install/learning_gazebo:/home/unique/ros2_ws/ros2_21_tutorials/install/learning_cv:/opt/ros/humble /usr/bin/cmake --build /home/unique/ros2_ws/ros_test/build/realtime_launch -- -j8 -l8
[0.785s] DEBUG:colcon.colcon_core.event_handler.log_command:Invoking command in '/home/unique/ros2_ws/ros_test/build/realtime_launch': CMAKE_PREFIX_PATH=${CMAKE_PREFIX_PATH}:/home/unique/ros2_ws/ros2_21_tutorials/install/learning_urdf:/home/unique/ros2_ws/ros2_21_tutorials/install/learning_topic:/home/unique/ros2_ws/ros2_21_tutorials/install/learning_tf:/home/unique/ros2_ws/ros2_21_tutorials/install/learning_service:/home/unique/ros2_ws/ros2_21_tutorials/install/learning_qos:/home/unique/ros2_ws/ros2_21_tutorials/install/learning_pkg_python:/home/unique/ros2_ws/ros2_21_tutorials/install/learning_parameter:/home/unique/ros2_ws/ros2_21_tutorials/install/learning_node:/home/unique/ros2_ws/ros2_21_tutorials/install/learning_launch:/home/unique/ros2_ws/ros2_21_tutorials/install/learning_action:/home/unique/ros2_ws/ros2_21_tutorials/install/learning_gazebo_harmonic:/home/unique/ros2_ws/ros2_21_tutorials/install/learning_gazebo:/home/unique/ros2_ws/ros2_21_tutorials/install/learning_cv:/opt/ros/humble /usr/bin/cmake --install /home/unique/ros2_ws/ros_test/build/realtime_launch
[0.806s] DEBUG:colcon.colcon_core.event_handler.log_command:Invoked command in '/home/unique/ros2_ws/ros_test/build/realtime_common' returned '0': CMAKE_PREFIX_PATH=${CMAKE_PREFIX_PATH}:/home/unique/ros2_ws/ros2_21_tutorials/install/learning_urdf:/home/unique/ros2_ws/ros2_21_tutorials/install/learning_topic:/home/unique/ros2_ws/ros2_21_tutorials/install/learning_tf:/home/unique/ros2_ws/ros2_21_tutorials/install/learning_service:/home/unique/ros2_ws/ros2_21_tutorials/install/learning_qos:/home/unique/ros2_ws/ros2_21_tutorials/install/learning_pkg_python:/home/unique/ros2_ws/ros2_21_tutorials/install/learning_parameter:/home/unique/ros2_ws/ros2_21_tutorials/install/learning_node:/home/unique/ros2_ws/ros2_21_tutorials/install/learning_launch:/home/unique/ros2_ws/ros2_21_tutorials/install/learning_action:/home/unique/ros2_ws/ros2_21_tutorials/install/learning_gazebo_harmonic:/home/unique/ros2_ws/ros2_21_tutorials/install/learning_gazebo:/home/unique/ros2_ws/ros2_21_tutorials/install/learning_cv:/opt/ros/humble /usr/bin/cmake --build /home/unique/ros2_ws/ros_test/build/realtime_common -- -j8 -l8
[0.806s] DEBUG:colcon.colcon_core.event_handler.log_command:Invoking command in '/home/unique/ros2_ws/ros_test/build/realtime_common': CMAKE_PREFIX_PATH=${CMAKE_PREFIX_PATH}:/home/unique/ros2_ws/ros2_21_tutorials/install/learning_urdf:/home/unique/ros2_ws/ros2_21_tutorials/install/learning_topic:/home/unique/ros2_ws/ros2_21_tutorials/install/learning_tf:/home/unique/ros2_ws/ros2_21_tutorials/install/learning_service:/home/unique/ros2_ws/ros2_21_tutorials/install/learning_qos:/home/unique/ros2_ws/ros2_21_tutorials/install/learning_pkg_python:/home/unique/ros2_ws/ros2_21_tutorials/install/learning_parameter:/home/unique/ros2_ws/ros2_21_tutorials/install/learning_node:/home/unique/ros2_ws/ros2_21_tutorials/install/learning_launch:/home/unique/ros2_ws/ros2_21_tutorials/install/learning_action:/home/unique/ros2_ws/ros2_21_tutorials/install/learning_gazebo_harmonic:/home/unique/ros2_ws/ros2_21_tutorials/install/learning_gazebo:/home/unique/ros2_ws/ros2_21_tutorials/install/learning_cv:/opt/ros/humble /usr/bin/cmake --install /home/unique/ros2_ws/ros_test/build/realtime_common
[0.816s] Level 1:colcon.colcon_core.environment:create_environment_scripts_only(realtime_launch)
[0.824s] DEBUG:colcon.colcon_core.event_handler.log_command:Invoked command in '/home/unique/ros2_ws/ros_test/build/realtime_launch' returned '0': CMAKE_PREFIX_PATH=${CMAKE_PREFIX_PATH}:/home/unique/ros2_ws/ros2_21_tutorials/install/learning_urdf:/home/unique/ros2_ws/ros2_21_tutorials/install/learning_topic:/home/unique/ros2_ws/ros2_21_tutorials/install/learning_tf:/home/unique/ros2_ws/ros2_21_tutorials/install/learning_service:/home/unique/ros2_ws/ros2_21_tutorials/install/learning_qos:/home/unique/ros2_ws/ros2_21_tutorials/install/learning_pkg_python:/home/unique/ros2_ws/ros2_21_tutorials/install/learning_parameter:/home/unique/ros2_ws/ros2_21_tutorials/install/learning_node:/home/unique/ros2_ws/ros2_21_tutorials/install/learning_launch:/home/unique/ros2_ws/ros2_21_tutorials/install/learning_action:/home/unique/ros2_ws/ros2_21_tutorials/install/learning_gazebo_harmonic:/home/unique/ros2_ws/ros2_21_tutorials/install/learning_gazebo:/home/unique/ros2_ws/ros2_21_tutorials/install/learning_cv:/opt/ros/humble /usr/bin/cmake --install /home/unique/ros2_ws/ros_test/build/realtime_launch
[0.830s] Level 1:colcon.colcon_core.environment:checking '/home/unique/ros2_ws/ros_test/install/realtime_launch' for CMake module files
[0.832s] Level 1:colcon.colcon_core.environment:checking '/home/unique/ros2_ws/ros_test/install/realtime_launch' for CMake config files
[0.832s] Level 1:colcon.colcon_core.shell:create_environment_hook('realtime_launch', 'cmake_prefix_path')
[0.833s] INFO:colcon.colcon_core.shell:Creating environment hook '/home/unique/ros2_ws/ros_test/install/realtime_launch/share/realtime_launch/hook/cmake_prefix_path.ps1'
[0.834s] INFO:colcon.colcon_core.shell:Creating environment descriptor '/home/unique/ros2_ws/ros_test/install/realtime_launch/share/realtime_launch/hook/cmake_prefix_path.dsv'
[0.840s] INFO:colcon.colcon_core.shell:Creating environment hook '/home/unique/ros2_ws/ros_test/install/realtime_launch/share/realtime_launch/hook/cmake_prefix_path.sh'
[0.846s] Level 1:colcon.colcon_core.environment:checking '/home/unique/ros2_ws/ros_test/install/realtime_launch/bin'
[0.846s] Level 1:colcon.colcon_core.environment:checking '/home/unique/ros2_ws/ros_test/install/realtime_launch/lib/pkgconfig/realtime_launch.pc'
[0.846s] Level 1:colcon.colcon_core.environment:checking '/home/unique/ros2_ws/ros_test/install/realtime_launch/lib/python3.10/site-packages'
[0.847s] Level 1:colcon.colcon_core.environment:checking '/home/unique/ros2_ws/ros_test/install/realtime_launch/bin'
[0.848s] INFO:colcon.colcon_core.shell:Creating package script '/home/unique/ros2_ws/ros_test/install/realtime_launch/share/realtime_launch/package.ps1'
[0.850s] INFO:colcon.colcon_core.shell:Creating package descriptor '/home/unique/ros2_ws/ros_test/install/realtime_launch/share/realtime_launch/package.dsv'
[0.851s] INFO:colcon.colcon_core.shell:Creating package script '/home/unique/ros2_ws/ros_test/install/realtime_launch/share/realtime_launch/package.sh'
[0.853s] INFO:colcon.colcon_core.shell:Creating package script '/home/unique/ros2_ws/ros_test/install/realtime_launch/share/realtime_launch/package.bash'
[0.854s] INFO:colcon.colcon_core.shell:Creating package script '/home/unique/ros2_ws/ros_test/install/realtime_launch/share/realtime_launch/package.zsh'
[0.856s] Level 1:colcon.colcon_core.environment:create_file_with_runtime_dependencies(/home/unique/ros2_ws/ros_test/install/realtime_launch/share/colcon-core/packages/realtime_launch)
[0.857s] Level 1:colcon.colcon_core.environment:create_environment_scripts_only(realtime_launch)
[0.858s] Level 1:colcon.colcon_core.environment:checking '/home/unique/ros2_ws/ros_test/install/realtime_launch' for CMake module files
[0.859s] Level 1:colcon.colcon_core.environment:checking '/home/unique/ros2_ws/ros_test/install/realtime_launch' for CMake config files
[0.859s] Level 1:colcon.colcon_core.shell:create_environment_hook('realtime_launch', 'cmake_prefix_path')
[0.860s] INFO:colcon.colcon_core.shell:Creating environment hook '/home/unique/ros2_ws/ros_test/install/realtime_launch/share/realtime_launch/hook/cmake_prefix_path.ps1'
[0.861s] INFO:colcon.colcon_core.shell:Creating environment descriptor '/home/unique/ros2_ws/ros_test/install/realtime_launch/share/realtime_launch/hook/cmake_prefix_path.dsv'
[0.862s] INFO:colcon.colcon_core.shell:Creating environment hook '/home/unique/ros2_ws/ros_test/install/realtime_launch/share/realtime_launch/hook/cmake_prefix_path.sh'
[0.863s] Level 1:colcon.colcon_core.environment:checking '/home/unique/ros2_ws/ros_test/install/realtime_launch/bin'
[0.863s] Level 1:colcon.colcon_core.environment:checking '/home/unique/ros2_ws/ros_test/install/realtime_launch/lib/pkgconfig/realtime_launch.pc'
[0.864s] Level 1:colcon.colcon_core.environment:checking '/home/unique/ros2_ws/ros_test/install/realtime_launch/lib/python3.10/site-packages'
[0.864s] Level 1:colcon.colcon_core.environment:checking '/home/unique/ros2_ws/ros_test/install/realtime_launch/bin'
[0.865s] INFO:colcon.colcon_core.shell:Creating package script '/home/unique/ros2_ws/ros_test/install/realtime_launch/share/realtime_launch/package.ps1'
[0.868s] INFO:colcon.colcon_core.shell:Creating package descriptor '/home/unique/ros2_ws/ros_test/install/realtime_launch/share/realtime_launch/package.dsv'
[0.869s] INFO:colcon.colcon_core.shell:Creating package script '/home/unique/ros2_ws/ros_test/install/realtime_launch/share/realtime_launch/package.sh'
[0.870s] INFO:colcon.colcon_core.shell:Creating package script '/home/unique/ros2_ws/ros_test/install/realtime_launch/share/realtime_launch/package.bash'
[0.870s] INFO:colcon.colcon_core.shell:Creating package script '/home/unique/ros2_ws/ros_test/install/realtime_launch/share/realtime_launch/package.zsh'
[0.871s] Level 1:colcon.colcon_core.environment:create_file_with_runtime_dependencies(/home/unique/ros2_ws/ros_test/install/realtime_launch/share/colcon-core/packages/realtime_launch)
[0.874s] Level 1:colcon.colcon_core.environment:create_environment_scripts_only(realtime_common)
[0.875s] Level 1:colcon.colcon_core.environment:checking '/home/unique/ros2_ws/ros_test/install/realtime_common' for CMake module files
[0.877s] DEBUG:colcon.colcon_core.event_handler.log_command:Invoked command in '/home/unique/ros2_ws/ros_test/build/realtime_common' returned '0': CMAKE_PREFIX_PATH=${CMAKE_PREFIX_PATH}:/home/unique/ros2_ws/ros2_21_tutorials/install/learning_urdf:/home/unique/ros2_ws/ros2_21_tutorials/install/learning_topic:/home/unique/ros2_ws/ros2_21_tutorials/install/learning_tf:/home/unique/ros2_ws/ros2_21_tutorials/install/learning_service:/home/unique/ros2_ws/ros2_21_tutorials/install/learning_qos:/home/unique/ros2_ws/ros2_21_tutorials/install/learning_pkg_python:/home/unique/ros2_ws/ros2_21_tutorials/install/learning_parameter:/home/unique/ros2_ws/ros2_21_tutorials/install/learning_node:/home/unique/ros2_ws/ros2_21_tutorials/install/learning_launch:/home/unique/ros2_ws/ros2_21_tutorials/install/learning_action:/home/unique/ros2_ws/ros2_21_tutorials/install/learning_gazebo_harmonic:/home/unique/ros2_ws/ros2_21_tutorials/install/learning_gazebo:/home/unique/ros2_ws/ros2_21_tutorials/install/learning_cv:/opt/ros/humble /usr/bin/cmake --install /home/unique/ros2_ws/ros_test/build/realtime_common
[0.878s] Level 1:colcon.colcon_core.environment:checking '/home/unique/ros2_ws/ros_test/install/realtime_common' for CMake config files
[0.880s] Level 1:colcon.colcon_core.shell:create_environment_hook('realtime_common', 'cmake_prefix_path')
[0.880s] INFO:colcon.colcon_core.shell:Creating environment hook '/home/unique/ros2_ws/ros_test/install/realtime_common/share/realtime_common/hook/cmake_prefix_path.ps1'
[0.881s] INFO:colcon.colcon_core.shell:Creating environment descriptor '/home/unique/ros2_ws/ros_test/install/realtime_common/share/realtime_common/hook/cmake_prefix_path.dsv'
[0.882s] INFO:colcon.colcon_core.shell:Creating environment hook '/home/unique/ros2_ws/ros_test/install/realtime_common/share/realtime_common/hook/cmake_prefix_path.sh'
[0.883s] Level 1:colcon.colcon_core.environment:checking '/home/unique/ros2_ws/ros_test/install/realtime_common/bin'
[0.883s] Level 1:colcon.colcon_core.environment:checking '/home/unique/ros2_ws/ros_test/install/realtime_common/lib/pkgconfig/realtime_common.pc'
[0.884s] Level 1:colcon.colcon_core.environment:checking '/home/unique/ros2_ws/ros_test/install/realtime_common/lib/python3.10/site-packages'
[0.884s] Level 1:colcon.colcon_core.environment:checking '/home/unique/ros2_ws/ros_test/install/realtime_common/bin'
[0.885s] INFO:colcon.colcon_core.shell:Creating package script '/home/unique/ros2_ws/ros_test/install/realtime_common/share/realtime_common/package.ps1'
[0.885s] INFO:colcon.colcon_core.shell:Creating package descriptor '/home/unique/ros2_ws/ros_test/install/realtime_common/share/realtime_common/package.dsv'
[0.887s] INFO:colcon.colcon_core.shell:Creating package script '/home/unique/ros2_ws/ros_test/install/realtime_common/share/realtime_common/package.sh'
[0.888s] INFO:colcon.colcon_core.shell:Creating package script '/home/unique/ros2_ws/ros_test/install/realtime_common/share/realtime_common/package.bash'
[0.889s] INFO:colcon.colcon_core.shell:Creating package script '/home/unique/ros2_ws/ros_test/install/realtime_common/share/realtime_common/package.zsh'
[0.889s] Level 1:colcon.colcon_core.environment:create_file_with_runtime_dependencies(/home/unique/ros2_ws/ros_test/install/realtime_common/share/colcon-core/packages/realtime_common)
[0.890s] Level 1:colcon.colcon_core.environment:create_environment_scripts_only(realtime_common)
[0.890s] Level 1:colcon.colcon_core.environment:checking '/home/unique/ros2_ws/ros_test/install/realtime_common' for CMake module files
[0.892s] Level 1:colcon.colcon_core.environment:checking '/home/unique/ros2_ws/ros_test/install/realtime_common' for CMake config files
[0.892s] Level 1:colcon.colcon_core.shell:create_environment_hook('realtime_common', 'cmake_prefix_path')
[0.893s] INFO:colcon.colcon_core.shell:Creating environment hook '/home/unique/ros2_ws/ros_test/install/realtime_common/share/realtime_common/hook/cmake_prefix_path.ps1'
[0.894s] INFO:colcon.colcon_core.shell:Creating environment descriptor '/home/unique/ros2_ws/ros_test/install/realtime_common/share/realtime_common/hook/cmake_prefix_path.dsv'
[0.895s] INFO:colcon.colcon_core.shell:Creating environment hook '/home/unique/ros2_ws/ros_test/install/realtime_common/share/realtime_common/hook/cmake_prefix_path.sh'
[0.896s] Level 1:colcon.colcon_core.environment:checking '/home/unique/ros2_ws/ros_test/install/realtime_common/bin'
[0.896s] Level 1:colcon.colcon_core.environment:checking '/home/unique/ros2_ws/ros_test/install/realtime_common/lib/pkgconfig/realtime_common.pc'
[0.897s] Level 1:colcon.colcon_core.environment:checking '/home/unique/ros2_ws/ros_test/install/realtime_common/lib/python3.10/site-packages'
[0.898s] Level 1:colcon.colcon_core.environment:checking '/home/unique/ros2_ws/ros_test/install/realtime_common/bin'
[0.898s] INFO:colcon.colcon_core.shell:Creating package script '/home/unique/ros2_ws/ros_test/install/realtime_common/share/realtime_common/package.ps1'
[0.900s] INFO:colcon.colcon_core.shell:Creating package descriptor '/home/unique/ros2_ws/ros_test/install/realtime_common/share/realtime_common/package.dsv'
[0.901s] INFO:colcon.colcon_core.shell:Creating package script '/home/unique/ros2_ws/ros_test/install/realtime_common/share/realtime_common/package.sh'
[0.901s] INFO:colcon.colcon_core.shell:Creating package script '/home/unique/ros2_ws/ros_test/install/realtime_common/share/realtime_common/package.bash'
[0.902s] INFO:colcon.colcon_core.shell:Creating package script '/home/unique/ros2_ws/ros_test/install/realtime_common/share/realtime_common/package.zsh'
[0.903s] Level 1:colcon.colcon_core.environment:create_file_with_runtime_dependencies(/home/unique/ros2_ws/ros_test/install/realtime_common/share/colcon-core/packages/realtime_common)
[1.308s] DEBUG:colcon.colcon_core.event_handler.log_command:Invoked command in '/home/unique/ros2_ws/ros_test/build/main_interface' returned '0': CMAKE_PREFIX_PATH=${CMAKE_PREFIX_PATH}:/home/unique/ros2_ws/ros2_21_tutorials/install/learning_urdf:/home/unique/ros2_ws/ros2_21_tutorials/install/learning_topic:/home/unique/ros2_ws/ros2_21_tutorials/install/learning_tf:/home/unique/ros2_ws/ros2_21_tutorials/install/learning_service:/home/unique/ros2_ws/ros2_21_tutorials/install/learning_qos:/home/unique/ros2_ws/ros2_21_tutorials/install/learning_pkg_python:/home/unique/ros2_ws/ros2_21_tutorials/install/learning_parameter:/home/unique/ros2_ws/ros2_21_tutorials/install/learning_node:/home/unique/ros2_ws/ros2_21_tutorials/install/learning_launch:/home/unique/ros2_ws/ros2_21_tutorials/install/learning_action:/home/unique/ros2_ws/ros2_21_tutorials/install/learning_gazebo_harmonic:/home/unique/ros2_ws/ros2_21_tutorials/install/learning_gazebo:/home/unique/ros2_ws/ros2_21_tutorials/install/learning_cv:/opt/ros/humble /usr/bin/cmake --build /home/unique/ros2_ws/ros_test/build/main_interface -- -j8 -l8
[1.310s] DEBUG:colcon.colcon_core.event_handler.log_command:Invoking command in '/home/unique/ros2_ws/ros_test/build/main_interface': CMAKE_PREFIX_PATH=${CMAKE_PREFIX_PATH}:/home/unique/ros2_ws/ros2_21_tutorials/install/learning_urdf:/home/unique/ros2_ws/ros2_21_tutorials/install/learning_topic:/home/unique/ros2_ws/ros2_21_tutorials/install/learning_tf:/home/unique/ros2_ws/ros2_21_tutorials/install/learning_service:/home/unique/ros2_ws/ros2_21_tutorials/install/learning_qos:/home/unique/ros2_ws/ros2_21_tutorials/install/learning_pkg_python:/home/unique/ros2_ws/ros2_21_tutorials/install/learning_parameter:/home/unique/ros2_ws/ros2_21_tutorials/install/learning_node:/home/unique/ros2_ws/ros2_21_tutorials/install/learning_launch:/home/unique/ros2_ws/ros2_21_tutorials/install/learning_action:/home/unique/ros2_ws/ros2_21_tutorials/install/learning_gazebo_harmonic:/home/unique/ros2_ws/ros2_21_tutorials/install/learning_gazebo:/home/unique/ros2_ws/ros2_21_tutorials/install/learning_cv:/opt/ros/humble /usr/bin/cmake --install /home/unique/ros2_ws/ros_test/build/main_interface
[1.406s] Level 1:colcon.colcon_core.environment:create_environment_scripts_only(main_interface)
[1.407s] DEBUG:colcon.colcon_core.event_handler.log_command:Invoked command in '/home/unique/ros2_ws/ros_test/build/main_interface' returned '0': CMAKE_PREFIX_PATH=${CMAKE_PREFIX_PATH}:/home/unique/ros2_ws/ros2_21_tutorials/install/learning_urdf:/home/unique/ros2_ws/ros2_21_tutorials/install/learning_topic:/home/unique/ros2_ws/ros2_21_tutorials/install/learning_tf:/home/unique/ros2_ws/ros2_21_tutorials/install/learning_service:/home/unique/ros2_ws/ros2_21_tutorials/install/learning_qos:/home/unique/ros2_ws/ros2_21_tutorials/install/learning_pkg_python:/home/unique/ros2_ws/ros2_21_tutorials/install/learning_parameter:/home/unique/ros2_ws/ros2_21_tutorials/install/learning_node:/home/unique/ros2_ws/ros2_21_tutorials/install/learning_launch:/home/unique/ros2_ws/ros2_21_tutorials/install/learning_action:/home/unique/ros2_ws/ros2_21_tutorials/install/learning_gazebo_harmonic:/home/unique/ros2_ws/ros2_21_tutorials/install/learning_gazebo:/home/unique/ros2_ws/ros2_21_tutorials/install/learning_cv:/opt/ros/humble /usr/bin/cmake --install /home/unique/ros2_ws/ros_test/build/main_interface
[1.407s] Level 1:colcon.colcon_core.environment:checking '/home/unique/ros2_ws/ros_test/install/main_interface' for CMake module files
[1.408s] Level 1:colcon.colcon_core.environment:checking '/home/unique/ros2_ws/ros_test/install/main_interface' for CMake config files
[1.409s] Level 1:colcon.colcon_core.shell:create_environment_hook('main_interface', 'cmake_prefix_path')
[1.409s] INFO:colcon.colcon_core.shell:Creating environment hook '/home/unique/ros2_ws/ros_test/install/main_interface/share/main_interface/hook/cmake_prefix_path.ps1'
[1.410s] INFO:colcon.colcon_core.shell:Creating environment descriptor '/home/unique/ros2_ws/ros_test/install/main_interface/share/main_interface/hook/cmake_prefix_path.dsv'
[1.410s] INFO:colcon.colcon_core.shell:Creating environment hook '/home/unique/ros2_ws/ros_test/install/main_interface/share/main_interface/hook/cmake_prefix_path.sh'
[1.411s] Level 1:colcon.colcon_core.environment:checking '/home/unique/ros2_ws/ros_test/install/main_interface/lib'
[1.411s] Level 1:colcon.colcon_core.shell:create_environment_hook('main_interface', 'ld_library_path_lib')
[1.411s] INFO:colcon.colcon_core.shell:Creating environment hook '/home/unique/ros2_ws/ros_test/install/main_interface/share/main_interface/hook/ld_library_path_lib.ps1'
[1.412s] INFO:colcon.colcon_core.shell:Creating environment descriptor '/home/unique/ros2_ws/ros_test/install/main_interface/share/main_interface/hook/ld_library_path_lib.dsv'
[1.412s] INFO:colcon.colcon_core.shell:Creating environment hook '/home/unique/ros2_ws/ros_test/install/main_interface/share/main_interface/hook/ld_library_path_lib.sh'
[1.413s] Level 1:colcon.colcon_core.environment:checking '/home/unique/ros2_ws/ros_test/install/main_interface/bin'
[1.413s] Level 1:colcon.colcon_core.environment:checking '/home/unique/ros2_ws/ros_test/install/main_interface/lib/pkgconfig/main_interface.pc'
[1.413s] Level 1:colcon.colcon_core.environment:checking '/home/unique/ros2_ws/ros_test/install/main_interface/lib/python3.10/site-packages'
[1.413s] Level 1:colcon.colcon_core.environment:checking '/home/unique/ros2_ws/ros_test/install/main_interface/bin'
[1.414s] INFO:colcon.colcon_core.shell:Creating package script '/home/unique/ros2_ws/ros_test/install/main_interface/share/main_interface/package.ps1'
[1.414s] INFO:colcon.colcon_core.shell:Creating package descriptor '/home/unique/ros2_ws/ros_test/install/main_interface/share/main_interface/package.dsv'
[1.415s] INFO:colcon.colcon_core.shell:Creating package script '/home/unique/ros2_ws/ros_test/install/main_interface/share/main_interface/package.sh'
[1.415s] INFO:colcon.colcon_core.shell:Creating package script '/home/unique/ros2_ws/ros_test/install/main_interface/share/main_interface/package.bash'
[1.415s] INFO:colcon.colcon_core.shell:Creating package script '/home/unique/ros2_ws/ros_test/install/main_interface/share/main_interface/package.zsh'
[1.416s] Level 1:colcon.colcon_core.environment:create_file_with_runtime_dependencies(/home/unique/ros2_ws/ros_test/install/main_interface/share/colcon-core/packages/main_interface)
[1.417s] Level 1:colcon.colcon_core.environment:create_environment_scripts_only(main_interface)
[1.417s] Level 1:colcon.colcon_core.environment:checking '/home/unique/ros2_ws/ros_test/install/main_interface' for CMake module files
[1.417s] Level 1:colcon.colcon_core.environment:checking '/home/unique/ros2_ws/ros_test/install/main_interface' for CMake config files
[1.418s] Level 1:colcon.colcon_core.shell:create_environment_hook('main_interface', 'cmake_prefix_path')
[1.418s] INFO:colcon.colcon_core.shell:Creating environment hook '/home/unique/ros2_ws/ros_test/install/main_interface/share/main_interface/hook/cmake_prefix_path.ps1'
[1.419s] INFO:colcon.colcon_core.shell:Creating environment descriptor '/home/unique/ros2_ws/ros_test/install/main_interface/share/main_interface/hook/cmake_prefix_path.dsv'
[1.419s] INFO:colcon.colcon_core.shell:Creating environment hook '/home/unique/ros2_ws/ros_test/install/main_interface/share/main_interface/hook/cmake_prefix_path.sh'
[1.420s] Level 1:colcon.colcon_core.environment:checking '/home/unique/ros2_ws/ros_test/install/main_interface/lib'
[1.420s] Level 1:colcon.colcon_core.shell:create_environment_hook('main_interface', 'ld_library_path_lib')
[1.420s] INFO:colcon.colcon_core.shell:Creating environment hook '/home/unique/ros2_ws/ros_test/install/main_interface/share/main_interface/hook/ld_library_path_lib.ps1'
[1.420s] INFO:colcon.colcon_core.shell:Creating environment descriptor '/home/unique/ros2_ws/ros_test/install/main_interface/share/main_interface/hook/ld_library_path_lib.dsv'
[1.421s] INFO:colcon.colcon_core.shell:Creating environment hook '/home/unique/ros2_ws/ros_test/install/main_interface/share/main_interface/hook/ld_library_path_lib.sh'
[1.422s] Level 1:colcon.colcon_core.environment:checking '/home/unique/ros2_ws/ros_test/install/main_interface/bin'
[1.422s] Level 1:colcon.colcon_core.environment:checking '/home/unique/ros2_ws/ros_test/install/main_interface/lib/pkgconfig/main_interface.pc'
[1.422s] Level 1:colcon.colcon_core.environment:checking '/home/unique/ros2_ws/ros_test/install/main_interface/lib/python3.10/site-packages'
[1.422s] Level 1:colcon.colcon_core.environment:checking '/home/unique/ros2_ws/ros_test/install/main_interface/bin'
[1.423s] INFO:colcon.colcon_core.shell:Creating package script '/home/unique/ros2_ws/ros_test/install/main_interface/share/main_interface/package.ps1'
[1.424s] INFO:colcon.colcon_core.shell:Creating package descriptor '/home/unique/ros2_ws/ros_test/install/main_interface/share/main_interface/package.dsv'
[1.424s] INFO:colcon.colcon_core.shell:Creating package script '/home/unique/ros2_ws/ros_test/install/main_interface/share/main_interface/package.sh'
[1.425s] INFO:colcon.colcon_core.shell:Creating package script '/home/unique/ros2_ws/ros_test/install/main_interface/share/main_interface/package.bash'
[1.425s] INFO:colcon.colcon_core.shell:Creating package script '/home/unique/ros2_ws/ros_test/install/main_interface/share/main_interface/package.zsh'
[1.426s] Level 1:colcon.colcon_core.environment:create_file_with_runtime_dependencies(/home/unique/ros2_ws/ros_test/install/main_interface/share/colcon-core/packages/main_interface)
[1.426s] INFO:colcon.colcon_ros.task.ament_cmake.build:Building ROS package in '/home/unique/ros2_ws/ros_test/src/IOqueue' with build type 'ament_cmake'
[1.427s] INFO:colcon.colcon_cmake.task.cmake.build:Building CMake package in '/home/unique/ros2_ws/ros_test/src/IOqueue'
[1.427s] INFO:colcon.colcon_core.shell:Skip shell extension 'powershell' for command environment: Not usable outside of PowerShell
[1.427s] DEBUG:colcon.colcon_core.shell:Skip shell extension 'dsv' for command environment
[1.438s] INFO:colcon.colcon_ros.task.ament_cmake.build:Building ROS package in '/home/unique/ros2_ws/ros_test/src/IOringbuffer' with build type 'ament_cmake'
[1.438s] INFO:colcon.colcon_cmake.task.cmake.build:Building CMake package in '/home/unique/ros2_ws/ros_test/src/IOringbuffer'
[1.438s] INFO:colcon.colcon_core.shell:Skip shell extension 'powershell' for command environment: Not usable outside of PowerShell
[1.438s] DEBUG:colcon.colcon_core.shell:Skip shell extension 'dsv' for command environment
[1.450s] INFO:colcon.colcon_ros.task.ament_cmake.build:Building ROS package in '/home/unique/ros2_ws/ros_test/src/test_loopback' with build type 'ament_cmake'
[1.450s] INFO:colcon.colcon_cmake.task.cmake.build:Building CMake package in '/home/unique/ros2_ws/ros_test/src/test_loopback'
[1.451s] INFO:colcon.colcon_core.shell:Skip shell extension 'powershell' for command environment: Not usable outside of PowerShell
[1.451s] DEBUG:colcon.colcon_core.shell:Skip shell extension 'dsv' for command environment
[1.461s] INFO:colcon.colcon_ros.task.ament_cmake.build:Building ROS package in '/home/unique/ros2_ws/ros_test/src/test_ringbuffer_loopback' with build type 'ament_cmake'
[1.461s] INFO:colcon.colcon_cmake.task.cmake.build:Building CMake package in '/home/unique/ros2_ws/ros_test/src/test_ringbuffer_loopback'
[1.461s] INFO:colcon.colcon_core.shell:Skip shell extension 'powershell' for command environment: Not usable outside of PowerShell
[1.462s] DEBUG:colcon.colcon_core.shell:Skip shell extension 'dsv' for command environment
[1.719s] DEBUG:colcon.colcon_core.event_handler.log_command:Invoking command in '/home/unique/ros2_ws/ros_test/build/test_ringbuffer_loopback': CMAKE_PREFIX_PATH=/home/unique/ros2_ws/ros_test/install/main_interface:/home/unique/ros2_ws/ros_test/install/test_ringbuffer_loopback:/home/unique/ros2_ws/ros_test/install/test_loopback:/home/unique/ros2_ws/ros_test/install/realtime_launch:/home/unique/ros2_ws/ros_test/install/IOringbuffer:/home/unique/ros2_ws/ros_test/install/IOqueue:/home/unique/ros2_ws/ros_test/install/realtime_common:/home/unique/ros2_ws/install/village_wang:/home/unique/ros2_ws/install/village_interface:/home/unique/ros2_ws/install/my_cpp_pkg:/home/unique/ros2_ws/ros2_21_tutorials/install/learning_topic_cpp:/home/unique/ros2_ws/ros2_21_tutorials/install/learning_tf_cpp:/home/unique/ros2_ws/ros2_21_tutorials/install/learning_service_cpp:/home/unique/ros2_ws/ros2_21_tutorials/install/learning_pkg_c:/home/unique/ros2_ws/ros2_21_tutorials/install/learning_parameter_cpp:/home/unique/ros2_ws/ros2_21_tutorials/install/learning_node_cpp:/home/unique/ros2_ws/ros2_21_tutorials/install/learning_action_cpp:/home/unique/ros2_ws/ros2_21_tutorials/install/learning_interface:/home/unique/ros2_ws/ros2_21_tutorials/install/learning_urdf:/home/unique/ros2_ws/ros2_21_tutorials/install/learning_topic:/home/unique/ros2_ws/ros2_21_tutorials/install/learning_tf:/home/unique/ros2_ws/ros2_21_tutorials/install/learning_service:/home/unique/ros2_ws/ros2_21_tutorials/install/learning_qos:/home/unique/ros2_ws/ros2_21_tutorials/install/learning_pkg_python:/home/unique/ros2_ws/ros2_21_tutorials/install/learning_parameter:/home/unique/ros2_ws/ros2_21_tutorials/install/learning_node:/home/unique/ros2_ws/ros2_21_tutorials/install/learning_launch:/home/unique/ros2_ws/ros2_21_tutorials/install/learning_action:/home/unique/ros2_ws/ros2_21_tutorials/install/learning_gazebo_harmonic:/home/unique/ros2_ws/ros2_21_tutorials/install/learning_gazebo:/home/unique/ros2_ws/ros2_21_tutorials/install/learning_cv:/opt/ros/humble LD_LIBRARY_PATH=/home/unique/ros2_ws/ros_test/install/main_interface/lib:/home/unique/ros2_ws/ros_test/install/test_ringbuffer_loopback/lib:/home/unique/ros2_ws/ros_test/install/test_loopback/lib:/home/unique/ros2_ws/ros_test/install/IOringbuffer/lib:/home/unique/ros2_ws/ros_test/install/IOqueue/lib:/home/unique/ros2_ws/install/village_interface/lib:/home/unique/ros2_ws/ros2_21_tutorials/install/learning_interface/lib:/opt/ros/humble/opt/rviz_ogre_vendor/lib:/opt/ros/humble/lib/x86_64-linux-gnu:/opt/ros/humble/lib /usr/bin/cmake --build /home/unique/ros2_ws/ros_test/build/test_ringbuffer_loopback -- -j8 -l8
[1.724s] DEBUG:colcon.colcon_core.event_handler.log_command:Invoking command in '/home/unique/ros2_ws/ros_test/build/test_loopback': CMAKE_PREFIX_PATH=/home/unique/ros2_ws/ros_test/install/main_interface:/home/unique/ros2_ws/ros_test/install/test_ringbuffer_loopback:/home/unique/ros2_ws/ros_test/install/test_loopback:/home/unique/ros2_ws/ros_test/install/realtime_launch:/home/unique/ros2_ws/ros_test/install/IOringbuffer:/home/unique/ros2_ws/ros_test/install/IOqueue:/home/unique/ros2_ws/ros_test/install/realtime_common:/home/unique/ros2_ws/install/village_wang:/home/unique/ros2_ws/install/village_interface:/home/unique/ros2_ws/install/my_cpp_pkg:/home/unique/ros2_ws/ros2_21_tutorials/install/learning_topic_cpp:/home/unique/ros2_ws/ros2_21_tutorials/install/learning_tf_cpp:/home/unique/ros2_ws/ros2_21_tutorials/install/learning_service_cpp:/home/unique/ros2_ws/ros2_21_tutorials/install/learning_pkg_c:/home/unique/ros2_ws/ros2_21_tutorials/install/learning_parameter_cpp:/home/unique/ros2_ws/ros2_21_tutorials/install/learning_node_cpp:/home/unique/ros2_ws/ros2_21_tutorials/install/learning_action_cpp:/home/unique/ros2_ws/ros2_21_tutorials/install/learning_interface:/home/unique/ros2_ws/ros2_21_tutorials/install/learning_urdf:/home/unique/ros2_ws/ros2_21_tutorials/install/learning_topic:/home/unique/ros2_ws/ros2_21_tutorials/install/learning_tf:/home/unique/ros2_ws/ros2_21_tutorials/install/learning_service:/home/unique/ros2_ws/ros2_21_tutorials/install/learning_qos:/home/unique/ros2_ws/ros2_21_tutorials/install/learning_pkg_python:/home/unique/ros2_ws/ros2_21_tutorials/install/learning_parameter:/home/unique/ros2_ws/ros2_21_tutorials/install/learning_node:/home/unique/ros2_ws/ros2_21_tutorials/install/learning_launch:/home/unique/ros2_ws/ros2_21_tutorials/install/learning_action:/home/unique/ros2_ws/ros2_21_tutorials/install/learning_gazebo_harmonic:/home/unique/ros2_ws/ros2_21_tutorials/install/learning_gazebo:/home/unique/ros2_ws/ros2_21_tutorials/install/learning_cv:/opt/ros/humble LD_LIBRARY_PATH=/home/unique/ros2_ws/ros_test/install/main_interface/lib:/home/unique/ros2_ws/ros_test/install/test_ringbuffer_loopback/lib:/home/unique/ros2_ws/ros_test/install/test_loopback/lib:/home/unique/ros2_ws/ros_test/install/IOringbuffer/lib:/home/unique/ros2_ws/ros_test/install/IOqueue/lib:/home/unique/ros2_ws/install/village_interface/lib:/home/unique/ros2_ws/ros2_21_tutorials/install/learning_interface/lib:/opt/ros/humble/opt/rviz_ogre_vendor/lib:/opt/ros/humble/lib/x86_64-linux-gnu:/opt/ros/humble/lib /usr/bin/cmake --build /home/unique/ros2_ws/ros_test/build/test_loopback -- -j8 -l8
[1.799s] DEBUG:colcon.colcon_core.event_handler.log_command:Invoking command in '/home/unique/ros2_ws/ros_test/build/IOringbuffer': CMAKE_PREFIX_PATH=/home/unique/ros2_ws/ros_test/install/realtime_common:/home/unique/ros2_ws/ros_test/install/main_interface:/home/unique/ros2_ws/ros_test/install/test_ringbuffer_loopback:/home/unique/ros2_ws/ros_test/install/test_loopback:/home/unique/ros2_ws/ros_test/install/realtime_launch:/home/unique/ros2_ws/ros_test/install/IOringbuffer:/home/unique/ros2_ws/ros_test/install/IOqueue:/home/unique/ros2_ws/install/village_wang:/home/unique/ros2_ws/install/village_interface:/home/unique/ros2_ws/install/my_cpp_pkg:/home/unique/ros2_ws/ros2_21_tutorials/install/learning_topic_cpp:/home/unique/ros2_ws/ros2_21_tutorials/install/learning_tf_cpp:/home/unique/ros2_ws/ros2_21_tutorials/install/learning_service_cpp:/home/unique/ros2_ws/ros2_21_tutorials/install/learning_pkg_c:/home/unique/ros2_ws/ros2_21_tutorials/install/learning_parameter_cpp:/home/unique/ros2_ws/ros2_21_tutorials/install/learning_node_cpp:/home/unique/ros2_ws/ros2_21_tutorials/install/learning_action_cpp:/home/unique/ros2_ws/ros2_21_tutorials/install/learning_interface:/home/unique/ros2_ws/ros2_21_tutorials/install/learning_urdf:/home/unique/ros2_ws/ros2_21_tutorials/install/learning_topic:/home/unique/ros2_ws/ros2_21_tutorials/install/learning_tf:/home/unique/ros2_ws/ros2_21_tutorials/install/learning_service:/home/unique/ros2_ws/ros2_21_tutorials/install/learning_qos:/home/unique/ros2_ws/ros2_21_tutorials/install/learning_pkg_python:/home/unique/ros2_ws/ros2_21_tutorials/install/learning_parameter:/home/unique/ros2_ws/ros2_21_tutorials/install/learning_node:/home/unique/ros2_ws/ros2_21_tutorials/install/learning_launch:/home/unique/ros2_ws/ros2_21_tutorials/install/learning_action:/home/unique/ros2_ws/ros2_21_tutorials/install/learning_gazebo_harmonic:/home/unique/ros2_ws/ros2_21_tutorials/install/learning_gazebo:/home/unique/ros2_ws/ros2_21_tutorials/install/learning_cv:/opt/ros/humble LD_LIBRARY_PATH=/home/unique/ros2_ws/ros_test/install/main_interface/lib:/home/unique/ros2_ws/ros_test/install/test_ringbuffer_loopback/lib:/home/unique/ros2_ws/ros_test/install/test_loopback/lib:/home/unique/ros2_ws/ros_test/install/IOringbuffer/lib:/home/unique/ros2_ws/ros_test/install/IOqueue/lib:/home/unique/ros2_ws/install/village_interface/lib:/home/unique/ros2_ws/ros2_21_tutorials/install/learning_interface/lib:/opt/ros/humble/opt/rviz_ogre_vendor/lib:/opt/ros/humble/lib/x86_64-linux-gnu:/opt/ros/humble/lib /usr/bin/cmake --build /home/unique/ros2_ws/ros_test/build/IOringbuffer -- -j8 -l8
[1.803s] DEBUG:colcon.colcon_core.event_handler.log_command:Invoking command in '/home/unique/ros2_ws/ros_test/build/IOqueue': CMAKE_PREFIX_PATH=/home/unique/ros2_ws/ros_test/install/realtime_common:/home/unique/ros2_ws/ros_test/install/main_interface:/home/unique/ros2_ws/ros_test/install/test_ringbuffer_loopback:/home/unique/ros2_ws/ros_test/install/test_loopback:/home/unique/ros2_ws/ros_test/install/realtime_launch:/home/unique/ros2_ws/ros_test/install/IOringbuffer:/home/unique/ros2_ws/ros_test/install/IOqueue:/home/unique/ros2_ws/install/village_wang:/home/unique/ros2_ws/install/village_interface:/home/unique/ros2_ws/install/my_cpp_pkg:/home/unique/ros2_ws/ros2_21_tutorials/install/learning_topic_cpp:/home/unique/ros2_ws/ros2_21_tutorials/install/learning_tf_cpp:/home/unique/ros2_ws/ros2_21_tutorials/install/learning_service_cpp:/home/unique/ros2_ws/ros2_21_tutorials/install/learning_pkg_c:/home/unique/ros2_ws/ros2_21_tutorials/install/learning_parameter_cpp:/home/unique/ros2_ws/ros2_21_tutorials/install/learning_node_cpp:/home/unique/ros2_ws/ros2_21_tutorials/install/learning_action_cpp:/home/unique/ros2_ws/ros2_21_tutorials/install/learning_interface:/home/unique/ros2_ws/ros2_21_tutorials/install/learning_urdf:/home/unique/ros2_ws/ros2_21_tutorials/install/learning_topic:/home/unique/ros2_ws/ros2_21_tutorials/install/learning_tf:/home/unique/ros2_ws/ros2_21_tutorials/install/learning_service:/home/unique/ros2_ws/ros2_21_tutorials/install/learning_qos:/home/unique/ros2_ws/ros2_21_tutorials/install/learning_pkg_python:/home/unique/ros2_ws/ros2_21_tutorials/install/learning_parameter:/home/unique/ros2_ws/ros2_21_tutorials/install/learning_node:/home/unique/ros2_ws/ros2_21_tutorials/install/learning_launch:/home/unique/ros2_ws/ros2_21_tutorials/install/learning_action:/home/unique/ros2_ws/ros2_21_tutorials/install/learning_gazebo_harmonic:/home/unique/ros2_ws/ros2_21_tutorials/install/learning_gazebo:/home/unique/ros2_ws/ros2_21_tutorials/install/learning_cv:/opt/ros/humble LD_LIBRARY_PATH=/home/unique/ros2_ws/ros_test/install/main_interface/lib:/home/unique/ros2_ws/ros_test/install/test_ringbuffer_loopback/lib:/home/unique/ros2_ws/ros_test/install/test_loopback/lib:/home/unique/ros2_ws/ros_test/install/IOringbuffer/lib:/home/unique/ros2_ws/ros_test/install/IOqueue/lib:/home/unique/ros2_ws/install/village_interface/lib:/home/unique/ros2_ws/ros2_21_tutorials/install/learning_interface/lib:/opt/ros/humble/opt/rviz_ogre_vendor/lib:/opt/ros/humble/lib/x86_64-linux-gnu:/opt/ros/humble/lib /usr/bin/cmake --build /home/unique/ros2_ws/ros_test/build/IOqueue -- -j8 -l8
[1.840s] DEBUG:colcon.colcon_core.event_handler.log_command:Invoked command in '/home/unique/ros2_ws/ros_test/build/test_ringbuffer_loopback' returned '0': CMAKE_PREFIX_PATH=/home/unique/ros2_ws/ros_test/install/main_interface:/home/unique/ros2_ws/ros_test/install/test_ringbuffer_loopback:/home/unique/ros2_ws/ros_test/install/test_loopback:/home/unique/ros2_ws/ros_test/install/realtime_launch:/home/unique/ros2_ws/ros_test/install/IOringbuffer:/home/unique/ros2_ws/ros_test/install/IOqueue:/home/unique/ros2_ws/ros_test/install/realtime_common:/home/unique/ros2_ws/install/village_wang:/home/unique/ros2_ws/install/village_interface:/home/unique/ros2_ws/install/my_cpp_pkg:/home/unique/ros2_ws/ros2_21_tutorials/install/learning_topic_cpp:/home/unique/ros2_ws/ros2_21_tutorials/install/learning_tf_cpp:/home/unique/ros2_ws/ros2_21_tutorials/install/learning_service_cpp:/home/unique/ros2_ws/ros2_21_tutorials/install/learning_pkg_c:/home/unique/ros2_ws/ros2_21_tutorials/install/learning_parameter_cpp:/home/unique/ros2_ws/ros2_21_tutorials/install/learning_node_cpp:/home/unique/ros2_ws/ros2_21_tutorials/install/learning_action_cpp:/home/unique/ros2_ws/ros2_21_tutorials/install/learning_interface:/home/unique/ros2_ws/ros2_21_tutorials/install/learning_urdf:/home/unique/ros2_ws/ros2_21_tutorials/install/learning_topic:/home/unique/ros2_ws/ros2_21_tutorials/install/learning_tf:/home/unique/ros2_ws/ros2_21_tutorials/install/learning_service:/home/unique/ros2_ws/ros2_21_tutorials/install/learning_qos:/home/unique/ros2_ws/ros2_21_tutorials/install/learning_pkg_python:/home/unique/ros2_ws/ros2_21_tutorials/install/learning_parameter:/home/unique/ros2_ws/ros2_21_tutorials/install/learning_node:/home/unique/ros2_ws/ros2_21_tutorials/install/learning_launch:/home/unique/ros2_ws/ros2_21_tutorials/install/learning_action:/home/unique/ros2_ws/ros2_21_tutorials/install/learning_gazebo_harmonic:/home/unique/ros2_ws/ros2_21_tutorials/install/learning_gazebo:/home/unique/ros2_ws/ros2_21_tutorials/install/learning_cv:/opt/ros/humble LD_LIBRARY_PATH=/home/unique/ros2_ws/ros_test/install/main_interface/lib:/home/unique/ros2_ws/ros_test/install/test_ringbuffer_loopback/lib:/home/unique/ros2_ws/ros_test/install/test_loopback/lib:/home/unique/ros2_ws/ros_test/install/IOringbuffer/lib:/home/unique/ros2_ws/ros_test/install/IOqueue/lib:/home/unique/ros2_ws/install/village_interface/lib:/home/unique/ros2_ws/ros2_21_tutorials/install/learning_interface/lib:/opt/ros/humble/opt/rviz_ogre_vendor/lib:/opt/ros/humble/lib/x86_64-linux-gnu:/opt/ros/humble/lib /usr/bin/cmake --build /home/unique/ros2_ws/ros_test/build/test_ringbuffer_loopback -- -j8 -l8
[1.842s] DEBUG:colcon.colcon_core.event_handler.log_command:Invoking command in '/home/unique/ros2_ws/ros_test/build/test_ringbuffer_loopback': CMAKE_PREFIX_PATH=/home/unique/ros2_ws/ros_test/install/main_interface:/home/unique/ros2_ws/ros_test/install/test_ringbuffer_loopback:/home/unique/ros2_ws/ros_test/install/test_loopback:/home/unique/ros2_ws/ros_test/install/realtime_launch:/home/unique/ros2_ws/ros_test/install/IOringbuffer:/home/unique/ros2_ws/ros_test/install/IOqueue:/home/unique/ros2_ws/ros_test/install/realtime_common:/home/unique/ros2_ws/install/village_wang:/home/unique/ros2_ws/install/village_interface:/home/unique/ros2_ws/install/my_cpp_pkg:/home/unique/ros2_ws/ros2_21_tutorials/install/learning_topic_cpp:/home/unique/ros2_ws/ros2_21_tutorials/install/learning_tf_cpp:/home/unique/ros2_ws/ros2_21_tutorials/install/learning_service_cpp:/home/unique/ros2_ws/ros2_21_tutorials/install/learning_pkg_c:/home/unique/ros2_ws/ros2_21_tutorials/install/learning_parameter_cpp:/home/unique/ros2_ws/ros2_21_tutorials/install/learning_node_cpp:/home/unique/ros2_ws/ros2_21_tutorials/install/learning_action_cpp:/home/unique/ros2_ws/ros2_21_tutorials/install/learning_interface:/home/unique/ros2_ws/ros2_21_tutorials/install/learning_urdf:/home/unique/ros2_ws/ros2_21_tutorials/install/learning_topic:/home/unique/ros2_ws/ros2_21_tutorials/install/learning_tf:/home/unique/ros2_ws/ros2_21_tutorials/install/learning_service:/home/unique/ros2_ws/ros2_21_tutorials/install/learning_qos:/home/unique/ros2_ws/ros2_21_tutorials/install/learning_pkg_python:/home/unique/ros2_ws/ros2_21_tutorials/install/learning_parameter:/home/unique/ros2_ws/ros2_21_tutorials/install/learning_node:/home/unique/ros2_ws/ros2_21_tutorials/install/learning_launch:/home/unique/ros2_ws/ros2_21_tutorials/install/learning_action:/home/unique/ros2_ws/ros2_21_tutorials/install/learning_gazebo_harmonic:/home/unique/ros2_ws/ros2_21_tutorials/install/learning_gazebo:/home/unique/ros2_ws/ros2_21_tutorials/install/learning_cv:/opt/ros/humble LD_LIBRARY_PATH=/home/unique/ros2_ws/ros_test/install/main_interface/lib:/home/unique/ros2_ws/ros_test/install/test_ringbuffer_loopback/lib:/home/unique/ros2_ws/ros_test/install/test_loopback/lib:/home/unique/ros2_ws/ros_test/install/IOringbuffer/lib:/home/unique/ros2_ws/ros_test/install/IOqueue/lib:/home/unique/ros2_ws/install/village_interface/lib:/home/unique/ros2_ws/ros2_21_tutorials/install/learning_interface/lib:/opt/ros/humble/opt/rviz_ogre_vendor/lib:/opt/ros/humble/lib/x86_64-linux-gnu:/opt/ros/humble/lib /usr/bin/cmake --install /home/unique/ros2_ws/ros_test/build/test_ringbuffer_loopback
[1.846s] DEBUG:colcon.colcon_core.event_handler.log_command:Invoked command in '/home/unique/ros2_ws/ros_test/build/test_loopback' returned '0': CMAKE_PREFIX_PATH=/home/unique/ros2_ws/ros_test/install/main_interface:/home/unique/ros2_ws/ros_test/install/test_ringbuffer_loopback:/home/unique/ros2_ws/ros_test/install/test_loopback:/home/unique/ros2_ws/ros_test/install/realtime_launch:/home/unique/ros2_ws/ros_test/install/IOringbuffer:/home/unique/ros2_ws/ros_test/install/IOqueue:/home/unique/ros2_ws/ros_test/install/realtime_common:/home/unique/ros2_ws/install/village_wang:/home/unique/ros2_ws/install/village_interface:/home/unique/ros2_ws/install/my_cpp_pkg:/home/unique/ros2_ws/ros2_21_tutorials/install/learning_topic_cpp:/home/unique/ros2_ws/ros2_21_tutorials/install/learning_tf_cpp:/home/unique/ros2_ws/ros2_21_tutorials/install/learning_service_cpp:/home/unique/ros2_ws/ros2_21_tutorials/install/learning_pkg_c:/home/unique/ros2_ws/ros2_21_tutorials/install/learning_parameter_cpp:/home/unique/ros2_ws/ros2_21_tutorials/install/learning_node_cpp:/home/unique/ros2_ws/ros2_21_tutorials/install/learning_action_cpp:/home/unique/ros2_ws/ros2_21_tutorials/install/learning_interface:/home/unique/ros2_ws/ros2_21_tutorials/install/learning_urdf:/home/unique/ros2_ws/ros2_21_tutorials/install/learning_topic:/home/unique/ros2_ws/ros2_21_tutorials/install/learning_tf:/home/unique/ros2_ws/ros2_21_tutorials/install/learning_service:/home/unique/ros2_ws/ros2_21_tutorials/install/learning_qos:/home/unique/ros2_ws/ros2_21_tutorials/install/learning_pkg_python:/home/unique/ros2_ws/ros2_21_tutorials/install/learning_parameter:/home/unique/ros2_ws/ros2_21_tutorials/install/learning_node:/home/unique/ros2_ws/ros2_21_tutorials/install/learning_launch:/home/unique/ros2_ws/ros2_21_tutorials/install/learning_action:/home/unique/ros2_ws/ros2_21_tutorials/install/learning_gazebo_harmonic:/home/unique/ros2_ws/ros2_21_tutorials/install/learning_gazebo:/home/unique/ros2_ws/ros2_21_tutorials/install/learning_cv:/opt/ros/humble LD_LIBRARY_PATH=/home/unique/ros2_ws/ros_test/install/main_interface/lib:/home/unique/ros2_ws/ros_test/install/test_ringbuffer_loopback/lib:/home/unique/ros2_ws/ros_test/install/test_loopback/lib:/home/unique/ros2_ws/ros_test/install/IOringbuffer/lib:/home/unique/ros2_ws/ros_test/install/IOqueue/lib:/home/unique/ros2_ws/install/village_interface/lib:/home/unique/ros2_ws/ros2_21_tutorials/install/learning_interface/lib:/opt/ros/humble/opt/rviz_ogre_vendor/lib:/opt/ros/humble/lib/x86_64-linux-gnu:/opt/ros/humble/lib /usr/bin/cmake --build /home/unique/ros2_ws/ros_test/build/test_loopback -- -j8 -l8
[1.849s] DEBUG:colcon.colcon_core.event_handler.log_command:Invoking command in '/home/unique/ros2_ws/ros_test/build/test_loopback': CMAKE_PREFIX_PATH=/home/unique/ros2_ws/ros_test/install/main_interface:/home/unique/ros2_ws/ros_test/install/test_ringbuffer_loopback:/home/unique/ros2_ws/ros_test/install/test_loopback:/home/unique/ros2_ws/ros_test/install/realtime_launch:/home/unique/ros2_ws/ros_test/install/IOringbuffer:/home/unique/ros2_ws/ros_test/install/IOqueue:/home/unique/ros2_ws/ros_test/install/realtime_common:/home/unique/ros2_ws/install/village_wang:/home/unique/ros2_ws/install/village_interface:/home/unique/ros2_ws/install/my_cpp_pkg:/home/unique/ros2_ws/ros2_21_tutorials/install/learning_topic_cpp:/home/unique/ros2_ws/ros2_21_tutorials/install/learning_tf_cpp:/home/unique/ros2_ws/ros2_21_tutorials/install/learning_service_cpp:/home/unique/ros2_ws/ros2_21_tutorials/install/learning_pkg_c:/home/unique/ros2_ws/ros2_21_tutorials/install/learning_parameter_cpp:/home/unique/ros2_ws/ros2_21_tutorials/install/learning_node_cpp:/home/unique/ros2_ws/ros2_21_tutorials/install/learning_action_cpp:/home/unique/ros2_ws/ros2_21_tutorials/install/learning_interface:/home/unique/ros2_ws/ros2_21_tutorials/install/learning_urdf:/home/unique/ros2_ws/ros2_21_tutorials/install/learning_topic:/home/unique/ros2_ws/ros2_21_tutorials/install/learning_tf:/home/unique/ros2_ws/ros2_21_tutorials/install/learning_service:/home/unique/ros2_ws/ros2_21_tutorials/install/learning_qos:/home/unique/ros2_ws/ros2_21_tutorials/install/learning_pkg_python:/home/unique/ros2_ws/ros2_21_tutorials/install/learning_parameter:/home/unique/ros2_ws/ros2_21_tutorials/install/learning_node:/home/unique/ros2_ws/ros2_21_tutorials/install/learning_launch:/home/unique/ros2_ws/ros2_21_tutorials/install/learning_action:/home/unique/ros2_ws/ros2_21_tutorials/install/learning_gazebo_harmonic:/home/unique/ros2_ws/ros2_21_tutorials/install/learning_gazebo:/home/unique/ros2_ws/ros2_21_tutorials/install/learning_cv:/opt/ros/humble LD_LIBRARY_PATH=/home/unique/ros2_ws/ros_test/install/main_interface/lib:/home/unique/ros2_ws/ros_test/install/test_ringbuffer_loopback/lib:/home/unique/ros2_ws/ros_test/install/test_loopback/lib:/home/unique/ros2_ws/ros_test/install/IOringbuffer/lib:/home/unique/ros2_ws/ros_test/install/IOqueue/lib:/home/unique/ros2_ws/install/village_interface/lib:/home/unique/ros2_ws/ros2_21_tutorials/install/learning_interface/lib:/opt/ros/humble/opt/rviz_ogre_vendor/lib:/opt/ros/humble/lib/x86_64-linux-gnu:/opt/ros/humble/lib /usr/bin/cmake --install /home/unique/ros2_ws/ros_test/build/test_loopback
[1.859s] Level 1:colcon.colcon_core.environment:create_environment_scripts_only(test_ringbuffer_loopback)
[1.860s] Level 1:colcon.colcon_core.environment:checking '/home/unique/ros2_ws/ros_test/install/test_ringbuffer_loopback' for CMake module files
[1.860s] Level 1:colcon.colcon_core.environment:checking '/home/unique/ros2_ws/ros_test/install/test_ringbuffer_loopback' for CMake config files
[1.861s] Level 1:colcon.colcon_core.shell:create_environment_hook('test_ringbuffer_loopback', 'cmake_prefix_path')
[1.861s] INFO:colcon.colcon_core.shell:Creating environment hook '/home/unique/ros2_ws/ros_test/install/test_ringbuffer_loopback/share/test_ringbuffer_loopback/hook/cmake_prefix_path.ps1'
[1.862s] INFO:colcon.colcon_core.shell:Creating environment descriptor '/home/unique/ros2_ws/ros_test/install/test_ringbuffer_loopback/share/test_ringbuffer_loopback/hook/cmake_prefix_path.dsv'
[1.863s] INFO:colcon.colcon_core.shell:Creating environment hook '/home/unique/ros2_ws/ros_test/install/test_ringbuffer_loopback/share/test_ringbuffer_loopback/hook/cmake_prefix_path.sh'
[1.863s] DEBUG:colcon.colcon_core.event_handler.log_command:Invoked command in '/home/unique/ros2_ws/ros_test/build/test_ringbuffer_loopback' returned '0': CMAKE_PREFIX_PATH=/home/unique/ros2_ws/ros_test/install/main_interface:/home/unique/ros2_ws/ros_test/install/test_ringbuffer_loopback:/home/unique/ros2_ws/ros_test/install/test_loopback:/home/unique/ros2_ws/ros_test/install/realtime_launch:/home/unique/ros2_ws/ros_test/install/IOringbuffer:/home/unique/ros2_ws/ros_test/install/IOqueue:/home/unique/ros2_ws/ros_test/install/realtime_common:/home/unique/ros2_ws/install/village_wang:/home/unique/ros2_ws/install/village_interface:/home/unique/ros2_ws/install/my_cpp_pkg:/home/unique/ros2_ws/ros2_21_tutorials/install/learning_topic_cpp:/home/unique/ros2_ws/ros2_21_tutorials/install/learning_tf_cpp:/home/unique/ros2_ws/ros2_21_tutorials/install/learning_service_cpp:/home/unique/ros2_ws/ros2_21_tutorials/install/learning_pkg_c:/home/unique/ros2_ws/ros2_21_tutorials/install/learning_parameter_cpp:/home/unique/ros2_ws/ros2_21_tutorials/install/learning_node_cpp:/home/unique/ros2_ws/ros2_21_tutorials/install/learning_action_cpp:/home/unique/ros2_ws/ros2_21_tutorials/install/learning_interface:/home/unique/ros2_ws/ros2_21_tutorials/install/learning_urdf:/home/unique/ros2_ws/ros2_21_tutorials/install/learning_topic:/home/unique/ros2_ws/ros2_21_tutorials/install/learning_tf:/home/unique/ros2_ws/ros2_21_tutorials/install/learning_service:/home/unique/ros2_ws/ros2_21_tutorials/install/learning_qos:/home/unique/ros2_ws/ros2_21_tutorials/install/learning_pkg_python:/home/unique/ros2_ws/ros2_21_tutorials/install/learning_parameter:/home/unique/ros2_ws/ros2_21_tutorials/install/learning_node:/home/unique/ros2_ws/ros2_21_tutorials/install/learning_launch:/home/unique/ros2_ws/ros2_21_tutorials/install/learning_action:/home/unique/ros2_ws/ros2_21_tutorials/install/learning_gazebo_harmonic:/home/unique/ros2_ws/ros2_21_tutorials/install/learning_gazebo:/home/unique/ros2_ws/ros2_21_tutorials/install/learning_cv:/opt/ros/humble LD_LIBRARY_PATH=/home/unique/ros2_ws/ros_test/install/main_interface/lib:/home/unique/ros2_ws/ros_test/install/test_ringbuffer_loopback/lib:/home/unique/ros2_ws/ros_test/install/test_loopback/lib:/home/unique/ros2_ws/ros_test/install/IOringbuffer/lib:/home/unique/ros2_ws/ros_test/install/IOqueue/lib:/home/unique/ros2_ws/install/village_interface/lib:/home/unique/ros2_ws/ros2_21_tutorials/install/learning_interface/lib:/opt/ros/humble/opt/rviz_ogre_vendor/lib:/opt/ros/humble/lib/x86_64-linux-gnu:/opt/ros/humble/lib /usr/bin/cmake --install /home/unique/ros2_ws/ros_test/build/test_ringbuffer_loopback
[1.866s] Level 1:colcon.colcon_core.environment:checking '/home/unique/ros2_ws/ros_test/install/test_ringbuffer_loopback/lib'
[1.866s] Level 1:colcon.colcon_core.shell:create_environment_hook('test_ringbuffer_loopback', 'ld_library_path_lib')
[1.866s] INFO:colcon.colcon_core.shell:Creating environment hook '/home/unique/ros2_ws/ros_test/install/test_ringbuffer_loopback/share/test_ringbuffer_loopback/hook/ld_library_path_lib.ps1'
[1.867s] INFO:colcon.colcon_core.shell:Creating environment descriptor '/home/unique/ros2_ws/ros_test/install/test_ringbuffer_loopback/share/test_ringbuffer_loopback/hook/ld_library_path_lib.dsv'
[1.867s] INFO:colcon.colcon_core.shell:Creating environment hook '/home/unique/ros2_ws/ros_test/install/test_ringbuffer_loopback/share/test_ringbuffer_loopback/hook/ld_library_path_lib.sh'
[1.868s] Level 1:colcon.colcon_core.environment:checking '/home/unique/ros2_ws/ros_test/install/test_ringbuffer_loopback/bin'
[1.868s] Level 1:colcon.colcon_core.environment:checking '/home/unique/ros2_ws/ros_test/install/test_ringbuffer_loopback/lib/pkgconfig/test_ringbuffer_loopback.pc'
[1.868s] Level 1:colcon.colcon_core.environment:checking '/home/unique/ros2_ws/ros_test/install/test_ringbuffer_loopback/lib/python3.10/site-packages'
[1.869s] Level 1:colcon.colcon_core.environment:checking '/home/unique/ros2_ws/ros_test/install/test_ringbuffer_loopback/bin'
[1.870s] INFO:colcon.colcon_core.shell:Creating package script '/home/unique/ros2_ws/ros_test/install/test_ringbuffer_loopback/share/test_ringbuffer_loopback/package.ps1'
[1.871s] INFO:colcon.colcon_core.shell:Creating package descriptor '/home/unique/ros2_ws/ros_test/install/test_ringbuffer_loopback/share/test_ringbuffer_loopback/package.dsv'
[1.874s] INFO:colcon.colcon_core.shell:Creating package script '/home/unique/ros2_ws/ros_test/install/test_ringbuffer_loopback/share/test_ringbuffer_loopback/package.sh'
[1.875s] INFO:colcon.colcon_core.shell:Creating package script '/home/unique/ros2_ws/ros_test/install/test_ringbuffer_loopback/share/test_ringbuffer_loopback/package.bash'
[1.876s] INFO:colcon.colcon_core.shell:Creating package script '/home/unique/ros2_ws/ros_test/install/test_ringbuffer_loopback/share/test_ringbuffer_loopback/package.zsh'
[1.876s] Level 1:colcon.colcon_core.environment:create_file_with_runtime_dependencies(/home/unique/ros2_ws/ros_test/install/test_ringbuffer_loopback/share/colcon-core/packages/test_ringbuffer_loopback)
[1.877s] Level 1:colcon.colcon_core.environment:create_environment_scripts_only(test_ringbuffer_loopback)
[1.877s] Level 1:colcon.colcon_core.environment:checking '/home/unique/ros2_ws/ros_test/install/test_ringbuffer_loopback' for CMake module files
[1.878s] Level 1:colcon.colcon_core.environment:checking '/home/unique/ros2_ws/ros_test/install/test_ringbuffer_loopback' for CMake config files
[1.879s] Level 1:colcon.colcon_core.shell:create_environment_hook('test_ringbuffer_loopback', 'cmake_prefix_path')
[1.880s] INFO:colcon.colcon_core.shell:Creating environment hook '/home/unique/ros2_ws/ros_test/install/test_ringbuffer_loopback/share/test_ringbuffer_loopback/hook/cmake_prefix_path.ps1'
[1.881s] INFO:colcon.colcon_core.shell:Creating environment descriptor '/home/unique/ros2_ws/ros_test/install/test_ringbuffer_loopback/share/test_ringbuffer_loopback/hook/cmake_prefix_path.dsv'
[1.882s] INFO:colcon.colcon_core.shell:Creating environment hook '/home/unique/ros2_ws/ros_test/install/test_ringbuffer_loopback/share/test_ringbuffer_loopback/hook/cmake_prefix_path.sh'
[1.883s] Level 1:colcon.colcon_core.environment:checking '/home/unique/ros2_ws/ros_test/install/test_ringbuffer_loopback/lib'
[1.883s] Level 1:colcon.colcon_core.shell:create_environment_hook('test_ringbuffer_loopback', 'ld_library_path_lib')
[1.883s] INFO:colcon.colcon_core.shell:Creating environment hook '/home/unique/ros2_ws/ros_test/install/test_ringbuffer_loopback/share/test_ringbuffer_loopback/hook/ld_library_path_lib.ps1'
[1.884s] INFO:colcon.colcon_core.shell:Creating environment descriptor '/home/unique/ros2_ws/ros_test/install/test_ringbuffer_loopback/share/test_ringbuffer_loopback/hook/ld_library_path_lib.dsv'
[1.885s] INFO:colcon.colcon_core.shell:Creating environment hook '/home/unique/ros2_ws/ros_test/install/test_ringbuffer_loopback/share/test_ringbuffer_loopback/hook/ld_library_path_lib.sh'
[1.885s] Level 1:colcon.colcon_core.environment:checking '/home/unique/ros2_ws/ros_test/install/test_ringbuffer_loopback/bin'
[1.886s] Level 1:colcon.colcon_core.environment:checking '/home/unique/ros2_ws/ros_test/install/test_ringbuffer_loopback/lib/pkgconfig/test_ringbuffer_loopback.pc'
[1.886s] Level 1:colcon.colcon_core.environment:checking '/home/unique/ros2_ws/ros_test/install/test_ringbuffer_loopback/lib/python3.10/site-packages'
[1.886s] Level 1:colcon.colcon_core.environment:checking '/home/unique/ros2_ws/ros_test/install/test_ringbuffer_loopback/bin'
[1.888s] INFO:colcon.colcon_core.shell:Creating package script '/home/unique/ros2_ws/ros_test/install/test_ringbuffer_loopback/share/test_ringbuffer_loopback/package.ps1'
[1.889s] INFO:colcon.colcon_core.shell:Creating package descriptor '/home/unique/ros2_ws/ros_test/install/test_ringbuffer_loopback/share/test_ringbuffer_loopback/package.dsv'
[1.890s] INFO:colcon.colcon_core.shell:Creating package script '/home/unique/ros2_ws/ros_test/install/test_ringbuffer_loopback/share/test_ringbuffer_loopback/package.sh'
[1.891s] INFO:colcon.colcon_core.shell:Creating package script '/home/unique/ros2_ws/ros_test/install/test_ringbuffer_loopback/share/test_ringbuffer_loopback/package.bash'
[1.892s] INFO:colcon.colcon_core.shell:Creating package script '/home/unique/ros2_ws/ros_test/install/test_ringbuffer_loopback/share/test_ringbuffer_loopback/package.zsh'
[1.893s] Level 1:colcon.colcon_core.environment:create_file_with_runtime_dependencies(/home/unique/ros2_ws/ros_test/install/test_ringbuffer_loopback/share/colcon-core/packages/test_ringbuffer_loopback)
[1.896s] Level 1:colcon.colcon_core.environment:create_environment_scripts_only(test_loopback)
[1.896s] Level 1:colcon.colcon_core.environment:checking '/home/unique/ros2_ws/ros_test/install/test_loopback' for CMake module files
[1.897s] Level 1:colcon.colcon_core.environment:checking '/home/unique/ros2_ws/ros_test/install/test_loopback' for CMake config files
[1.898s] Level 1:colcon.colcon_core.shell:create_environment_hook('test_loopback', 'cmake_prefix_path')
[1.898s] INFO:colcon.colcon_core.shell:Creating environment hook '/home/unique/ros2_ws/ros_test/install/test_loopback/share/test_loopback/hook/cmake_prefix_path.ps1'
[1.900s] DEBUG:colcon.colcon_core.event_handler.log_command:Invoked command in '/home/unique/ros2_ws/ros_test/build/test_loopback' returned '0': CMAKE_PREFIX_PATH=/home/unique/ros2_ws/ros_test/install/main_interface:/home/unique/ros2_ws/ros_test/install/test_ringbuffer_loopback:/home/unique/ros2_ws/ros_test/install/test_loopback:/home/unique/ros2_ws/ros_test/install/realtime_launch:/home/unique/ros2_ws/ros_test/install/IOringbuffer:/home/unique/ros2_ws/ros_test/install/IOqueue:/home/unique/ros2_ws/ros_test/install/realtime_common:/home/unique/ros2_ws/install/village_wang:/home/unique/ros2_ws/install/village_interface:/home/unique/ros2_ws/install/my_cpp_pkg:/home/unique/ros2_ws/ros2_21_tutorials/install/learning_topic_cpp:/home/unique/ros2_ws/ros2_21_tutorials/install/learning_tf_cpp:/home/unique/ros2_ws/ros2_21_tutorials/install/learning_service_cpp:/home/unique/ros2_ws/ros2_21_tutorials/install/learning_pkg_c:/home/unique/ros2_ws/ros2_21_tutorials/install/learning_parameter_cpp:/home/unique/ros2_ws/ros2_21_tutorials/install/learning_node_cpp:/home/unique/ros2_ws/ros2_21_tutorials/install/learning_action_cpp:/home/unique/ros2_ws/ros2_21_tutorials/install/learning_interface:/home/unique/ros2_ws/ros2_21_tutorials/install/learning_urdf:/home/unique/ros2_ws/ros2_21_tutorials/install/learning_topic:/home/unique/ros2_ws/ros2_21_tutorials/install/learning_tf:/home/unique/ros2_ws/ros2_21_tutorials/install/learning_service:/home/unique/ros2_ws/ros2_21_tutorials/install/learning_qos:/home/unique/ros2_ws/ros2_21_tutorials/install/learning_pkg_python:/home/unique/ros2_ws/ros2_21_tutorials/install/learning_parameter:/home/unique/ros2_ws/ros2_21_tutorials/install/learning_node:/home/unique/ros2_ws/ros2_21_tutorials/install/learning_launch:/home/unique/ros2_ws/ros2_21_tutorials/install/learning_action:/home/unique/ros2_ws/ros2_21_tutorials/install/learning_gazebo_harmonic:/home/unique/ros2_ws/ros2_21_tutorials/install/learning_gazebo:/home/unique/ros2_ws/ros2_21_tutorials/install/learning_cv:/opt/ros/humble LD_LIBRARY_PATH=/home/unique/ros2_ws/ros_test/install/main_interface/lib:/home/unique/ros2_ws/ros_test/install/test_ringbuffer_loopback/lib:/home/unique/ros2_ws/ros_test/install/test_loopback/lib:/home/unique/ros2_ws/ros_test/install/IOringbuffer/lib:/home/unique/ros2_ws/ros_test/install/IOqueue/lib:/home/unique/ros2_ws/install/village_interface/lib:/home/unique/ros2_ws/ros2_21_tutorials/install/learning_interface/lib:/opt/ros/humble/opt/rviz_ogre_vendor/lib:/opt/ros/humble/lib/x86_64-linux-gnu:/opt/ros/humble/lib /usr/bin/cmake --install /home/unique/ros2_ws/ros_test/build/test_loopback
[1.900s] INFO:colcon.colcon_core.shell:Creating environment descriptor '/home/unique/ros2_ws/ros_test/install/test_loopback/share/test_loopback/hook/cmake_prefix_path.dsv'
[1.901s] INFO:colcon.colcon_core.shell:Creating environment hook '/home/unique/ros2_ws/ros_test/install/test_loopback/share/test_loopback/hook/cmake_prefix_path.sh'
[1.902s] Level 1:colcon.colcon_core.environment:checking '/home/unique/ros2_ws/ros_test/install/test_loopback/lib'
[1.902s] Level 1:colcon.colcon_core.shell:create_environment_hook('test_loopback', 'ld_library_path_lib')
[1.902s] INFO:colcon.colcon_core.shell:Creating environment hook '/home/unique/ros2_ws/ros_test/install/test_loopback/share/test_loopback/hook/ld_library_path_lib.ps1'
[1.903s] INFO:colcon.colcon_core.shell:Creating environment descriptor '/home/unique/ros2_ws/ros_test/install/test_loopback/share/test_loopback/hook/ld_library_path_lib.dsv'
[1.903s] INFO:colcon.colcon_core.shell:Creating environment hook '/home/unique/ros2_ws/ros_test/install/test_loopback/share/test_loopback/hook/ld_library_path_lib.sh'
[1.904s] Level 1:colcon.colcon_core.environment:checking '/home/unique/ros2_ws/ros_test/install/test_loopback/bin'
[1.904s] Level 1:colcon.colcon_core.environment:checking '/home/unique/ros2_ws/ros_test/install/test_loopback/lib/pkgconfig/test_loopback.pc'
[1.904s] Level 1:colcon.colcon_core.environment:checking '/home/unique/ros2_ws/ros_test/install/test_loopback/lib/python3.10/site-packages'
[1.905s] Level 1:colcon.colcon_core.environment:checking '/home/unique/ros2_ws/ros_test/install/test_loopback/bin'
[1.905s] INFO:colcon.colcon_core.shell:Creating package script '/home/unique/ros2_ws/ros_test/install/test_loopback/share/test_loopback/package.ps1'
[1.907s] INFO:colcon.colcon_core.shell:Creating package descriptor '/home/unique/ros2_ws/ros_test/install/test_loopback/share/test_loopback/package.dsv'
[1.908s] INFO:colcon.colcon_core.shell:Creating package script '/home/unique/ros2_ws/ros_test/install/test_loopback/share/test_loopback/package.sh'
[1.909s] INFO:colcon.colcon_core.shell:Creating package script '/home/unique/ros2_ws/ros_test/install/test_loopback/share/test_loopback/package.bash'
[1.909s] INFO:colcon.colcon_core.shell:Creating package script '/home/unique/ros2_ws/ros_test/install/test_loopback/share/test_loopback/package.zsh'
[1.910s] Level 1:colcon.colcon_core.environment:create_file_with_runtime_dependencies(/home/unique/ros2_ws/ros_test/install/test_loopback/share/colcon-core/packages/test_loopback)
[1.911s] Level 1:colcon.colcon_core.environment:create_environment_scripts_only(test_loopback)
[1.911s] Level 1:colcon.colcon_core.environment:checking '/home/unique/ros2_ws/ros_test/install/test_loopback' for CMake module files
[1.912s] Level 1:colcon.colcon_core.environment:checking '/home/unique/ros2_ws/ros_test/install/test_loopback' for CMake config files
[1.914s] Level 1:colcon.colcon_core.shell:create_environment_hook('test_loopback', 'cmake_prefix_path')
[1.914s] INFO:colcon.colcon_core.shell:Creating environment hook '/home/unique/ros2_ws/ros_test/install/test_loopback/share/test_loopback/hook/cmake_prefix_path.ps1'
[1.915s] INFO:colcon.colcon_core.shell:Creating environment descriptor '/home/unique/ros2_ws/ros_test/install/test_loopback/share/test_loopback/hook/cmake_prefix_path.dsv'
[1.916s] INFO:colcon.colcon_core.shell:Creating environment hook '/home/unique/ros2_ws/ros_test/install/test_loopback/share/test_loopback/hook/cmake_prefix_path.sh'
[1.917s] Level 1:colcon.colcon_core.environment:checking '/home/unique/ros2_ws/ros_test/install/test_loopback/lib'
[1.917s] Level 1:colcon.colcon_core.shell:create_environment_hook('test_loopback', 'ld_library_path_lib')
[1.918s] INFO:colcon.colcon_core.shell:Creating environment hook '/home/unique/ros2_ws/ros_test/install/test_loopback/share/test_loopback/hook/ld_library_path_lib.ps1'
[1.919s] INFO:colcon.colcon_core.shell:Creating environment descriptor '/home/unique/ros2_ws/ros_test/install/test_loopback/share/test_loopback/hook/ld_library_path_lib.dsv'
[1.919s] INFO:colcon.colcon_core.shell:Creating environment hook '/home/unique/ros2_ws/ros_test/install/test_loopback/share/test_loopback/hook/ld_library_path_lib.sh'
[1.920s] Level 1:colcon.colcon_core.environment:checking '/home/unique/ros2_ws/ros_test/install/test_loopback/bin'
[1.920s] Level 1:colcon.colcon_core.environment:checking '/home/unique/ros2_ws/ros_test/install/test_loopback/lib/pkgconfig/test_loopback.pc'
[1.920s] Level 1:colcon.colcon_core.environment:checking '/home/unique/ros2_ws/ros_test/install/test_loopback/lib/python3.10/site-packages'
[1.921s] Level 1:colcon.colcon_core.environment:checking '/home/unique/ros2_ws/ros_test/install/test_loopback/bin'
[1.921s] INFO:colcon.colcon_core.shell:Creating package script '/home/unique/ros2_ws/ros_test/install/test_loopback/share/test_loopback/package.ps1'
[1.923s] INFO:colcon.colcon_core.shell:Creating package descriptor '/home/unique/ros2_ws/ros_test/install/test_loopback/share/test_loopback/package.dsv'
[1.923s] INFO:colcon.colcon_core.shell:Creating package script '/home/unique/ros2_ws/ros_test/install/test_loopback/share/test_loopback/package.sh'
[1.925s] INFO:colcon.colcon_core.shell:Creating package script '/home/unique/ros2_ws/ros_test/install/test_loopback/share/test_loopback/package.bash'
[1.926s] INFO:colcon.colcon_core.shell:Creating package script '/home/unique/ros2_ws/ros_test/install/test_loopback/share/test_loopback/package.zsh'
[1.926s] Level 1:colcon.colcon_core.environment:create_file_with_runtime_dependencies(/home/unique/ros2_ws/ros_test/install/test_loopback/share/colcon-core/packages/test_loopback)
[1.940s] DEBUG:colcon.colcon_core.event_handler.log_command:Invoked command in '/home/unique/ros2_ws/ros_test/build/IOqueue' returned '0': CMAKE_PREFIX_PATH=/home/unique/ros2_ws/ros_test/install/realtime_common:/home/unique/ros2_ws/ros_test/install/main_interface:/home/unique/ros2_ws/ros_test/install/test_ringbuffer_loopback:/home/unique/ros2_ws/ros_test/install/test_loopback:/home/unique/ros2_ws/ros_test/install/realtime_launch:/home/unique/ros2_ws/ros_test/install/IOringbuffer:/home/unique/ros2_ws/ros_test/install/IOqueue:/home/unique/ros2_ws/install/village_wang:/home/unique/ros2_ws/install/village_interface:/home/unique/ros2_ws/install/my_cpp_pkg:/home/unique/ros2_ws/ros2_21_tutorials/install/learning_topic_cpp:/home/unique/ros2_ws/ros2_21_tutorials/install/learning_tf_cpp:/home/unique/ros2_ws/ros2_21_tutorials/install/learning_service_cpp:/home/unique/ros2_ws/ros2_21_tutorials/install/learning_pkg_c:/home/unique/ros2_ws/ros2_21_tutorials/install/learning_parameter_cpp:/home/unique/ros2_ws/ros2_21_tutorials/install/learning_node_cpp:/home/unique/ros2_ws/ros2_21_tutorials/install/learning_action_cpp:/home/unique/ros2_ws/ros2_21_tutorials/install/learning_interface:/home/unique/ros2_ws/ros2_21_tutorials/install/learning_urdf:/home/unique/ros2_ws/ros2_21_tutorials/install/learning_topic:/home/unique/ros2_ws/ros2_21_tutorials/install/learning_tf:/home/unique/ros2_ws/ros2_21_tutorials/install/learning_service:/home/unique/ros2_ws/ros2_21_tutorials/install/learning_qos:/home/unique/ros2_ws/ros2_21_tutorials/install/learning_pkg_python:/home/unique/ros2_ws/ros2_21_tutorials/install/learning_parameter:/home/unique/ros2_ws/ros2_21_tutorials/install/learning_node:/home/unique/ros2_ws/ros2_21_tutorials/install/learning_launch:/home/unique/ros2_ws/ros2_21_tutorials/install/learning_action:/home/unique/ros2_ws/ros2_21_tutorials/install/learning_gazebo_harmonic:/home/unique/ros2_ws/ros2_21_tutorials/install/learning_gazebo:/home/unique/ros2_ws/ros2_21_tutorials/install/learning_cv:/opt/ros/humble LD_LIBRARY_PATH=/home/unique/ros2_ws/ros_test/install/main_interface/lib:/home/unique/ros2_ws/ros_test/install/test_ringbuffer_loopback/lib:/home/unique/ros2_ws/ros_test/install/test_loopback/lib:/home/unique/ros2_ws/ros_test/install/IOringbuffer/lib:/home/unique/ros2_ws/ros_test/install/IOqueue/lib:/home/unique/ros2_ws/install/village_interface/lib:/home/unique/ros2_ws/ros2_21_tutorials/install/learning_interface/lib:/opt/ros/humble/opt/rviz_ogre_vendor/lib:/opt/ros/humble/lib/x86_64-linux-gnu:/opt/ros/humble/lib /usr/bin/cmake --build /home/unique/ros2_ws/ros_test/build/IOqueue -- -j8 -l8
[1.943s] DEBUG:colcon.colcon_core.event_handler.log_command:Invoking command in '/home/unique/ros2_ws/ros_test/build/IOqueue': CMAKE_PREFIX_PATH=/home/unique/ros2_ws/ros_test/install/realtime_common:/home/unique/ros2_ws/ros_test/install/main_interface:/home/unique/ros2_ws/ros_test/install/test_ringbuffer_loopback:/home/unique/ros2_ws/ros_test/install/test_loopback:/home/unique/ros2_ws/ros_test/install/realtime_launch:/home/unique/ros2_ws/ros_test/install/IOringbuffer:/home/unique/ros2_ws/ros_test/install/IOqueue:/home/unique/ros2_ws/install/village_wang:/home/unique/ros2_ws/install/village_interface:/home/unique/ros2_ws/install/my_cpp_pkg:/home/unique/ros2_ws/ros2_21_tutorials/install/learning_topic_cpp:/home/unique/ros2_ws/ros2_21_tutorials/install/learning_tf_cpp:/home/unique/ros2_ws/ros2_21_tutorials/install/learning_service_cpp:/home/unique/ros2_ws/ros2_21_tutorials/install/learning_pkg_c:/home/unique/ros2_ws/ros2_21_tutorials/install/learning_parameter_cpp:/home/unique/ros2_ws/ros2_21_tutorials/install/learning_node_cpp:/home/unique/ros2_ws/ros2_21_tutorials/install/learning_action_cpp:/home/unique/ros2_ws/ros2_21_tutorials/install/learning_interface:/home/unique/ros2_ws/ros2_21_tutorials/install/learning_urdf:/home/unique/ros2_ws/ros2_21_tutorials/install/learning_topic:/home/unique/ros2_ws/ros2_21_tutorials/install/learning_tf:/home/unique/ros2_ws/ros2_21_tutorials/install/learning_service:/home/unique/ros2_ws/ros2_21_tutorials/install/learning_qos:/home/unique/ros2_ws/ros2_21_tutorials/install/learning_pkg_python:/home/unique/ros2_ws/ros2_21_tutorials/install/learning_parameter:/home/unique/ros2_ws/ros2_21_tutorials/install/learning_node:/home/unique/ros2_ws/ros2_21_tutorials/install/learning_launch:/home/unique/ros2_ws/ros2_21_tutorials/install/learning_action:/home/unique/ros2_ws/ros2_21_tutorials/install/learning_gazebo_harmonic:/home/unique/ros2_ws/ros2_21_tutorials/install/learning_gazebo:/home/unique/ros2_ws/ros2_21_tutorials/install/learning_cv:/opt/ros/humble LD_LIBRARY_PATH=/home/unique/ros2_ws/ros_test/install/main_interface/lib:/home/unique/ros2_ws/ros_test/install/test_ringbuffer_loopback/lib:/home/unique/ros2_ws/ros_test/install/test_loopback/lib:/home/unique/ros2_ws/ros_test/install/IOringbuffer/lib:/home/unique/ros2_ws/ros_test/install/IOqueue/lib:/home/unique/ros2_ws/install/village_interface/lib:/home/unique/ros2_ws/ros2_21_tutorials/install/learning_interface/lib:/opt/ros/humble/opt/rviz_ogre_vendor/lib:/opt/ros/humble/lib/x86_64-linux-gnu:/opt/ros/humble/lib /usr/bin/cmake --install /home/unique/ros2_ws/ros_test/build/IOqueue
[1.965s] Level 1:colcon.colcon_core.environment:create_environment_scripts_only(IOqueue)
[1.966s] Level 1:colcon.colcon_core.environment:checking '/home/unique/ros2_ws/ros_test/install/IOqueue' for CMake module files
[1.967s] DEBUG:colcon.colcon_core.event_handler.log_command:Invoked command in '/home/unique/ros2_ws/ros_test/build/IOqueue' returned '0': CMAKE_PREFIX_PATH=/home/unique/ros2_ws/ros_test/install/realtime_common:/home/unique/ros2_ws/ros_test/install/main_interface:/home/unique/ros2_ws/ros_test/install/test_ringbuffer_loopback:/home/unique/ros2_ws/ros_test/install/test_loopback:/home/unique/ros2_ws/ros_test/install/realtime_launch:/home/unique/ros2_ws/ros_test/install/IOringbuffer:/home/unique/ros2_ws/ros_test/install/IOqueue:/home/unique/ros2_ws/install/village_wang:/home/unique/ros2_ws/install/village_interface:/home/unique/ros2_ws/install/my_cpp_pkg:/home/unique/ros2_ws/ros2_21_tutorials/install/learning_topic_cpp:/home/unique/ros2_ws/ros2_21_tutorials/install/learning_tf_cpp:/home/unique/ros2_ws/ros2_21_tutorials/install/learning_service_cpp:/home/unique/ros2_ws/ros2_21_tutorials/install/learning_pkg_c:/home/unique/ros2_ws/ros2_21_tutorials/install/learning_parameter_cpp:/home/unique/ros2_ws/ros2_21_tutorials/install/learning_node_cpp:/home/unique/ros2_ws/ros2_21_tutorials/install/learning_action_cpp:/home/unique/ros2_ws/ros2_21_tutorials/install/learning_interface:/home/unique/ros2_ws/ros2_21_tutorials/install/learning_urdf:/home/unique/ros2_ws/ros2_21_tutorials/install/learning_topic:/home/unique/ros2_ws/ros2_21_tutorials/install/learning_tf:/home/unique/ros2_ws/ros2_21_tutorials/install/learning_service:/home/unique/ros2_ws/ros2_21_tutorials/install/learning_qos:/home/unique/ros2_ws/ros2_21_tutorials/install/learning_pkg_python:/home/unique/ros2_ws/ros2_21_tutorials/install/learning_parameter:/home/unique/ros2_ws/ros2_21_tutorials/install/learning_node:/home/unique/ros2_ws/ros2_21_tutorials/install/learning_launch:/home/unique/ros2_ws/ros2_21_tutorials/install/learning_action:/home/unique/ros2_ws/ros2_21_tutorials/install/learning_gazebo_harmonic:/home/unique/ros2_ws/ros2_21_tutorials/install/learning_gazebo:/home/unique/ros2_ws/ros2_21_tutorials/install/learning_cv:/opt/ros/humble LD_LIBRARY_PATH=/home/unique/ros2_ws/ros_test/install/main_interface/lib:/home/unique/ros2_ws/ros_test/install/test_ringbuffer_loopback/lib:/home/unique/ros2_ws/ros_test/install/test_loopback/lib:/home/unique/ros2_ws/ros_test/install/IOringbuffer/lib:/home/unique/ros2_ws/ros_test/install/IOqueue/lib:/home/unique/ros2_ws/install/village_interface/lib:/home/unique/ros2_ws/ros2_21_tutorials/install/learning_interface/lib:/opt/ros/humble/opt/rviz_ogre_vendor/lib:/opt/ros/humble/lib/x86_64-linux-gnu:/opt/ros/humble/lib /usr/bin/cmake --install /home/unique/ros2_ws/ros_test/build/IOqueue
[1.967s] Level 1:colcon.colcon_core.environment:checking '/home/unique/ros2_ws/ros_test/install/IOqueue' for CMake config files
[1.968s] Level 1:colcon.colcon_core.shell:create_environment_hook('IOqueue', 'cmake_prefix_path')
[1.968s] INFO:colcon.colcon_core.shell:Creating environment hook '/home/unique/ros2_ws/ros_test/install/IOqueue/share/IOqueue/hook/cmake_prefix_path.ps1'
[1.969s] INFO:colcon.colcon_core.shell:Creating environment descriptor '/home/unique/ros2_ws/ros_test/install/IOqueue/share/IOqueue/hook/cmake_prefix_path.dsv'
[1.970s] INFO:colcon.colcon_core.shell:Creating environment hook '/home/unique/ros2_ws/ros_test/install/IOqueue/share/IOqueue/hook/cmake_prefix_path.sh'
[1.971s] Level 1:colcon.colcon_core.environment:checking '/home/unique/ros2_ws/ros_test/install/IOqueue/lib'
[1.971s] Level 1:colcon.colcon_core.shell:create_environment_hook('IOqueue', 'ld_library_path_lib')
[1.971s] INFO:colcon.colcon_core.shell:Creating environment hook '/home/unique/ros2_ws/ros_test/install/IOqueue/share/IOqueue/hook/ld_library_path_lib.ps1'
[1.972s] INFO:colcon.colcon_core.shell:Creating environment descriptor '/home/unique/ros2_ws/ros_test/install/IOqueue/share/IOqueue/hook/ld_library_path_lib.dsv'
[1.972s] INFO:colcon.colcon_core.shell:Creating environment hook '/home/unique/ros2_ws/ros_test/install/IOqueue/share/IOqueue/hook/ld_library_path_lib.sh'
[1.973s] Level 1:colcon.colcon_core.environment:checking '/home/unique/ros2_ws/ros_test/install/IOqueue/bin'
[1.973s] Level 1:colcon.colcon_core.environment:checking '/home/unique/ros2_ws/ros_test/install/IOqueue/lib/pkgconfig/IOqueue.pc'
[1.973s] Level 1:colcon.colcon_core.environment:checking '/home/unique/ros2_ws/ros_test/install/IOqueue/lib/python3.10/site-packages'
[1.973s] Level 1:colcon.colcon_core.environment:checking '/home/unique/ros2_ws/ros_test/install/IOqueue/bin'
[1.974s] INFO:colcon.colcon_core.shell:Creating package script '/home/unique/ros2_ws/ros_test/install/IOqueue/share/IOqueue/package.ps1'
[1.975s] INFO:colcon.colcon_core.shell:Creating package descriptor '/home/unique/ros2_ws/ros_test/install/IOqueue/share/IOqueue/package.dsv'
[1.975s] INFO:colcon.colcon_core.shell:Creating package script '/home/unique/ros2_ws/ros_test/install/IOqueue/share/IOqueue/package.sh'
[1.976s] INFO:colcon.colcon_core.shell:Creating package script '/home/unique/ros2_ws/ros_test/install/IOqueue/share/IOqueue/package.bash'
[1.976s] INFO:colcon.colcon_core.shell:Creating package script '/home/unique/ros2_ws/ros_test/install/IOqueue/share/IOqueue/package.zsh'
[1.976s] Level 1:colcon.colcon_core.environment:create_file_with_runtime_dependencies(/home/unique/ros2_ws/ros_test/install/IOqueue/share/colcon-core/packages/IOqueue)
[1.977s] Level 1:colcon.colcon_core.environment:create_environment_scripts_only(IOqueue)
[1.977s] Level 1:colcon.colcon_core.environment:checking '/home/unique/ros2_ws/ros_test/install/IOqueue' for CMake module files
[1.978s] Level 1:colcon.colcon_core.environment:checking '/home/unique/ros2_ws/ros_test/install/IOqueue' for CMake config files
[1.978s] Level 1:colcon.colcon_core.shell:create_environment_hook('IOqueue', 'cmake_prefix_path')
[1.979s] INFO:colcon.colcon_core.shell:Creating environment hook '/home/unique/ros2_ws/ros_test/install/IOqueue/share/IOqueue/hook/cmake_prefix_path.ps1'
[1.980s] INFO:colcon.colcon_core.shell:Creating environment descriptor '/home/unique/ros2_ws/ros_test/install/IOqueue/share/IOqueue/hook/cmake_prefix_path.dsv'
[1.980s] INFO:colcon.colcon_core.shell:Creating environment hook '/home/unique/ros2_ws/ros_test/install/IOqueue/share/IOqueue/hook/cmake_prefix_path.sh'
[1.981s] Level 1:colcon.colcon_core.environment:checking '/home/unique/ros2_ws/ros_test/install/IOqueue/lib'
[1.981s] Level 1:colcon.colcon_core.shell:create_environment_hook('IOqueue', 'ld_library_path_lib')
[1.981s] INFO:colcon.colcon_core.shell:Creating environment hook '/home/unique/ros2_ws/ros_test/install/IOqueue/share/IOqueue/hook/ld_library_path_lib.ps1'
[1.982s] INFO:colcon.colcon_core.shell:Creating environment descriptor '/home/unique/ros2_ws/ros_test/install/IOqueue/share/IOqueue/hook/ld_library_path_lib.dsv'
[1.983s] INFO:colcon.colcon_core.shell:Creating environment hook '/home/unique/ros2_ws/ros_test/install/IOqueue/share/IOqueue/hook/ld_library_path_lib.sh'
[1.983s] Level 1:colcon.colcon_core.environment:checking '/home/unique/ros2_ws/ros_test/install/IOqueue/bin'
[1.983s] Level 1:colcon.colcon_core.environment:checking '/home/unique/ros2_ws/ros_test/install/IOqueue/lib/pkgconfig/IOqueue.pc'
[1.984s] Level 1:colcon.colcon_core.environment:checking '/home/unique/ros2_ws/ros_test/install/IOqueue/lib/python3.10/site-packages'
[1.984s] Level 1:colcon.colcon_core.environment:checking '/home/unique/ros2_ws/ros_test/install/IOqueue/bin'
[1.984s] INFO:colcon.colcon_core.shell:Creating package script '/home/unique/ros2_ws/ros_test/install/IOqueue/share/IOqueue/package.ps1'
[1.985s] INFO:colcon.colcon_core.shell:Creating package descriptor '/home/unique/ros2_ws/ros_test/install/IOqueue/share/IOqueue/package.dsv'
[1.986s] INFO:colcon.colcon_core.shell:Creating package script '/home/unique/ros2_ws/ros_test/install/IOqueue/share/IOqueue/package.sh'
[1.987s] INFO:colcon.colcon_core.shell:Creating package script '/home/unique/ros2_ws/ros_test/install/IOqueue/share/IOqueue/package.bash'
[1.988s] INFO:colcon.colcon_core.shell:Creating package script '/home/unique/ros2_ws/ros_test/install/IOqueue/share/IOqueue/package.zsh'
[1.988s] Level 1:colcon.colcon_core.environment:create_file_with_runtime_dependencies(/home/unique/ros2_ws/ros_test/install/IOqueue/share/colcon-core/packages/IOqueue)
[9.838s] DEBUG:colcon.colcon_core.event_handler.log_command:Invoked command in '/home/unique/ros2_ws/ros_test/build/IOringbuffer' returned '0': CMAKE_PREFIX_PATH=/home/unique/ros2_ws/ros_test/install/realtime_common:/home/unique/ros2_ws/ros_test/install/main_interface:/home/unique/ros2_ws/ros_test/install/test_ringbuffer_loopback:/home/unique/ros2_ws/ros_test/install/test_loopback:/home/unique/ros2_ws/ros_test/install/realtime_launch:/home/unique/ros2_ws/ros_test/install/IOringbuffer:/home/unique/ros2_ws/ros_test/install/IOqueue:/home/unique/ros2_ws/install/village_wang:/home/unique/ros2_ws/install/village_interface:/home/unique/ros2_ws/install/my_cpp_pkg:/home/unique/ros2_ws/ros2_21_tutorials/install/learning_topic_cpp:/home/unique/ros2_ws/ros2_21_tutorials/install/learning_tf_cpp:/home/unique/ros2_ws/ros2_21_tutorials/install/learning_service_cpp:/home/unique/ros2_ws/ros2_21_tutorials/install/learning_pkg_c:/home/unique/ros2_ws/ros2_21_tutorials/install/learning_parameter_cpp:/home/unique/ros2_ws/ros2_21_tutorials/install/learning_node_cpp:/home/unique/ros2_ws/ros2_21_tutorials/install/learning_action_cpp:/home/unique/ros2_ws/ros2_21_tutorials/install/learning_interface:/home/unique/ros2_ws/ros2_21_tutorials/install/learning_urdf:/home/unique/ros2_ws/ros2_21_tutorials/install/learning_topic:/home/unique/ros2_ws/ros2_21_tutorials/install/learning_tf:/home/unique/ros2_ws/ros2_21_tutorials/install/learning_service:/home/unique/ros2_ws/ros2_21_tutorials/install/learning_qos:/home/unique/ros2_ws/ros2_21_tutorials/install/learning_pkg_python:/home/unique/ros2_ws/ros2_21_tutorials/install/learning_parameter:/home/unique/ros2_ws/ros2_21_tutorials/install/learning_node:/home/unique/ros2_ws/ros2_21_tutorials/install/learning_launch:/home/unique/ros2_ws/ros2_21_tutorials/install/learning_action:/home/unique/ros2_ws/ros2_21_tutorials/install/learning_gazebo_harmonic:/home/unique/ros2_ws/ros2_21_tutorials/install/learning_gazebo:/home/unique/ros2_ws/ros2_21_tutorials/install/learning_cv:/opt/ros/humble LD_LIBRARY_PATH=/home/unique/ros2_ws/ros_test/install/main_interface/lib:/home/unique/ros2_ws/ros_test/install/test_ringbuffer_loopback/lib:/home/unique/ros2_ws/ros_test/install/test_loopback/lib:/home/unique/ros2_ws/ros_test/install/IOringbuffer/lib:/home/unique/ros2_ws/ros_test/install/IOqueue/lib:/home/unique/ros2_ws/install/village_interface/lib:/home/unique/ros2_ws/ros2_21_tutorials/install/learning_interface/lib:/opt/ros/humble/opt/rviz_ogre_vendor/lib:/opt/ros/humble/lib/x86_64-linux-gnu:/opt/ros/humble/lib /usr/bin/cmake --build /home/unique/ros2_ws/ros_test/build/IOringbuffer -- -j8 -l8
[9.840s] DEBUG:colcon.colcon_core.event_handler.log_command:Invoking command in '/home/unique/ros2_ws/ros_test/build/IOringbuffer': CMAKE_PREFIX_PATH=/home/unique/ros2_ws/ros_test/install/realtime_common:/home/unique/ros2_ws/ros_test/install/main_interface:/home/unique/ros2_ws/ros_test/install/test_ringbuffer_loopback:/home/unique/ros2_ws/ros_test/install/test_loopback:/home/unique/ros2_ws/ros_test/install/realtime_launch:/home/unique/ros2_ws/ros_test/install/IOringbuffer:/home/unique/ros2_ws/ros_test/install/IOqueue:/home/unique/ros2_ws/install/village_wang:/home/unique/ros2_ws/install/village_interface:/home/unique/ros2_ws/install/my_cpp_pkg:/home/unique/ros2_ws/ros2_21_tutorials/install/learning_topic_cpp:/home/unique/ros2_ws/ros2_21_tutorials/install/learning_tf_cpp:/home/unique/ros2_ws/ros2_21_tutorials/install/learning_service_cpp:/home/unique/ros2_ws/ros2_21_tutorials/install/learning_pkg_c:/home/unique/ros2_ws/ros2_21_tutorials/install/learning_parameter_cpp:/home/unique/ros2_ws/ros2_21_tutorials/install/learning_node_cpp:/home/unique/ros2_ws/ros2_21_tutorials/install/learning_action_cpp:/home/unique/ros2_ws/ros2_21_tutorials/install/learning_interface:/home/unique/ros2_ws/ros2_21_tutorials/install/learning_urdf:/home/unique/ros2_ws/ros2_21_tutorials/install/learning_topic:/home/unique/ros2_ws/ros2_21_tutorials/install/learning_tf:/home/unique/ros2_ws/ros2_21_tutorials/install/learning_service:/home/unique/ros2_ws/ros2_21_tutorials/install/learning_qos:/home/unique/ros2_ws/ros2_21_tutorials/install/learning_pkg_python:/home/unique/ros2_ws/ros2_21_tutorials/install/learning_parameter:/home/unique/ros2_ws/ros2_21_tutorials/install/learning_node:/home/unique/ros2_ws/ros2_21_tutorials/install/learning_launch:/home/unique/ros2_ws/ros2_21_tutorials/install/learning_action:/home/unique/ros2_ws/ros2_21_tutorials/install/learning_gazebo_harmonic:/home/unique/ros2_ws/ros2_21_tutorials/install/learning_gazebo:/home/unique/ros2_ws/ros2_21_tutorials/install/learning_cv:/opt/ros/humble LD_LIBRARY_PATH=/home/unique/ros2_ws/ros_test/install/main_interface/lib:/home/unique/ros2_ws/ros_test/install/test_ringbuffer_loopback/lib:/home/unique/ros2_ws/ros_test/install/test_loopback/lib:/home/unique/ros2_ws/ros_test/install/IOringbuffer/lib:/home/unique/ros2_ws/ros_test/install/IOqueue/lib:/home/unique/ros2_ws/install/village_interface/lib:/home/unique/ros2_ws/ros2_21_tutorials/install/learning_interface/lib:/opt/ros/humble/opt/rviz_ogre_vendor/lib:/opt/ros/humble/lib/x86_64-linux-gnu:/opt/ros/humble/lib /usr/bin/cmake --install /home/unique/ros2_ws/ros_test/build/IOringbuffer
[9.874s] Level 1:colcon.colcon_core.environment:create_environment_scripts_only(IOringbuffer)
[9.874s] Level 1:colcon.colcon_core.environment:checking '/home/unique/ros2_ws/ros_test/install/IOringbuffer' for CMake module files
[9.875s] DEBUG:colcon.colcon_core.event_handler.log_command:Invoked command in '/home/unique/ros2_ws/ros_test/build/IOringbuffer' returned '0': CMAKE_PREFIX_PATH=/home/unique/ros2_ws/ros_test/install/realtime_common:/home/unique/ros2_ws/ros_test/install/main_interface:/home/unique/ros2_ws/ros_test/install/test_ringbuffer_loopback:/home/unique/ros2_ws/ros_test/install/test_loopback:/home/unique/ros2_ws/ros_test/install/realtime_launch:/home/unique/ros2_ws/ros_test/install/IOringbuffer:/home/unique/ros2_ws/ros_test/install/IOqueue:/home/unique/ros2_ws/install/village_wang:/home/unique/ros2_ws/install/village_interface:/home/unique/ros2_ws/install/my_cpp_pkg:/home/unique/ros2_ws/ros2_21_tutorials/install/learning_topic_cpp:/home/unique/ros2_ws/ros2_21_tutorials/install/learning_tf_cpp:/home/unique/ros2_ws/ros2_21_tutorials/install/learning_service_cpp:/home/unique/ros2_ws/ros2_21_tutorials/install/learning_pkg_c:/home/unique/ros2_ws/ros2_21_tutorials/install/learning_parameter_cpp:/home/unique/ros2_ws/ros2_21_tutorials/install/learning_node_cpp:/home/unique/ros2_ws/ros2_21_tutorials/install/learning_action_cpp:/home/unique/ros2_ws/ros2_21_tutorials/install/learning_interface:/home/unique/ros2_ws/ros2_21_tutorials/install/learning_urdf:/home/unique/ros2_ws/ros2_21_tutorials/install/learning_topic:/home/unique/ros2_ws/ros2_21_tutorials/install/learning_tf:/home/unique/ros2_ws/ros2_21_tutorials/install/learning_service:/home/unique/ros2_ws/ros2_21_tutorials/install/learning_qos:/home/unique/ros2_ws/ros2_21_tutorials/install/learning_pkg_python:/home/unique/ros2_ws/ros2_21_tutorials/install/learning_parameter:/home/unique/ros2_ws/ros2_21_tutorials/install/learning_node:/home/unique/ros2_ws/ros2_21_tutorials/install/learning_launch:/home/unique/ros2_ws/ros2_21_tutorials/install/learning_action:/home/unique/ros2_ws/ros2_21_tutorials/install/learning_gazebo_harmonic:/home/unique/ros2_ws/ros2_21_tutorials/install/learning_gazebo:/home/unique/ros2_ws/ros2_21_tutorials/install/learning_cv:/opt/ros/humble LD_LIBRARY_PATH=/home/unique/ros2_ws/ros_test/install/main_interface/lib:/home/unique/ros2_ws/ros_test/install/test_ringbuffer_loopback/lib:/home/unique/ros2_ws/ros_test/install/test_loopback/lib:/home/unique/ros2_ws/ros_test/install/IOringbuffer/lib:/home/unique/ros2_ws/ros_test/install/IOqueue/lib:/home/unique/ros2_ws/install/village_interface/lib:/home/unique/ros2_ws/ros2_21_tutorials/install/learning_interface/lib:/opt/ros/humble/opt/rviz_ogre_vendor/lib:/opt/ros/humble/lib/x86_64-linux-gnu:/opt/ros/humble/lib /usr/bin/cmake --install /home/unique/ros2_ws/ros_test/build/IOringbuffer
[9.875s] Level 1:colcon.colcon_core.environment:checking '/home/unique/ros2_ws/ros_test/install/IOringbuffer' for CMake config files
[9.876s] Level 1:colcon.colcon_core.shell:create_environment_hook('IOringbuffer', 'cmake_prefix_path')
[9.876s] INFO:colcon.colcon_core.shell:Creating environment hook '/home/unique/ros2_ws/ros_test/install/IOringbuffer/share/IOringbuffer/hook/cmake_prefix_path.ps1'
[9.877s] INFO:colcon.colcon_core.shell:Creating environment descriptor '/home/unique/ros2_ws/ros_test/install/IOringbuffer/share/IOringbuffer/hook/cmake_prefix_path.dsv'
[9.877s] INFO:colcon.colcon_core.shell:Creating environment hook '/home/unique/ros2_ws/ros_test/install/IOringbuffer/share/IOringbuffer/hook/cmake_prefix_path.sh'
[9.878s] Level 1:colcon.colcon_core.environment:checking '/home/unique/ros2_ws/ros_test/install/IOringbuffer/lib'
[9.878s] Level 1:colcon.colcon_core.shell:create_environment_hook('IOringbuffer', 'ld_library_path_lib')
[9.879s] INFO:colcon.colcon_core.shell:Creating environment hook '/home/unique/ros2_ws/ros_test/install/IOringbuffer/share/IOringbuffer/hook/ld_library_path_lib.ps1'
[9.879s] INFO:colcon.colcon_core.shell:Creating environment descriptor '/home/unique/ros2_ws/ros_test/install/IOringbuffer/share/IOringbuffer/hook/ld_library_path_lib.dsv'
[9.880s] INFO:colcon.colcon_core.shell:Creating environment hook '/home/unique/ros2_ws/ros_test/install/IOringbuffer/share/IOringbuffer/hook/ld_library_path_lib.sh'
[9.880s] Level 1:colcon.colcon_core.environment:checking '/home/unique/ros2_ws/ros_test/install/IOringbuffer/bin'
[9.880s] Level 1:colcon.colcon_core.environment:checking '/home/unique/ros2_ws/ros_test/install/IOringbuffer/lib/pkgconfig/IOringbuffer.pc'
[9.881s] Level 1:colcon.colcon_core.environment:checking '/home/unique/ros2_ws/ros_test/install/IOringbuffer/lib/python3.10/site-packages'
[9.881s] Level 1:colcon.colcon_core.environment:checking '/home/unique/ros2_ws/ros_test/install/IOringbuffer/bin'
[9.881s] INFO:colcon.colcon_core.shell:Creating package script '/home/unique/ros2_ws/ros_test/install/IOringbuffer/share/IOringbuffer/package.ps1'
[9.882s] INFO:colcon.colcon_core.shell:Creating package descriptor '/home/unique/ros2_ws/ros_test/install/IOringbuffer/share/IOringbuffer/package.dsv'
[9.882s] INFO:colcon.colcon_core.shell:Creating package script '/home/unique/ros2_ws/ros_test/install/IOringbuffer/share/IOringbuffer/package.sh'
[9.883s] INFO:colcon.colcon_core.shell:Creating package script '/home/unique/ros2_ws/ros_test/install/IOringbuffer/share/IOringbuffer/package.bash'
[9.883s] INFO:colcon.colcon_core.shell:Creating package script '/home/unique/ros2_ws/ros_test/install/IOringbuffer/share/IOringbuffer/package.zsh'
[9.884s] Level 1:colcon.colcon_core.environment:create_file_with_runtime_dependencies(/home/unique/ros2_ws/ros_test/install/IOringbuffer/share/colcon-core/packages/IOringbuffer)
[9.884s] Level 1:colcon.colcon_core.environment:create_environment_scripts_only(IOringbuffer)
[9.885s] Level 1:colcon.colcon_core.environment:checking '/home/unique/ros2_ws/ros_test/install/IOringbuffer' for CMake module files
[9.885s] Level 1:colcon.colcon_core.environment:checking '/home/unique/ros2_ws/ros_test/install/IOringbuffer' for CMake config files
[9.886s] Level 1:colcon.colcon_core.shell:create_environment_hook('IOringbuffer', 'cmake_prefix_path')
[9.886s] INFO:colcon.colcon_core.shell:Creating environment hook '/home/unique/ros2_ws/ros_test/install/IOringbuffer/share/IOringbuffer/hook/cmake_prefix_path.ps1'
[9.887s] INFO:colcon.colcon_core.shell:Creating environment descriptor '/home/unique/ros2_ws/ros_test/install/IOringbuffer/share/IOringbuffer/hook/cmake_prefix_path.dsv'
[9.887s] INFO:colcon.colcon_core.shell:Creating environment hook '/home/unique/ros2_ws/ros_test/install/IOringbuffer/share/IOringbuffer/hook/cmake_prefix_path.sh'
[9.888s] Level 1:colcon.colcon_core.environment:checking '/home/unique/ros2_ws/ros_test/install/IOringbuffer/lib'
[9.888s] Level 1:colcon.colcon_core.shell:create_environment_hook('IOringbuffer', 'ld_library_path_lib')
[9.888s] INFO:colcon.colcon_core.shell:Creating environment hook '/home/unique/ros2_ws/ros_test/install/IOringbuffer/share/IOringbuffer/hook/ld_library_path_lib.ps1'
[9.889s] INFO:colcon.colcon_core.shell:Creating environment descriptor '/home/unique/ros2_ws/ros_test/install/IOringbuffer/share/IOringbuffer/hook/ld_library_path_lib.dsv'
[9.889s] INFO:colcon.colcon_core.shell:Creating environment hook '/home/unique/ros2_ws/ros_test/install/IOringbuffer/share/IOringbuffer/hook/ld_library_path_lib.sh'
[9.890s] Level 1:colcon.colcon_core.environment:checking '/home/unique/ros2_ws/ros_test/install/IOringbuffer/bin'
[9.890s] Level 1:colcon.colcon_core.environment:checking '/home/unique/ros2_ws/ros_test/install/IOringbuffer/lib/pkgconfig/IOringbuffer.pc'
[9.890s] Level 1:colcon.colcon_core.environment:checking '/home/unique/ros2_ws/ros_test/install/IOringbuffer/lib/python3.10/site-packages'
[9.890s] Level 1:colcon.colcon_core.environment:checking '/home/unique/ros2_ws/ros_test/install/IOringbuffer/bin'
[9.891s] INFO:colcon.colcon_core.shell:Creating package script '/home/unique/ros2_ws/ros_test/install/IOringbuffer/share/IOringbuffer/package.ps1'
[9.891s] INFO:colcon.colcon_core.shell:Creating package descriptor '/home/unique/ros2_ws/ros_test/install/IOringbuffer/share/IOringbuffer/package.dsv'
[9.892s] INFO:colcon.colcon_core.shell:Creating package script '/home/unique/ros2_ws/ros_test/install/IOringbuffer/share/IOringbuffer/package.sh'
[9.892s] INFO:colcon.colcon_core.shell:Creating package script '/home/unique/ros2_ws/ros_test/install/IOringbuffer/share/IOringbuffer/package.bash'
[9.893s] INFO:colcon.colcon_core.shell:Creating package script '/home/unique/ros2_ws/ros_test/install/IOringbuffer/share/IOringbuffer/package.zsh'
[9.894s] Level 1:colcon.colcon_core.environment:create_file_with_runtime_dependencies(/home/unique/ros2_ws/ros_test/install/IOringbuffer/share/colcon-core/packages/IOringbuffer)
[9.894s] DEBUG:colcon.colcon_parallel_executor.executor.parallel:closing loop
[9.895s] DEBUG:colcon.colcon_parallel_executor.executor.parallel:loop closed
[9.896s] DEBUG:colcon.colcon_parallel_executor.executor.parallel:run_until_complete finished with '0'
[9.896s] DEBUG:colcon.colcon_core.event_reactor:joining thread
[10.031s] INFO:colcon.colcon_core.plugin_system:Skipping extension 'colcon_notification.desktop_notification.notify_send': Could not find 'notify-send'
[10.032s] INFO:colcon.colcon_core.plugin_system:Skipping extension 'colcon_notification.desktop_notification.terminal_notifier': Not used on non-Darwin systems
[10.032s] INFO:colcon.colcon_core.plugin_system:Skipping extension 'colcon_notification.desktop_notification.win32': Not used on non-Windows systems
[10.032s] INFO:colcon.colcon_notification.desktop_notification:Sending desktop notification using 'notify2'
[10.032s] DEBUG:colcon.colcon_notification.desktop_notification.notify2:Failed to initialize notify2: org.freedesktop.DBus.Error.FileNotFound: Failed to connect to socket /run/user/1000/bus: No such file or directory
[10.032s] DEBUG:colcon.colcon_core.event_reactor:joined thread
[10.033s] INFO:colcon.colcon_core.shell:Creating prefix script '/home/unique/ros2_ws/ros_test/install/local_setup.ps1'
[10.034s] INFO:colcon.colcon_core.shell:Creating prefix util module '/home/unique/ros2_ws/ros_test/install/_local_setup_util_ps1.py'
[10.035s] INFO:colcon.colcon_core.shell:Creating prefix chain script '/home/unique/ros2_ws/ros_test/install/setup.ps1'
[10.038s] INFO:colcon.colcon_core.shell:Creating prefix script '/home/unique/ros2_ws/ros_test/install/local_setup.sh'
[10.039s] INFO:colcon.colcon_core.shell:Creating prefix util module '/home/unique/ros2_ws/ros_test/install/_local_setup_util_sh.py'
[10.039s] INFO:colcon.colcon_core.shell:Creating prefix chain script '/home/unique/ros2_ws/ros_test/install/setup.sh'
[10.042s] INFO:colcon.colcon_core.shell:Creating prefix script '/home/unique/ros2_ws/ros_test/install/local_setup.bash'
[10.042s] INFO:colcon.colcon_core.shell:Creating prefix chain script '/home/unique/ros2_ws/ros_test/install/setup.bash'
[10.045s] INFO:colcon.colcon_core.shell:Creating prefix script '/home/unique/ros2_ws/ros_test/install/local_setup.zsh'
[10.045s] INFO:colcon.colcon_core.shell:Creating prefix chain script '/home/unique/ros2_ws/ros_test/install/setup.zsh'
