[0.471s] DEBUG:colcon:Command line arguments: ['/usr/bin/colcon', 'build']
[0.471s] DEBUG:colcon:Parsed command line arguments: Namespace(log_base=None, log_level=None, verb_name='build', build_base='build', install_base='install', merge_install=False, symlink_install=False, test_result_base=None, continue_on_error=False, executor='parallel', parallel_workers=8, event_handlers=None, ignore_user_meta=False, metas=['./colcon.meta'], base_paths=['.'], packages_ignore=None, packages_ignore_regex=None, paths=None, packages_up_to=None, packages_up_to_regex=None, packages_above=None, packages_above_and_dependencies=None, packages_above_depth=None, packages_select_by_dep=None, packages_skip_by_dep=None, packages_skip_up_to=None, packages_select_build_failed=False, packages_skip_build_finished=False, packages_select_test_failures=False, packages_skip_test_passed=False, packages_select=None, packages_skip=None, packages_select_regex=None, packages_skip_regex=None, packages_start=None, packages_end=None, allow_overriding=[], cmake_args=None, cmake_target=None, cmake_target_skip_unavailable=False, cmake_clean_cache=False, cmake_clean_first=False, cmake_force_configure=False, ament_cmake_args=None, catkin_cmake_args=None, catkin_skip_building_tests=False, verb_parser=<colcon_defaults.argument_parser.defaults.DefaultArgumentsDecorator object at 0x7bd78fc3b4c0>, verb_extension=<colcon_core.verb.build.BuildVerb object at 0x7bd78fd844f0>, main=<bound method BuildVerb.main of <colcon_core.verb.build.BuildVerb object at 0x7bd78fd844f0>>)
[0.666s] Level 1:colcon.colcon_core.package_discovery:discover_packages(colcon_meta) check parameters
[0.667s] Level 1:colcon.colcon_core.package_discovery:discover_packages(recursive) check parameters
[0.667s] Level 1:colcon.colcon_core.package_discovery:discover_packages(ignore) check parameters
[0.667s] Level 1:colcon.colcon_core.package_discovery:discover_packages(path) check parameters
[0.667s] Level 1:colcon.colcon_core.package_discovery:discover_packages(colcon_meta) discover
[0.667s] Level 1:colcon.colcon_core.package_discovery:discover_packages(recursive) discover
[0.667s] INFO:colcon.colcon_core.package_discovery:Crawling recursively for packages in '/home/unique/ros2_ws/ros_test'
[0.667s] Level 1:colcon.colcon_core.package_identification:_identify(.) by extensions ['ignore', 'ignore_ament_install']
[0.667s] Level 1:colcon.colcon_core.package_identification:_identify(.) by extension 'ignore'
[0.667s] Level 1:colcon.colcon_core.package_identification:_identify(.) by extension 'ignore_ament_install'
[0.667s] Level 1:colcon.colcon_core.package_identification:_identify(.) by extensions ['colcon_pkg']
[0.667s] Level 1:colcon.colcon_core.package_identification:_identify(.) by extension 'colcon_pkg'
[0.667s] Level 1:colcon.colcon_core.package_identification:_identify(.) by extensions ['colcon_meta']
[0.667s] Level 1:colcon.colcon_core.package_identification:_identify(.) by extension 'colcon_meta'
[0.667s] Level 1:colcon.colcon_core.package_identification:_identify(.) by extensions ['ros']
[0.668s] Level 1:colcon.colcon_core.package_identification:_identify(.) by extension 'ros'
[0.682s] Level 1:colcon.colcon_core.package_identification:_identify(.) by extensions ['cmake', 'python']
[0.682s] Level 1:colcon.colcon_core.package_identification:_identify(.) by extension 'cmake'
[0.683s] Level 1:colcon.colcon_core.package_identification:_identify(.) by extension 'python'
[0.683s] Level 1:colcon.colcon_core.package_identification:_identify(.) by extensions ['python_setup_py']
[0.683s] Level 1:colcon.colcon_core.package_identification:_identify(.) by extension 'python_setup_py'
[0.683s] Level 1:colcon.colcon_core.package_identification:_identify(build) by extensions ['ignore', 'ignore_ament_install']
[0.683s] Level 1:colcon.colcon_core.package_identification:_identify(build) by extension 'ignore'
[0.683s] Level 1:colcon.colcon_core.package_identification:_identify(build) ignored
[0.683s] Level 1:colcon.colcon_core.package_identification:_identify(install) by extensions ['ignore', 'ignore_ament_install']
[0.683s] Level 1:colcon.colcon_core.package_identification:_identify(install) by extension 'ignore'
[0.683s] Level 1:colcon.colcon_core.package_identification:_identify(install) ignored
[0.683s] Level 1:colcon.colcon_core.package_identification:_identify(log) by extensions ['ignore', 'ignore_ament_install']
[0.683s] Level 1:colcon.colcon_core.package_identification:_identify(log) by extension 'ignore'
[0.683s] Level 1:colcon.colcon_core.package_identification:_identify(log) ignored
[0.684s] Level 1:colcon.colcon_core.package_identification:_identify(src) by extensions ['ignore', 'ignore_ament_install']
[0.684s] Level 1:colcon.colcon_core.package_identification:_identify(src) by extension 'ignore'
[0.684s] Level 1:colcon.colcon_core.package_identification:_identify(src) by extension 'ignore_ament_install'
[0.684s] Level 1:colcon.colcon_core.package_identification:_identify(src) by extensions ['colcon_pkg']
[0.684s] Level 1:colcon.colcon_core.package_identification:_identify(src) by extension 'colcon_pkg'
[0.684s] Level 1:colcon.colcon_core.package_identification:_identify(src) by extensions ['colcon_meta']
[0.684s] Level 1:colcon.colcon_core.package_identification:_identify(src) by extension 'colcon_meta'
[0.684s] Level 1:colcon.colcon_core.package_identification:_identify(src) by extensions ['ros']
[0.684s] Level 1:colcon.colcon_core.package_identification:_identify(src) by extension 'ros'
[0.684s] Level 1:colcon.colcon_core.package_identification:_identify(src) by extensions ['cmake', 'python']
[0.684s] Level 1:colcon.colcon_core.package_identification:_identify(src) by extension 'cmake'
[0.684s] Level 1:colcon.colcon_core.package_identification:_identify(src) by extension 'python'
[0.684s] Level 1:colcon.colcon_core.package_identification:_identify(src) by extensions ['python_setup_py']
[0.684s] Level 1:colcon.colcon_core.package_identification:_identify(src) by extension 'python_setup_py'
[0.684s] Level 1:colcon.colcon_core.package_identification:_identify(src/IOqueue) by extensions ['ignore', 'ignore_ament_install']
[0.684s] Level 1:colcon.colcon_core.package_identification:_identify(src/IOqueue) by extension 'ignore'
[0.684s] Level 1:colcon.colcon_core.package_identification:_identify(src/IOqueue) by extension 'ignore_ament_install'
[0.684s] Level 1:colcon.colcon_core.package_identification:_identify(src/IOqueue) by extensions ['colcon_pkg']
[0.684s] Level 1:colcon.colcon_core.package_identification:_identify(src/IOqueue) by extension 'colcon_pkg'
[0.685s] Level 1:colcon.colcon_core.package_identification:_identify(src/IOqueue) by extensions ['colcon_meta']
[0.685s] Level 1:colcon.colcon_core.package_identification:_identify(src/IOqueue) by extension 'colcon_meta'
[0.685s] Level 1:colcon.colcon_core.package_identification:_identify(src/IOqueue) by extensions ['ros']
[0.685s] Level 1:colcon.colcon_core.package_identification:_identify(src/IOqueue) by extension 'ros'
[0.703s] DEBUG:colcon.colcon_core.package_identification:Package 'src/IOqueue' with type 'ros.ament_cmake' and name 'IOqueue'
[0.703s] Level 1:colcon.colcon_core.package_identification:_identify(src/IOringbuffer) by extensions ['ignore', 'ignore_ament_install']
[0.704s] Level 1:colcon.colcon_core.package_identification:_identify(src/IOringbuffer) by extension 'ignore'
[0.704s] Level 1:colcon.colcon_core.package_identification:_identify(src/IOringbuffer) by extension 'ignore_ament_install'
[0.704s] Level 1:colcon.colcon_core.package_identification:_identify(src/IOringbuffer) by extensions ['colcon_pkg']
[0.704s] Level 1:colcon.colcon_core.package_identification:_identify(src/IOringbuffer) by extension 'colcon_pkg'
[0.704s] Level 1:colcon.colcon_core.package_identification:_identify(src/IOringbuffer) by extensions ['colcon_meta']
[0.704s] Level 1:colcon.colcon_core.package_identification:_identify(src/IOringbuffer) by extension 'colcon_meta'
[0.704s] Level 1:colcon.colcon_core.package_identification:_identify(src/IOringbuffer) by extensions ['ros']
[0.704s] Level 1:colcon.colcon_core.package_identification:_identify(src/IOringbuffer) by extension 'ros'
[0.705s] DEBUG:colcon.colcon_core.package_identification:Package 'src/IOringbuffer' with type 'ros.ament_cmake' and name 'IOringbuffer'
[0.705s] Level 1:colcon.colcon_core.package_identification:_identify(src/main_interface) by extensions ['ignore', 'ignore_ament_install']
[0.705s] Level 1:colcon.colcon_core.package_identification:_identify(src/main_interface) by extension 'ignore'
[0.705s] Level 1:colcon.colcon_core.package_identification:_identify(src/main_interface) by extension 'ignore_ament_install'
[0.705s] Level 1:colcon.colcon_core.package_identification:_identify(src/main_interface) by extensions ['colcon_pkg']
[0.705s] Level 1:colcon.colcon_core.package_identification:_identify(src/main_interface) by extension 'colcon_pkg'
[0.705s] Level 1:colcon.colcon_core.package_identification:_identify(src/main_interface) by extensions ['colcon_meta']
[0.705s] Level 1:colcon.colcon_core.package_identification:_identify(src/main_interface) by extension 'colcon_meta'
[0.705s] Level 1:colcon.colcon_core.package_identification:_identify(src/main_interface) by extensions ['ros']
[0.705s] Level 1:colcon.colcon_core.package_identification:_identify(src/main_interface) by extension 'ros'
[0.706s] DEBUG:colcon.colcon_core.package_identification:Package 'src/main_interface' with type 'ros.ament_cmake' and name 'main_interface'
[0.706s] Level 1:colcon.colcon_core.package_identification:_identify(src/realtime_common) by extensions ['ignore', 'ignore_ament_install']
[0.706s] Level 1:colcon.colcon_core.package_identification:_identify(src/realtime_common) by extension 'ignore'
[0.706s] Level 1:colcon.colcon_core.package_identification:_identify(src/realtime_common) by extension 'ignore_ament_install'
[0.706s] Level 1:colcon.colcon_core.package_identification:_identify(src/realtime_common) by extensions ['colcon_pkg']
[0.706s] Level 1:colcon.colcon_core.package_identification:_identify(src/realtime_common) by extension 'colcon_pkg'
[0.706s] Level 1:colcon.colcon_core.package_identification:_identify(src/realtime_common) by extensions ['colcon_meta']
[0.706s] Level 1:colcon.colcon_core.package_identification:_identify(src/realtime_common) by extension 'colcon_meta'
[0.706s] Level 1:colcon.colcon_core.package_identification:_identify(src/realtime_common) by extensions ['ros']
[0.706s] Level 1:colcon.colcon_core.package_identification:_identify(src/realtime_common) by extension 'ros'
[0.707s] DEBUG:colcon.colcon_core.package_identification:Package 'src/realtime_common' with type 'ros.ament_cmake' and name 'realtime_common'
[0.707s] Level 1:colcon.colcon_core.package_identification:_identify(src/realtime_launch) by extensions ['ignore', 'ignore_ament_install']
[0.707s] Level 1:colcon.colcon_core.package_identification:_identify(src/realtime_launch) by extension 'ignore'
[0.707s] Level 1:colcon.colcon_core.package_identification:_identify(src/realtime_launch) by extension 'ignore_ament_install'
[0.707s] Level 1:colcon.colcon_core.package_identification:_identify(src/realtime_launch) by extensions ['colcon_pkg']
[0.707s] Level 1:colcon.colcon_core.package_identification:_identify(src/realtime_launch) by extension 'colcon_pkg'
[0.707s] Level 1:colcon.colcon_core.package_identification:_identify(src/realtime_launch) by extensions ['colcon_meta']
[0.707s] Level 1:colcon.colcon_core.package_identification:_identify(src/realtime_launch) by extension 'colcon_meta'
[0.708s] Level 1:colcon.colcon_core.package_identification:_identify(src/realtime_launch) by extensions ['ros']
[0.708s] Level 1:colcon.colcon_core.package_identification:_identify(src/realtime_launch) by extension 'ros'
[0.708s] DEBUG:colcon.colcon_core.package_identification:Package 'src/realtime_launch' with type 'ros.ament_cmake' and name 'realtime_launch'
[0.708s] Level 1:colcon.colcon_core.package_identification:_identify(src/test_loopback) by extensions ['ignore', 'ignore_ament_install']
[0.708s] Level 1:colcon.colcon_core.package_identification:_identify(src/test_loopback) by extension 'ignore'
[0.708s] Level 1:colcon.colcon_core.package_identification:_identify(src/test_loopback) by extension 'ignore_ament_install'
[0.708s] Level 1:colcon.colcon_core.package_identification:_identify(src/test_loopback) by extensions ['colcon_pkg']
[0.708s] Level 1:colcon.colcon_core.package_identification:_identify(src/test_loopback) by extension 'colcon_pkg'
[0.708s] Level 1:colcon.colcon_core.package_identification:_identify(src/test_loopback) by extensions ['colcon_meta']
[0.708s] Level 1:colcon.colcon_core.package_identification:_identify(src/test_loopback) by extension 'colcon_meta'
[0.708s] Level 1:colcon.colcon_core.package_identification:_identify(src/test_loopback) by extensions ['ros']
[0.708s] Level 1:colcon.colcon_core.package_identification:_identify(src/test_loopback) by extension 'ros'
[0.709s] DEBUG:colcon.colcon_core.package_identification:Package 'src/test_loopback' with type 'ros.ament_cmake' and name 'test_loopback'
[0.709s] Level 1:colcon.colcon_core.package_identification:_identify(src/test_ringbuffer_loopback) by extensions ['ignore', 'ignore_ament_install']
[0.709s] Level 1:colcon.colcon_core.package_identification:_identify(src/test_ringbuffer_loopback) by extension 'ignore'
[0.709s] Level 1:colcon.colcon_core.package_identification:_identify(src/test_ringbuffer_loopback) by extension 'ignore_ament_install'
[0.709s] Level 1:colcon.colcon_core.package_identification:_identify(src/test_ringbuffer_loopback) by extensions ['colcon_pkg']
[0.709s] Level 1:colcon.colcon_core.package_identification:_identify(src/test_ringbuffer_loopback) by extension 'colcon_pkg'
[0.709s] Level 1:colcon.colcon_core.package_identification:_identify(src/test_ringbuffer_loopback) by extensions ['colcon_meta']
[0.709s] Level 1:colcon.colcon_core.package_identification:_identify(src/test_ringbuffer_loopback) by extension 'colcon_meta'
[0.710s] Level 1:colcon.colcon_core.package_identification:_identify(src/test_ringbuffer_loopback) by extensions ['ros']
[0.710s] Level 1:colcon.colcon_core.package_identification:_identify(src/test_ringbuffer_loopback) by extension 'ros'
[0.710s] DEBUG:colcon.colcon_core.package_identification:Package 'src/test_ringbuffer_loopback' with type 'ros.ament_cmake' and name 'test_ringbuffer_loopback'
[0.710s] Level 1:colcon.colcon_core.package_discovery:discover_packages(recursive) using defaults
[0.710s] Level 1:colcon.colcon_core.package_discovery:discover_packages(ignore) discover
[0.710s] Level 1:colcon.colcon_core.package_discovery:discover_packages(ignore) using defaults
[0.710s] Level 1:colcon.colcon_core.package_discovery:discover_packages(path) discover
[0.710s] Level 1:colcon.colcon_core.package_discovery:discover_packages(path) using defaults
[0.739s] Level 1:colcon.colcon_core.package_discovery:discover_packages(prefix_path) check parameters
[0.739s] Level 1:colcon.colcon_core.package_discovery:discover_packages(prefix_path) discover
[0.743s] DEBUG:colcon.colcon_installed_package_information.package_discovery:Found 7 installed packages in /home/unique/ros2_ws/ros_test/install
[0.743s] DEBUG:colcon.colcon_installed_package_information.package_discovery:Found 3 installed packages in /home/unique/ros2_ws/install
[0.744s] DEBUG:colcon.colcon_installed_package_information.package_discovery:Found 21 installed packages in /home/unique/ros2_ws/ros2_21_tutorials/install
[0.746s] DEBUG:colcon.colcon_installed_package_information.package_discovery:Found 275 installed packages in /opt/ros/humble
[0.749s] Level 1:colcon.colcon_core.package_discovery:discover_packages(prefix_path) using defaults
[0.789s] Level 5:colcon.colcon_core.verb:set package 'main_interface' build argument 'cmake_args' from command line to 'None'
[0.790s] Level 5:colcon.colcon_core.verb:set package 'main_interface' build argument 'cmake_target' from command line to 'None'
[0.790s] Level 5:colcon.colcon_core.verb:set package 'main_interface' build argument 'cmake_target_skip_unavailable' from command line to 'False'
[0.790s] Level 5:colcon.colcon_core.verb:set package 'main_interface' build argument 'cmake_clean_cache' from command line to 'False'
[0.790s] Level 5:colcon.colcon_core.verb:set package 'main_interface' build argument 'cmake_clean_first' from command line to 'False'
[0.790s] Level 5:colcon.colcon_core.verb:set package 'main_interface' build argument 'cmake_force_configure' from command line to 'False'
[0.790s] Level 5:colcon.colcon_core.verb:set package 'main_interface' build argument 'ament_cmake_args' from command line to 'None'
[0.790s] Level 5:colcon.colcon_core.verb:set package 'main_interface' build argument 'catkin_cmake_args' from command line to 'None'
[0.790s] Level 5:colcon.colcon_core.verb:set package 'main_interface' build argument 'catkin_skip_building_tests' from command line to 'False'
[0.790s] DEBUG:colcon.colcon_core.verb:Building package 'main_interface' with the following arguments: {'ament_cmake_args': None, 'build_base': '/home/unique/ros2_ws/ros_test/build/main_interface', 'catkin_cmake_args': None, 'catkin_skip_building_tests': False, 'cmake_args': None, 'cmake_clean_cache': False, 'cmake_clean_first': False, 'cmake_force_configure': False, 'cmake_target': None, 'cmake_target_skip_unavailable': False, 'install_base': '/home/unique/ros2_ws/ros_test/install/main_interface', 'merge_install': False, 'path': '/home/unique/ros2_ws/ros_test/src/main_interface', 'symlink_install': False, 'test_result_base': None}
[0.790s] Level 5:colcon.colcon_core.verb:set package 'realtime_common' build argument 'cmake_args' from command line to 'None'
[0.790s] Level 5:colcon.colcon_core.verb:set package 'realtime_common' build argument 'cmake_target' from command line to 'None'
[0.790s] Level 5:colcon.colcon_core.verb:set package 'realtime_common' build argument 'cmake_target_skip_unavailable' from command line to 'False'
[0.790s] Level 5:colcon.colcon_core.verb:set package 'realtime_common' build argument 'cmake_clean_cache' from command line to 'False'
[0.790s] Level 5:colcon.colcon_core.verb:set package 'realtime_common' build argument 'cmake_clean_first' from command line to 'False'
[0.790s] Level 5:colcon.colcon_core.verb:set package 'realtime_common' build argument 'cmake_force_configure' from command line to 'False'
[0.790s] Level 5:colcon.colcon_core.verb:set package 'realtime_common' build argument 'ament_cmake_args' from command line to 'None'
[0.790s] Level 5:colcon.colcon_core.verb:set package 'realtime_common' build argument 'catkin_cmake_args' from command line to 'None'
[0.790s] Level 5:colcon.colcon_core.verb:set package 'realtime_common' build argument 'catkin_skip_building_tests' from command line to 'False'
[0.790s] DEBUG:colcon.colcon_core.verb:Building package 'realtime_common' with the following arguments: {'ament_cmake_args': None, 'build_base': '/home/unique/ros2_ws/ros_test/build/realtime_common', 'catkin_cmake_args': None, 'catkin_skip_building_tests': False, 'cmake_args': None, 'cmake_clean_cache': False, 'cmake_clean_first': False, 'cmake_force_configure': False, 'cmake_target': None, 'cmake_target_skip_unavailable': False, 'install_base': '/home/unique/ros2_ws/ros_test/install/realtime_common', 'merge_install': False, 'path': '/home/unique/ros2_ws/ros_test/src/realtime_common', 'symlink_install': False, 'test_result_base': None}
[0.791s] Level 5:colcon.colcon_core.verb:set package 'realtime_launch' build argument 'cmake_args' from command line to 'None'
[0.791s] Level 5:colcon.colcon_core.verb:set package 'realtime_launch' build argument 'cmake_target' from command line to 'None'
[0.791s] Level 5:colcon.colcon_core.verb:set package 'realtime_launch' build argument 'cmake_target_skip_unavailable' from command line to 'False'
[0.791s] Level 5:colcon.colcon_core.verb:set package 'realtime_launch' build argument 'cmake_clean_cache' from command line to 'False'
[0.791s] Level 5:colcon.colcon_core.verb:set package 'realtime_launch' build argument 'cmake_clean_first' from command line to 'False'
[0.791s] Level 5:colcon.colcon_core.verb:set package 'realtime_launch' build argument 'cmake_force_configure' from command line to 'False'
[0.791s] Level 5:colcon.colcon_core.verb:set package 'realtime_launch' build argument 'ament_cmake_args' from command line to 'None'
[0.791s] Level 5:colcon.colcon_core.verb:set package 'realtime_launch' build argument 'catkin_cmake_args' from command line to 'None'
[0.791s] Level 5:colcon.colcon_core.verb:set package 'realtime_launch' build argument 'catkin_skip_building_tests' from command line to 'False'
[0.791s] DEBUG:colcon.colcon_core.verb:Building package 'realtime_launch' with the following arguments: {'ament_cmake_args': None, 'build_base': '/home/unique/ros2_ws/ros_test/build/realtime_launch', 'catkin_cmake_args': None, 'catkin_skip_building_tests': False, 'cmake_args': None, 'cmake_clean_cache': False, 'cmake_clean_first': False, 'cmake_force_configure': False, 'cmake_target': None, 'cmake_target_skip_unavailable': False, 'install_base': '/home/unique/ros2_ws/ros_test/install/realtime_launch', 'merge_install': False, 'path': '/home/unique/ros2_ws/ros_test/src/realtime_launch', 'symlink_install': False, 'test_result_base': None}
[0.791s] Level 5:colcon.colcon_core.verb:set package 'IOqueue' build argument 'cmake_args' from command line to 'None'
[0.791s] Level 5:colcon.colcon_core.verb:set package 'IOqueue' build argument 'cmake_target' from command line to 'None'
[0.791s] Level 5:colcon.colcon_core.verb:set package 'IOqueue' build argument 'cmake_target_skip_unavailable' from command line to 'False'
[0.791s] Level 5:colcon.colcon_core.verb:set package 'IOqueue' build argument 'cmake_clean_cache' from command line to 'False'
[0.791s] Level 5:colcon.colcon_core.verb:set package 'IOqueue' build argument 'cmake_clean_first' from command line to 'False'
[0.791s] Level 5:colcon.colcon_core.verb:set package 'IOqueue' build argument 'cmake_force_configure' from command line to 'False'
[0.791s] Level 5:colcon.colcon_core.verb:set package 'IOqueue' build argument 'ament_cmake_args' from command line to 'None'
[0.791s] Level 5:colcon.colcon_core.verb:set package 'IOqueue' build argument 'catkin_cmake_args' from command line to 'None'
[0.791s] Level 5:colcon.colcon_core.verb:set package 'IOqueue' build argument 'catkin_skip_building_tests' from command line to 'False'
[0.791s] DEBUG:colcon.colcon_core.verb:Building package 'IOqueue' with the following arguments: {'ament_cmake_args': None, 'build_base': '/home/unique/ros2_ws/ros_test/build/IOqueue', 'catkin_cmake_args': None, 'catkin_skip_building_tests': False, 'cmake_args': None, 'cmake_clean_cache': False, 'cmake_clean_first': False, 'cmake_force_configure': False, 'cmake_target': None, 'cmake_target_skip_unavailable': False, 'install_base': '/home/unique/ros2_ws/ros_test/install/IOqueue', 'merge_install': False, 'path': '/home/unique/ros2_ws/ros_test/src/IOqueue', 'symlink_install': False, 'test_result_base': None}
[0.792s] Level 5:colcon.colcon_core.verb:set package 'IOringbuffer' build argument 'cmake_args' from command line to 'None'
[0.792s] Level 5:colcon.colcon_core.verb:set package 'IOringbuffer' build argument 'cmake_target' from command line to 'None'
[0.792s] Level 5:colcon.colcon_core.verb:set package 'IOringbuffer' build argument 'cmake_target_skip_unavailable' from command line to 'False'
[0.792s] Level 5:colcon.colcon_core.verb:set package 'IOringbuffer' build argument 'cmake_clean_cache' from command line to 'False'
[0.792s] Level 5:colcon.colcon_core.verb:set package 'IOringbuffer' build argument 'cmake_clean_first' from command line to 'False'
[0.792s] Level 5:colcon.colcon_core.verb:set package 'IOringbuffer' build argument 'cmake_force_configure' from command line to 'False'
[0.792s] Level 5:colcon.colcon_core.verb:set package 'IOringbuffer' build argument 'ament_cmake_args' from command line to 'None'
[0.792s] Level 5:colcon.colcon_core.verb:set package 'IOringbuffer' build argument 'catkin_cmake_args' from command line to 'None'
[0.792s] Level 5:colcon.colcon_core.verb:set package 'IOringbuffer' build argument 'catkin_skip_building_tests' from command line to 'False'
[0.792s] DEBUG:colcon.colcon_core.verb:Building package 'IOringbuffer' with the following arguments: {'ament_cmake_args': None, 'build_base': '/home/unique/ros2_ws/ros_test/build/IOringbuffer', 'catkin_cmake_args': None, 'catkin_skip_building_tests': False, 'cmake_args': None, 'cmake_clean_cache': False, 'cmake_clean_first': False, 'cmake_force_configure': False, 'cmake_target': None, 'cmake_target_skip_unavailable': False, 'install_base': '/home/unique/ros2_ws/ros_test/install/IOringbuffer', 'merge_install': False, 'path': '/home/unique/ros2_ws/ros_test/src/IOringbuffer', 'symlink_install': False, 'test_result_base': None}
[0.792s] Level 5:colcon.colcon_core.verb:set package 'test_loopback' build argument 'cmake_args' from command line to 'None'
[0.792s] Level 5:colcon.colcon_core.verb:set package 'test_loopback' build argument 'cmake_target' from command line to 'None'
[0.792s] Level 5:colcon.colcon_core.verb:set package 'test_loopback' build argument 'cmake_target_skip_unavailable' from command line to 'False'
[0.792s] Level 5:colcon.colcon_core.verb:set package 'test_loopback' build argument 'cmake_clean_cache' from command line to 'False'
[0.792s] Level 5:colcon.colcon_core.verb:set package 'test_loopback' build argument 'cmake_clean_first' from command line to 'False'
[0.792s] Level 5:colcon.colcon_core.verb:set package 'test_loopback' build argument 'cmake_force_configure' from command line to 'False'
[0.792s] Level 5:colcon.colcon_core.verb:set package 'test_loopback' build argument 'ament_cmake_args' from command line to 'None'
[0.792s] Level 5:colcon.colcon_core.verb:set package 'test_loopback' build argument 'catkin_cmake_args' from command line to 'None'
[0.792s] Level 5:colcon.colcon_core.verb:set package 'test_loopback' build argument 'catkin_skip_building_tests' from command line to 'False'
[0.792s] DEBUG:colcon.colcon_core.verb:Building package 'test_loopback' with the following arguments: {'ament_cmake_args': None, 'build_base': '/home/unique/ros2_ws/ros_test/build/test_loopback', 'catkin_cmake_args': None, 'catkin_skip_building_tests': False, 'cmake_args': None, 'cmake_clean_cache': False, 'cmake_clean_first': False, 'cmake_force_configure': False, 'cmake_target': None, 'cmake_target_skip_unavailable': False, 'install_base': '/home/unique/ros2_ws/ros_test/install/test_loopback', 'merge_install': False, 'path': '/home/unique/ros2_ws/ros_test/src/test_loopback', 'symlink_install': False, 'test_result_base': None}
[0.793s] Level 5:colcon.colcon_core.verb:set package 'test_ringbuffer_loopback' build argument 'cmake_args' from command line to 'None'
[0.793s] Level 5:colcon.colcon_core.verb:set package 'test_ringbuffer_loopback' build argument 'cmake_target' from command line to 'None'
[0.793s] Level 5:colcon.colcon_core.verb:set package 'test_ringbuffer_loopback' build argument 'cmake_target_skip_unavailable' from command line to 'False'
[0.793s] Level 5:colcon.colcon_core.verb:set package 'test_ringbuffer_loopback' build argument 'cmake_clean_cache' from command line to 'False'
[0.793s] Level 5:colcon.colcon_core.verb:set package 'test_ringbuffer_loopback' build argument 'cmake_clean_first' from command line to 'False'
[0.793s] Level 5:colcon.colcon_core.verb:set package 'test_ringbuffer_loopback' build argument 'cmake_force_configure' from command line to 'False'
[0.793s] Level 5:colcon.colcon_core.verb:set package 'test_ringbuffer_loopback' build argument 'ament_cmake_args' from command line to 'None'
[0.793s] Level 5:colcon.colcon_core.verb:set package 'test_ringbuffer_loopback' build argument 'catkin_cmake_args' from command line to 'None'
[0.793s] Level 5:colcon.colcon_core.verb:set package 'test_ringbuffer_loopback' build argument 'catkin_skip_building_tests' from command line to 'False'
[0.793s] DEBUG:colcon.colcon_core.verb:Building package 'test_ringbuffer_loopback' with the following arguments: {'ament_cmake_args': None, 'build_base': '/home/unique/ros2_ws/ros_test/build/test_ringbuffer_loopback', 'catkin_cmake_args': None, 'catkin_skip_building_tests': False, 'cmake_args': None, 'cmake_clean_cache': False, 'cmake_clean_first': False, 'cmake_force_configure': False, 'cmake_target': None, 'cmake_target_skip_unavailable': False, 'install_base': '/home/unique/ros2_ws/ros_test/install/test_ringbuffer_loopback', 'merge_install': False, 'path': '/home/unique/ros2_ws/ros_test/src/test_ringbuffer_loopback', 'symlink_install': False, 'test_result_base': None}
[0.793s] INFO:colcon.colcon_core.executor:Executing jobs using 'parallel' executor
[0.794s] DEBUG:colcon.colcon_parallel_executor.executor.parallel:run_until_complete
[0.794s] INFO:colcon.colcon_ros.task.ament_cmake.build:Building ROS package in '/home/unique/ros2_ws/ros_test/src/main_interface' with build type 'ament_cmake'
[0.794s] INFO:colcon.colcon_cmake.task.cmake.build:Building CMake package in '/home/unique/ros2_ws/ros_test/src/main_interface'
[0.798s] INFO:colcon.colcon_core.plugin_system:Skipping extension 'colcon_core.shell.bat': Not used on non-Windows systems
[0.798s] INFO:colcon.colcon_core.shell:Skip shell extension 'powershell' for command environment: Not usable outside of PowerShell
[0.798s] DEBUG:colcon.colcon_core.shell:Skip shell extension 'dsv' for command environment
[0.805s] INFO:colcon.colcon_ros.task.ament_cmake.build:Building ROS package in '/home/unique/ros2_ws/ros_test/src/realtime_common' with build type 'ament_cmake'
[0.805s] INFO:colcon.colcon_cmake.task.cmake.build:Building CMake package in '/home/unique/ros2_ws/ros_test/src/realtime_common'
[0.806s] INFO:colcon.colcon_core.shell:Skip shell extension 'powershell' for command environment: Not usable outside of PowerShell
[0.806s] DEBUG:colcon.colcon_core.shell:Skip shell extension 'dsv' for command environment
[0.815s] INFO:colcon.colcon_ros.task.ament_cmake.build:Building ROS package in '/home/unique/ros2_ws/ros_test/src/realtime_launch' with build type 'ament_cmake'
[0.815s] INFO:colcon.colcon_cmake.task.cmake.build:Building CMake package in '/home/unique/ros2_ws/ros_test/src/realtime_launch'
[0.815s] INFO:colcon.colcon_core.shell:Skip shell extension 'powershell' for command environment: Not usable outside of PowerShell
[0.815s] DEBUG:colcon.colcon_core.shell:Skip shell extension 'dsv' for command environment
[0.830s] DEBUG:colcon.colcon_core.event_handler.log_command:Invoking command in '/home/unique/ros2_ws/ros_test/build/main_interface': CMAKE_PREFIX_PATH=${CMAKE_PREFIX_PATH}:/home/unique/ros2_ws/ros2_21_tutorials/install/learning_urdf:/home/unique/ros2_ws/ros2_21_tutorials/install/learning_topic:/home/unique/ros2_ws/ros2_21_tutorials/install/learning_tf:/home/unique/ros2_ws/ros2_21_tutorials/install/learning_service:/home/unique/ros2_ws/ros2_21_tutorials/install/learning_qos:/home/unique/ros2_ws/ros2_21_tutorials/install/learning_pkg_python:/home/unique/ros2_ws/ros2_21_tutorials/install/learning_parameter:/home/unique/ros2_ws/ros2_21_tutorials/install/learning_node:/home/unique/ros2_ws/ros2_21_tutorials/install/learning_launch:/home/unique/ros2_ws/ros2_21_tutorials/install/learning_action:/home/unique/ros2_ws/ros2_21_tutorials/install/learning_gazebo_harmonic:/home/unique/ros2_ws/ros2_21_tutorials/install/learning_gazebo:/home/unique/ros2_ws/ros2_21_tutorials/install/learning_cv:/opt/ros/humble /usr/bin/cmake --build /home/unique/ros2_ws/ros_test/build/main_interface -- -j8 -l8
[0.840s] DEBUG:colcon.colcon_core.event_handler.log_command:Invoking command in '/home/unique/ros2_ws/ros_test/build/realtime_common': CMAKE_PREFIX_PATH=${CMAKE_PREFIX_PATH}:/home/unique/ros2_ws/ros2_21_tutorials/install/learning_urdf:/home/unique/ros2_ws/ros2_21_tutorials/install/learning_topic:/home/unique/ros2_ws/ros2_21_tutorials/install/learning_tf:/home/unique/ros2_ws/ros2_21_tutorials/install/learning_service:/home/unique/ros2_ws/ros2_21_tutorials/install/learning_qos:/home/unique/ros2_ws/ros2_21_tutorials/install/learning_pkg_python:/home/unique/ros2_ws/ros2_21_tutorials/install/learning_parameter:/home/unique/ros2_ws/ros2_21_tutorials/install/learning_node:/home/unique/ros2_ws/ros2_21_tutorials/install/learning_launch:/home/unique/ros2_ws/ros2_21_tutorials/install/learning_action:/home/unique/ros2_ws/ros2_21_tutorials/install/learning_gazebo_harmonic:/home/unique/ros2_ws/ros2_21_tutorials/install/learning_gazebo:/home/unique/ros2_ws/ros2_21_tutorials/install/learning_cv:/opt/ros/humble /usr/bin/cmake --build /home/unique/ros2_ws/ros_test/build/realtime_common -- -j8 -l8
[0.848s] DEBUG:colcon.colcon_core.event_handler.log_command:Invoking command in '/home/unique/ros2_ws/ros_test/build/realtime_launch': CMAKE_PREFIX_PATH=${CMAKE_PREFIX_PATH}:/home/unique/ros2_ws/ros2_21_tutorials/install/learning_urdf:/home/unique/ros2_ws/ros2_21_tutorials/install/learning_topic:/home/unique/ros2_ws/ros2_21_tutorials/install/learning_tf:/home/unique/ros2_ws/ros2_21_tutorials/install/learning_service:/home/unique/ros2_ws/ros2_21_tutorials/install/learning_qos:/home/unique/ros2_ws/ros2_21_tutorials/install/learning_pkg_python:/home/unique/ros2_ws/ros2_21_tutorials/install/learning_parameter:/home/unique/ros2_ws/ros2_21_tutorials/install/learning_node:/home/unique/ros2_ws/ros2_21_tutorials/install/learning_launch:/home/unique/ros2_ws/ros2_21_tutorials/install/learning_action:/home/unique/ros2_ws/ros2_21_tutorials/install/learning_gazebo_harmonic:/home/unique/ros2_ws/ros2_21_tutorials/install/learning_gazebo:/home/unique/ros2_ws/ros2_21_tutorials/install/learning_cv:/opt/ros/humble /usr/bin/cmake --build /home/unique/ros2_ws/ros_test/build/realtime_launch -- -j8 -l8
[0.922s] DEBUG:colcon.colcon_core.event_handler.log_command:Invoked command in '/home/unique/ros2_ws/ros_test/build/realtime_common' returned '0': CMAKE_PREFIX_PATH=${CMAKE_PREFIX_PATH}:/home/unique/ros2_ws/ros2_21_tutorials/install/learning_urdf:/home/unique/ros2_ws/ros2_21_tutorials/install/learning_topic:/home/unique/ros2_ws/ros2_21_tutorials/install/learning_tf:/home/unique/ros2_ws/ros2_21_tutorials/install/learning_service:/home/unique/ros2_ws/ros2_21_tutorials/install/learning_qos:/home/unique/ros2_ws/ros2_21_tutorials/install/learning_pkg_python:/home/unique/ros2_ws/ros2_21_tutorials/install/learning_parameter:/home/unique/ros2_ws/ros2_21_tutorials/install/learning_node:/home/unique/ros2_ws/ros2_21_tutorials/install/learning_launch:/home/unique/ros2_ws/ros2_21_tutorials/install/learning_action:/home/unique/ros2_ws/ros2_21_tutorials/install/learning_gazebo_harmonic:/home/unique/ros2_ws/ros2_21_tutorials/install/learning_gazebo:/home/unique/ros2_ws/ros2_21_tutorials/install/learning_cv:/opt/ros/humble /usr/bin/cmake --build /home/unique/ros2_ws/ros_test/build/realtime_common -- -j8 -l8
[0.943s] DEBUG:colcon.colcon_core.event_handler.log_command:Invoking command in '/home/unique/ros2_ws/ros_test/build/realtime_common': CMAKE_PREFIX_PATH=${CMAKE_PREFIX_PATH}:/home/unique/ros2_ws/ros2_21_tutorials/install/learning_urdf:/home/unique/ros2_ws/ros2_21_tutorials/install/learning_topic:/home/unique/ros2_ws/ros2_21_tutorials/install/learning_tf:/home/unique/ros2_ws/ros2_21_tutorials/install/learning_service:/home/unique/ros2_ws/ros2_21_tutorials/install/learning_qos:/home/unique/ros2_ws/ros2_21_tutorials/install/learning_pkg_python:/home/unique/ros2_ws/ros2_21_tutorials/install/learning_parameter:/home/unique/ros2_ws/ros2_21_tutorials/install/learning_node:/home/unique/ros2_ws/ros2_21_tutorials/install/learning_launch:/home/unique/ros2_ws/ros2_21_tutorials/install/learning_action:/home/unique/ros2_ws/ros2_21_tutorials/install/learning_gazebo_harmonic:/home/unique/ros2_ws/ros2_21_tutorials/install/learning_gazebo:/home/unique/ros2_ws/ros2_21_tutorials/install/learning_cv:/opt/ros/humble /usr/bin/cmake --install /home/unique/ros2_ws/ros_test/build/realtime_common
[0.948s] DEBUG:colcon.colcon_core.event_handler.log_command:Invoked command in '/home/unique/ros2_ws/ros_test/build/realtime_launch' returned '0': CMAKE_PREFIX_PATH=${CMAKE_PREFIX_PATH}:/home/unique/ros2_ws/ros2_21_tutorials/install/learning_urdf:/home/unique/ros2_ws/ros2_21_tutorials/install/learning_topic:/home/unique/ros2_ws/ros2_21_tutorials/install/learning_tf:/home/unique/ros2_ws/ros2_21_tutorials/install/learning_service:/home/unique/ros2_ws/ros2_21_tutorials/install/learning_qos:/home/unique/ros2_ws/ros2_21_tutorials/install/learning_pkg_python:/home/unique/ros2_ws/ros2_21_tutorials/install/learning_parameter:/home/unique/ros2_ws/ros2_21_tutorials/install/learning_node:/home/unique/ros2_ws/ros2_21_tutorials/install/learning_launch:/home/unique/ros2_ws/ros2_21_tutorials/install/learning_action:/home/unique/ros2_ws/ros2_21_tutorials/install/learning_gazebo_harmonic:/home/unique/ros2_ws/ros2_21_tutorials/install/learning_gazebo:/home/unique/ros2_ws/ros2_21_tutorials/install/learning_cv:/opt/ros/humble /usr/bin/cmake --build /home/unique/ros2_ws/ros_test/build/realtime_launch -- -j8 -l8
[0.948s] DEBUG:colcon.colcon_core.event_handler.log_command:Invoking command in '/home/unique/ros2_ws/ros_test/build/realtime_launch': CMAKE_PREFIX_PATH=${CMAKE_PREFIX_PATH}:/home/unique/ros2_ws/ros2_21_tutorials/install/learning_urdf:/home/unique/ros2_ws/ros2_21_tutorials/install/learning_topic:/home/unique/ros2_ws/ros2_21_tutorials/install/learning_tf:/home/unique/ros2_ws/ros2_21_tutorials/install/learning_service:/home/unique/ros2_ws/ros2_21_tutorials/install/learning_qos:/home/unique/ros2_ws/ros2_21_tutorials/install/learning_pkg_python:/home/unique/ros2_ws/ros2_21_tutorials/install/learning_parameter:/home/unique/ros2_ws/ros2_21_tutorials/install/learning_node:/home/unique/ros2_ws/ros2_21_tutorials/install/learning_launch:/home/unique/ros2_ws/ros2_21_tutorials/install/learning_action:/home/unique/ros2_ws/ros2_21_tutorials/install/learning_gazebo_harmonic:/home/unique/ros2_ws/ros2_21_tutorials/install/learning_gazebo:/home/unique/ros2_ws/ros2_21_tutorials/install/learning_cv:/opt/ros/humble /usr/bin/cmake --install /home/unique/ros2_ws/ros_test/build/realtime_launch
[0.967s] Level 1:colcon.colcon_core.environment:create_environment_scripts_only(realtime_common)
[0.969s] DEBUG:colcon.colcon_core.event_handler.log_command:Invoked command in '/home/unique/ros2_ws/ros_test/build/realtime_common' returned '0': CMAKE_PREFIX_PATH=${CMAKE_PREFIX_PATH}:/home/unique/ros2_ws/ros2_21_tutorials/install/learning_urdf:/home/unique/ros2_ws/ros2_21_tutorials/install/learning_topic:/home/unique/ros2_ws/ros2_21_tutorials/install/learning_tf:/home/unique/ros2_ws/ros2_21_tutorials/install/learning_service:/home/unique/ros2_ws/ros2_21_tutorials/install/learning_qos:/home/unique/ros2_ws/ros2_21_tutorials/install/learning_pkg_python:/home/unique/ros2_ws/ros2_21_tutorials/install/learning_parameter:/home/unique/ros2_ws/ros2_21_tutorials/install/learning_node:/home/unique/ros2_ws/ros2_21_tutorials/install/learning_launch:/home/unique/ros2_ws/ros2_21_tutorials/install/learning_action:/home/unique/ros2_ws/ros2_21_tutorials/install/learning_gazebo_harmonic:/home/unique/ros2_ws/ros2_21_tutorials/install/learning_gazebo:/home/unique/ros2_ws/ros2_21_tutorials/install/learning_cv:/opt/ros/humble /usr/bin/cmake --install /home/unique/ros2_ws/ros_test/build/realtime_common
[0.974s] Level 1:colcon.colcon_core.environment:checking '/home/unique/ros2_ws/ros_test/install/realtime_common' for CMake module files
[0.974s] Level 1:colcon.colcon_core.environment:checking '/home/unique/ros2_ws/ros_test/install/realtime_common' for CMake config files
[0.975s] Level 1:colcon.colcon_core.shell:create_environment_hook('realtime_common', 'cmake_prefix_path')
[0.975s] INFO:colcon.colcon_core.shell:Creating environment hook '/home/unique/ros2_ws/ros_test/install/realtime_common/share/realtime_common/hook/cmake_prefix_path.ps1'
[0.976s] INFO:colcon.colcon_core.shell:Creating environment descriptor '/home/unique/ros2_ws/ros_test/install/realtime_common/share/realtime_common/hook/cmake_prefix_path.dsv'
[0.977s] INFO:colcon.colcon_core.shell:Creating environment hook '/home/unique/ros2_ws/ros_test/install/realtime_common/share/realtime_common/hook/cmake_prefix_path.sh'
[0.979s] Level 1:colcon.colcon_core.environment:checking '/home/unique/ros2_ws/ros_test/install/realtime_common/bin'
[0.979s] Level 1:colcon.colcon_core.environment:checking '/home/unique/ros2_ws/ros_test/install/realtime_common/lib/pkgconfig/realtime_common.pc'
[0.980s] Level 1:colcon.colcon_core.environment:checking '/home/unique/ros2_ws/ros_test/install/realtime_common/lib/python3.10/site-packages'
[0.980s] Level 1:colcon.colcon_core.environment:checking '/home/unique/ros2_ws/ros_test/install/realtime_common/bin'
[0.980s] INFO:colcon.colcon_core.shell:Creating package script '/home/unique/ros2_ws/ros_test/install/realtime_common/share/realtime_common/package.ps1'
[0.982s] INFO:colcon.colcon_core.shell:Creating package descriptor '/home/unique/ros2_ws/ros_test/install/realtime_common/share/realtime_common/package.dsv'
[0.982s] INFO:colcon.colcon_core.shell:Creating package script '/home/unique/ros2_ws/ros_test/install/realtime_common/share/realtime_common/package.sh'
[0.983s] INFO:colcon.colcon_core.shell:Creating package script '/home/unique/ros2_ws/ros_test/install/realtime_common/share/realtime_common/package.bash'
[0.984s] INFO:colcon.colcon_core.shell:Creating package script '/home/unique/ros2_ws/ros_test/install/realtime_common/share/realtime_common/package.zsh'
[0.985s] Level 1:colcon.colcon_core.environment:create_file_with_runtime_dependencies(/home/unique/ros2_ws/ros_test/install/realtime_common/share/colcon-core/packages/realtime_common)
[0.986s] Level 1:colcon.colcon_core.environment:create_environment_scripts_only(realtime_common)
[0.987s] Level 1:colcon.colcon_core.environment:checking '/home/unique/ros2_ws/ros_test/install/realtime_common' for CMake module files
[0.987s] Level 1:colcon.colcon_core.environment:checking '/home/unique/ros2_ws/ros_test/install/realtime_common' for CMake config files
[0.988s] Level 1:colcon.colcon_core.shell:create_environment_hook('realtime_common', 'cmake_prefix_path')
[0.988s] INFO:colcon.colcon_core.shell:Creating environment hook '/home/unique/ros2_ws/ros_test/install/realtime_common/share/realtime_common/hook/cmake_prefix_path.ps1'
[0.989s] INFO:colcon.colcon_core.shell:Creating environment descriptor '/home/unique/ros2_ws/ros_test/install/realtime_common/share/realtime_common/hook/cmake_prefix_path.dsv'
[0.989s] INFO:colcon.colcon_core.shell:Creating environment hook '/home/unique/ros2_ws/ros_test/install/realtime_common/share/realtime_common/hook/cmake_prefix_path.sh'
[0.990s] Level 1:colcon.colcon_core.environment:checking '/home/unique/ros2_ws/ros_test/install/realtime_common/bin'
[0.990s] Level 1:colcon.colcon_core.environment:checking '/home/unique/ros2_ws/ros_test/install/realtime_common/lib/pkgconfig/realtime_common.pc'
[0.990s] Level 1:colcon.colcon_core.environment:checking '/home/unique/ros2_ws/ros_test/install/realtime_common/lib/python3.10/site-packages'
[0.991s] Level 1:colcon.colcon_core.environment:checking '/home/unique/ros2_ws/ros_test/install/realtime_common/bin'
[0.991s] INFO:colcon.colcon_core.shell:Creating package script '/home/unique/ros2_ws/ros_test/install/realtime_common/share/realtime_common/package.ps1'
[0.992s] INFO:colcon.colcon_core.shell:Creating package descriptor '/home/unique/ros2_ws/ros_test/install/realtime_common/share/realtime_common/package.dsv'
[0.993s] INFO:colcon.colcon_core.shell:Creating package script '/home/unique/ros2_ws/ros_test/install/realtime_common/share/realtime_common/package.sh'
[0.994s] INFO:colcon.colcon_core.shell:Creating package script '/home/unique/ros2_ws/ros_test/install/realtime_common/share/realtime_common/package.bash'
[0.996s] INFO:colcon.colcon_core.shell:Creating package script '/home/unique/ros2_ws/ros_test/install/realtime_common/share/realtime_common/package.zsh'
[0.996s] Level 1:colcon.colcon_core.environment:create_file_with_runtime_dependencies(/home/unique/ros2_ws/ros_test/install/realtime_common/share/colcon-core/packages/realtime_common)
[0.998s] Level 1:colcon.colcon_core.environment:create_environment_scripts_only(realtime_launch)
[0.999s] Level 1:colcon.colcon_core.environment:checking '/home/unique/ros2_ws/ros_test/install/realtime_launch' for CMake module files
[1.000s] DEBUG:colcon.colcon_core.event_handler.log_command:Invoked command in '/home/unique/ros2_ws/ros_test/build/realtime_launch' returned '0': CMAKE_PREFIX_PATH=${CMAKE_PREFIX_PATH}:/home/unique/ros2_ws/ros2_21_tutorials/install/learning_urdf:/home/unique/ros2_ws/ros2_21_tutorials/install/learning_topic:/home/unique/ros2_ws/ros2_21_tutorials/install/learning_tf:/home/unique/ros2_ws/ros2_21_tutorials/install/learning_service:/home/unique/ros2_ws/ros2_21_tutorials/install/learning_qos:/home/unique/ros2_ws/ros2_21_tutorials/install/learning_pkg_python:/home/unique/ros2_ws/ros2_21_tutorials/install/learning_parameter:/home/unique/ros2_ws/ros2_21_tutorials/install/learning_node:/home/unique/ros2_ws/ros2_21_tutorials/install/learning_launch:/home/unique/ros2_ws/ros2_21_tutorials/install/learning_action:/home/unique/ros2_ws/ros2_21_tutorials/install/learning_gazebo_harmonic:/home/unique/ros2_ws/ros2_21_tutorials/install/learning_gazebo:/home/unique/ros2_ws/ros2_21_tutorials/install/learning_cv:/opt/ros/humble /usr/bin/cmake --install /home/unique/ros2_ws/ros_test/build/realtime_launch
[1.001s] Level 1:colcon.colcon_core.environment:checking '/home/unique/ros2_ws/ros_test/install/realtime_launch' for CMake config files
[1.001s] Level 1:colcon.colcon_core.shell:create_environment_hook('realtime_launch', 'cmake_prefix_path')
[1.001s] INFO:colcon.colcon_core.shell:Creating environment hook '/home/unique/ros2_ws/ros_test/install/realtime_launch/share/realtime_launch/hook/cmake_prefix_path.ps1'
[1.003s] INFO:colcon.colcon_core.shell:Creating environment descriptor '/home/unique/ros2_ws/ros_test/install/realtime_launch/share/realtime_launch/hook/cmake_prefix_path.dsv'
[1.004s] INFO:colcon.colcon_core.shell:Creating environment hook '/home/unique/ros2_ws/ros_test/install/realtime_launch/share/realtime_launch/hook/cmake_prefix_path.sh'
[1.005s] Level 1:colcon.colcon_core.environment:checking '/home/unique/ros2_ws/ros_test/install/realtime_launch/bin'
[1.005s] Level 1:colcon.colcon_core.environment:checking '/home/unique/ros2_ws/ros_test/install/realtime_launch/lib/pkgconfig/realtime_launch.pc'
[1.005s] Level 1:colcon.colcon_core.environment:checking '/home/unique/ros2_ws/ros_test/install/realtime_launch/lib/python3.10/site-packages'
[1.005s] Level 1:colcon.colcon_core.environment:checking '/home/unique/ros2_ws/ros_test/install/realtime_launch/bin'
[1.006s] INFO:colcon.colcon_core.shell:Creating package script '/home/unique/ros2_ws/ros_test/install/realtime_launch/share/realtime_launch/package.ps1'
[1.008s] INFO:colcon.colcon_core.shell:Creating package descriptor '/home/unique/ros2_ws/ros_test/install/realtime_launch/share/realtime_launch/package.dsv'
[1.009s] INFO:colcon.colcon_core.shell:Creating package script '/home/unique/ros2_ws/ros_test/install/realtime_launch/share/realtime_launch/package.sh'
[1.009s] INFO:colcon.colcon_core.shell:Creating package script '/home/unique/ros2_ws/ros_test/install/realtime_launch/share/realtime_launch/package.bash'
[1.010s] INFO:colcon.colcon_core.shell:Creating package script '/home/unique/ros2_ws/ros_test/install/realtime_launch/share/realtime_launch/package.zsh'
[1.011s] Level 1:colcon.colcon_core.environment:create_file_with_runtime_dependencies(/home/unique/ros2_ws/ros_test/install/realtime_launch/share/colcon-core/packages/realtime_launch)
[1.011s] Level 1:colcon.colcon_core.environment:create_environment_scripts_only(realtime_launch)
[1.012s] Level 1:colcon.colcon_core.environment:checking '/home/unique/ros2_ws/ros_test/install/realtime_launch' for CMake module files
[1.012s] Level 1:colcon.colcon_core.environment:checking '/home/unique/ros2_ws/ros_test/install/realtime_launch' for CMake config files
[1.013s] Level 1:colcon.colcon_core.shell:create_environment_hook('realtime_launch', 'cmake_prefix_path')
[1.013s] INFO:colcon.colcon_core.shell:Creating environment hook '/home/unique/ros2_ws/ros_test/install/realtime_launch/share/realtime_launch/hook/cmake_prefix_path.ps1'
[1.014s] INFO:colcon.colcon_core.shell:Creating environment descriptor '/home/unique/ros2_ws/ros_test/install/realtime_launch/share/realtime_launch/hook/cmake_prefix_path.dsv'
[1.014s] INFO:colcon.colcon_core.shell:Creating environment hook '/home/unique/ros2_ws/ros_test/install/realtime_launch/share/realtime_launch/hook/cmake_prefix_path.sh'
[1.015s] Level 1:colcon.colcon_core.environment:checking '/home/unique/ros2_ws/ros_test/install/realtime_launch/bin'
[1.015s] Level 1:colcon.colcon_core.environment:checking '/home/unique/ros2_ws/ros_test/install/realtime_launch/lib/pkgconfig/realtime_launch.pc'
[1.016s] Level 1:colcon.colcon_core.environment:checking '/home/unique/ros2_ws/ros_test/install/realtime_launch/lib/python3.10/site-packages'
[1.016s] Level 1:colcon.colcon_core.environment:checking '/home/unique/ros2_ws/ros_test/install/realtime_launch/bin'
[1.016s] INFO:colcon.colcon_core.shell:Creating package script '/home/unique/ros2_ws/ros_test/install/realtime_launch/share/realtime_launch/package.ps1'
[1.017s] INFO:colcon.colcon_core.shell:Creating package descriptor '/home/unique/ros2_ws/ros_test/install/realtime_launch/share/realtime_launch/package.dsv'
[1.018s] INFO:colcon.colcon_core.shell:Creating package script '/home/unique/ros2_ws/ros_test/install/realtime_launch/share/realtime_launch/package.sh'
[1.019s] INFO:colcon.colcon_core.shell:Creating package script '/home/unique/ros2_ws/ros_test/install/realtime_launch/share/realtime_launch/package.bash'
[1.020s] INFO:colcon.colcon_core.shell:Creating package script '/home/unique/ros2_ws/ros_test/install/realtime_launch/share/realtime_launch/package.zsh'
[1.021s] Level 1:colcon.colcon_core.environment:create_file_with_runtime_dependencies(/home/unique/ros2_ws/ros_test/install/realtime_launch/share/colcon-core/packages/realtime_launch)
[1.418s] DEBUG:colcon.colcon_core.event_handler.log_command:Invoked command in '/home/unique/ros2_ws/ros_test/build/main_interface' returned '0': CMAKE_PREFIX_PATH=${CMAKE_PREFIX_PATH}:/home/unique/ros2_ws/ros2_21_tutorials/install/learning_urdf:/home/unique/ros2_ws/ros2_21_tutorials/install/learning_topic:/home/unique/ros2_ws/ros2_21_tutorials/install/learning_tf:/home/unique/ros2_ws/ros2_21_tutorials/install/learning_service:/home/unique/ros2_ws/ros2_21_tutorials/install/learning_qos:/home/unique/ros2_ws/ros2_21_tutorials/install/learning_pkg_python:/home/unique/ros2_ws/ros2_21_tutorials/install/learning_parameter:/home/unique/ros2_ws/ros2_21_tutorials/install/learning_node:/home/unique/ros2_ws/ros2_21_tutorials/install/learning_launch:/home/unique/ros2_ws/ros2_21_tutorials/install/learning_action:/home/unique/ros2_ws/ros2_21_tutorials/install/learning_gazebo_harmonic:/home/unique/ros2_ws/ros2_21_tutorials/install/learning_gazebo:/home/unique/ros2_ws/ros2_21_tutorials/install/learning_cv:/opt/ros/humble /usr/bin/cmake --build /home/unique/ros2_ws/ros_test/build/main_interface -- -j8 -l8
[1.421s] DEBUG:colcon.colcon_core.event_handler.log_command:Invoking command in '/home/unique/ros2_ws/ros_test/build/main_interface': CMAKE_PREFIX_PATH=${CMAKE_PREFIX_PATH}:/home/unique/ros2_ws/ros2_21_tutorials/install/learning_urdf:/home/unique/ros2_ws/ros2_21_tutorials/install/learning_topic:/home/unique/ros2_ws/ros2_21_tutorials/install/learning_tf:/home/unique/ros2_ws/ros2_21_tutorials/install/learning_service:/home/unique/ros2_ws/ros2_21_tutorials/install/learning_qos:/home/unique/ros2_ws/ros2_21_tutorials/install/learning_pkg_python:/home/unique/ros2_ws/ros2_21_tutorials/install/learning_parameter:/home/unique/ros2_ws/ros2_21_tutorials/install/learning_node:/home/unique/ros2_ws/ros2_21_tutorials/install/learning_launch:/home/unique/ros2_ws/ros2_21_tutorials/install/learning_action:/home/unique/ros2_ws/ros2_21_tutorials/install/learning_gazebo_harmonic:/home/unique/ros2_ws/ros2_21_tutorials/install/learning_gazebo:/home/unique/ros2_ws/ros2_21_tutorials/install/learning_cv:/opt/ros/humble /usr/bin/cmake --install /home/unique/ros2_ws/ros_test/build/main_interface
[1.536s] Level 1:colcon.colcon_core.environment:create_environment_scripts_only(main_interface)
[1.537s] Level 1:colcon.colcon_core.environment:checking '/home/unique/ros2_ws/ros_test/install/main_interface' for CMake module files
[1.538s] DEBUG:colcon.colcon_core.event_handler.log_command:Invoked command in '/home/unique/ros2_ws/ros_test/build/main_interface' returned '0': CMAKE_PREFIX_PATH=${CMAKE_PREFIX_PATH}:/home/unique/ros2_ws/ros2_21_tutorials/install/learning_urdf:/home/unique/ros2_ws/ros2_21_tutorials/install/learning_topic:/home/unique/ros2_ws/ros2_21_tutorials/install/learning_tf:/home/unique/ros2_ws/ros2_21_tutorials/install/learning_service:/home/unique/ros2_ws/ros2_21_tutorials/install/learning_qos:/home/unique/ros2_ws/ros2_21_tutorials/install/learning_pkg_python:/home/unique/ros2_ws/ros2_21_tutorials/install/learning_parameter:/home/unique/ros2_ws/ros2_21_tutorials/install/learning_node:/home/unique/ros2_ws/ros2_21_tutorials/install/learning_launch:/home/unique/ros2_ws/ros2_21_tutorials/install/learning_action:/home/unique/ros2_ws/ros2_21_tutorials/install/learning_gazebo_harmonic:/home/unique/ros2_ws/ros2_21_tutorials/install/learning_gazebo:/home/unique/ros2_ws/ros2_21_tutorials/install/learning_cv:/opt/ros/humble /usr/bin/cmake --install /home/unique/ros2_ws/ros_test/build/main_interface
[1.539s] Level 1:colcon.colcon_core.environment:checking '/home/unique/ros2_ws/ros_test/install/main_interface' for CMake config files
[1.540s] Level 1:colcon.colcon_core.shell:create_environment_hook('main_interface', 'cmake_prefix_path')
[1.540s] INFO:colcon.colcon_core.shell:Creating environment hook '/home/unique/ros2_ws/ros_test/install/main_interface/share/main_interface/hook/cmake_prefix_path.ps1'
[1.541s] INFO:colcon.colcon_core.shell:Creating environment descriptor '/home/unique/ros2_ws/ros_test/install/main_interface/share/main_interface/hook/cmake_prefix_path.dsv'
[1.542s] INFO:colcon.colcon_core.shell:Creating environment hook '/home/unique/ros2_ws/ros_test/install/main_interface/share/main_interface/hook/cmake_prefix_path.sh'
[1.543s] Level 1:colcon.colcon_core.environment:checking '/home/unique/ros2_ws/ros_test/install/main_interface/lib'
[1.543s] Level 1:colcon.colcon_core.shell:create_environment_hook('main_interface', 'ld_library_path_lib')
[1.544s] INFO:colcon.colcon_core.shell:Creating environment hook '/home/unique/ros2_ws/ros_test/install/main_interface/share/main_interface/hook/ld_library_path_lib.ps1'
[1.545s] INFO:colcon.colcon_core.shell:Creating environment descriptor '/home/unique/ros2_ws/ros_test/install/main_interface/share/main_interface/hook/ld_library_path_lib.dsv'
[1.545s] INFO:colcon.colcon_core.shell:Creating environment hook '/home/unique/ros2_ws/ros_test/install/main_interface/share/main_interface/hook/ld_library_path_lib.sh'
[1.546s] Level 1:colcon.colcon_core.environment:checking '/home/unique/ros2_ws/ros_test/install/main_interface/bin'
[1.546s] Level 1:colcon.colcon_core.environment:checking '/home/unique/ros2_ws/ros_test/install/main_interface/lib/pkgconfig/main_interface.pc'
[1.546s] Level 1:colcon.colcon_core.environment:checking '/home/unique/ros2_ws/ros_test/install/main_interface/lib/python3.10/site-packages'
[1.547s] Level 1:colcon.colcon_core.environment:checking '/home/unique/ros2_ws/ros_test/install/main_interface/bin'
[1.547s] INFO:colcon.colcon_core.shell:Creating package script '/home/unique/ros2_ws/ros_test/install/main_interface/share/main_interface/package.ps1'
[1.548s] INFO:colcon.colcon_core.shell:Creating package descriptor '/home/unique/ros2_ws/ros_test/install/main_interface/share/main_interface/package.dsv'
[1.549s] INFO:colcon.colcon_core.shell:Creating package script '/home/unique/ros2_ws/ros_test/install/main_interface/share/main_interface/package.sh'
[1.550s] INFO:colcon.colcon_core.shell:Creating package script '/home/unique/ros2_ws/ros_test/install/main_interface/share/main_interface/package.bash'
[1.550s] INFO:colcon.colcon_core.shell:Creating package script '/home/unique/ros2_ws/ros_test/install/main_interface/share/main_interface/package.zsh'
[1.551s] Level 1:colcon.colcon_core.environment:create_file_with_runtime_dependencies(/home/unique/ros2_ws/ros_test/install/main_interface/share/colcon-core/packages/main_interface)
[1.552s] Level 1:colcon.colcon_core.environment:create_environment_scripts_only(main_interface)
[1.553s] Level 1:colcon.colcon_core.environment:checking '/home/unique/ros2_ws/ros_test/install/main_interface' for CMake module files
[1.554s] Level 1:colcon.colcon_core.environment:checking '/home/unique/ros2_ws/ros_test/install/main_interface' for CMake config files
[1.556s] Level 1:colcon.colcon_core.shell:create_environment_hook('main_interface', 'cmake_prefix_path')
[1.557s] INFO:colcon.colcon_core.shell:Creating environment hook '/home/unique/ros2_ws/ros_test/install/main_interface/share/main_interface/hook/cmake_prefix_path.ps1'
[1.558s] INFO:colcon.colcon_core.shell:Creating environment descriptor '/home/unique/ros2_ws/ros_test/install/main_interface/share/main_interface/hook/cmake_prefix_path.dsv'
[1.559s] INFO:colcon.colcon_core.shell:Creating environment hook '/home/unique/ros2_ws/ros_test/install/main_interface/share/main_interface/hook/cmake_prefix_path.sh'
[1.560s] Level 1:colcon.colcon_core.environment:checking '/home/unique/ros2_ws/ros_test/install/main_interface/lib'
[1.560s] Level 1:colcon.colcon_core.shell:create_environment_hook('main_interface', 'ld_library_path_lib')
[1.561s] INFO:colcon.colcon_core.shell:Creating environment hook '/home/unique/ros2_ws/ros_test/install/main_interface/share/main_interface/hook/ld_library_path_lib.ps1'
[1.561s] INFO:colcon.colcon_core.shell:Creating environment descriptor '/home/unique/ros2_ws/ros_test/install/main_interface/share/main_interface/hook/ld_library_path_lib.dsv'
[1.562s] INFO:colcon.colcon_core.shell:Creating environment hook '/home/unique/ros2_ws/ros_test/install/main_interface/share/main_interface/hook/ld_library_path_lib.sh'
[1.563s] Level 1:colcon.colcon_core.environment:checking '/home/unique/ros2_ws/ros_test/install/main_interface/bin'
[1.563s] Level 1:colcon.colcon_core.environment:checking '/home/unique/ros2_ws/ros_test/install/main_interface/lib/pkgconfig/main_interface.pc'
[1.563s] Level 1:colcon.colcon_core.environment:checking '/home/unique/ros2_ws/ros_test/install/main_interface/lib/python3.10/site-packages'
[1.564s] Level 1:colcon.colcon_core.environment:checking '/home/unique/ros2_ws/ros_test/install/main_interface/bin'
[1.564s] INFO:colcon.colcon_core.shell:Creating package script '/home/unique/ros2_ws/ros_test/install/main_interface/share/main_interface/package.ps1'
[1.566s] INFO:colcon.colcon_core.shell:Creating package descriptor '/home/unique/ros2_ws/ros_test/install/main_interface/share/main_interface/package.dsv'
[1.567s] INFO:colcon.colcon_core.shell:Creating package script '/home/unique/ros2_ws/ros_test/install/main_interface/share/main_interface/package.sh'
[1.568s] INFO:colcon.colcon_core.shell:Creating package script '/home/unique/ros2_ws/ros_test/install/main_interface/share/main_interface/package.bash'
[1.569s] INFO:colcon.colcon_core.shell:Creating package script '/home/unique/ros2_ws/ros_test/install/main_interface/share/main_interface/package.zsh'
[1.570s] Level 1:colcon.colcon_core.environment:create_file_with_runtime_dependencies(/home/unique/ros2_ws/ros_test/install/main_interface/share/colcon-core/packages/main_interface)
[1.571s] INFO:colcon.colcon_ros.task.ament_cmake.build:Building ROS package in '/home/unique/ros2_ws/ros_test/src/IOqueue' with build type 'ament_cmake'
[1.571s] INFO:colcon.colcon_cmake.task.cmake.build:Building CMake package in '/home/unique/ros2_ws/ros_test/src/IOqueue'
[1.571s] INFO:colcon.colcon_core.shell:Skip shell extension 'powershell' for command environment: Not usable outside of PowerShell
[1.571s] DEBUG:colcon.colcon_core.shell:Skip shell extension 'dsv' for command environment
[1.584s] INFO:colcon.colcon_ros.task.ament_cmake.build:Building ROS package in '/home/unique/ros2_ws/ros_test/src/IOringbuffer' with build type 'ament_cmake'
[1.584s] INFO:colcon.colcon_cmake.task.cmake.build:Building CMake package in '/home/unique/ros2_ws/ros_test/src/IOringbuffer'
[1.585s] INFO:colcon.colcon_core.shell:Skip shell extension 'powershell' for command environment: Not usable outside of PowerShell
[1.585s] DEBUG:colcon.colcon_core.shell:Skip shell extension 'dsv' for command environment
[1.600s] INFO:colcon.colcon_ros.task.ament_cmake.build:Building ROS package in '/home/unique/ros2_ws/ros_test/src/test_loopback' with build type 'ament_cmake'
[1.600s] INFO:colcon.colcon_cmake.task.cmake.build:Building CMake package in '/home/unique/ros2_ws/ros_test/src/test_loopback'
[1.601s] INFO:colcon.colcon_core.shell:Skip shell extension 'powershell' for command environment: Not usable outside of PowerShell
[1.601s] DEBUG:colcon.colcon_core.shell:Skip shell extension 'dsv' for command environment
[1.614s] INFO:colcon.colcon_ros.task.ament_cmake.build:Building ROS package in '/home/unique/ros2_ws/ros_test/src/test_ringbuffer_loopback' with build type 'ament_cmake'
[1.614s] INFO:colcon.colcon_cmake.task.cmake.build:Building CMake package in '/home/unique/ros2_ws/ros_test/src/test_ringbuffer_loopback'
[1.615s] INFO:colcon.colcon_core.shell:Skip shell extension 'powershell' for command environment: Not usable outside of PowerShell
[1.615s] DEBUG:colcon.colcon_core.shell:Skip shell extension 'dsv' for command environment
[1.884s] DEBUG:colcon.colcon_core.event_handler.log_command:Invoking command in '/home/unique/ros2_ws/ros_test/build/test_loopback': CMAKE_PREFIX_PATH=/home/unique/ros2_ws/ros_test/install/main_interface:/home/unique/ros2_ws/ros_test/install/test_ringbuffer_loopback:/home/unique/ros2_ws/ros_test/install/test_loopback:/home/unique/ros2_ws/ros_test/install/realtime_launch:/home/unique/ros2_ws/ros_test/install/IOringbuffer:/home/unique/ros2_ws/ros_test/install/IOqueue:/home/unique/ros2_ws/ros_test/install/realtime_common:/home/unique/ros2_ws/install/village_wang:/home/unique/ros2_ws/install/village_interface:/home/unique/ros2_ws/install/my_cpp_pkg:/home/unique/ros2_ws/ros2_21_tutorials/install/learning_topic_cpp:/home/unique/ros2_ws/ros2_21_tutorials/install/learning_tf_cpp:/home/unique/ros2_ws/ros2_21_tutorials/install/learning_service_cpp:/home/unique/ros2_ws/ros2_21_tutorials/install/learning_pkg_c:/home/unique/ros2_ws/ros2_21_tutorials/install/learning_parameter_cpp:/home/unique/ros2_ws/ros2_21_tutorials/install/learning_node_cpp:/home/unique/ros2_ws/ros2_21_tutorials/install/learning_action_cpp:/home/unique/ros2_ws/ros2_21_tutorials/install/learning_interface:/home/unique/ros2_ws/ros2_21_tutorials/install/learning_urdf:/home/unique/ros2_ws/ros2_21_tutorials/install/learning_topic:/home/unique/ros2_ws/ros2_21_tutorials/install/learning_tf:/home/unique/ros2_ws/ros2_21_tutorials/install/learning_service:/home/unique/ros2_ws/ros2_21_tutorials/install/learning_qos:/home/unique/ros2_ws/ros2_21_tutorials/install/learning_pkg_python:/home/unique/ros2_ws/ros2_21_tutorials/install/learning_parameter:/home/unique/ros2_ws/ros2_21_tutorials/install/learning_node:/home/unique/ros2_ws/ros2_21_tutorials/install/learning_launch:/home/unique/ros2_ws/ros2_21_tutorials/install/learning_action:/home/unique/ros2_ws/ros2_21_tutorials/install/learning_gazebo_harmonic:/home/unique/ros2_ws/ros2_21_tutorials/install/learning_gazebo:/home/unique/ros2_ws/ros2_21_tutorials/install/learning_cv:/opt/ros/humble LD_LIBRARY_PATH=/home/unique/ros2_ws/ros_test/install/main_interface/lib:/home/unique/ros2_ws/ros_test/install/test_ringbuffer_loopback/lib:/home/unique/ros2_ws/ros_test/install/test_loopback/lib:/home/unique/ros2_ws/ros_test/install/IOringbuffer/lib:/home/unique/ros2_ws/ros_test/install/IOqueue/lib:/home/unique/ros2_ws/install/village_interface/lib:/home/unique/ros2_ws/ros2_21_tutorials/install/learning_interface/lib:/opt/ros/humble/opt/rviz_ogre_vendor/lib:/opt/ros/humble/lib/x86_64-linux-gnu:/opt/ros/humble/lib /usr/bin/cmake --build /home/unique/ros2_ws/ros_test/build/test_loopback -- -j8 -l8
[1.891s] DEBUG:colcon.colcon_core.event_handler.log_command:Invoking command in '/home/unique/ros2_ws/ros_test/build/test_ringbuffer_loopback': CMAKE_PREFIX_PATH=/home/unique/ros2_ws/ros_test/install/main_interface:/home/unique/ros2_ws/ros_test/install/test_ringbuffer_loopback:/home/unique/ros2_ws/ros_test/install/test_loopback:/home/unique/ros2_ws/ros_test/install/realtime_launch:/home/unique/ros2_ws/ros_test/install/IOringbuffer:/home/unique/ros2_ws/ros_test/install/IOqueue:/home/unique/ros2_ws/ros_test/install/realtime_common:/home/unique/ros2_ws/install/village_wang:/home/unique/ros2_ws/install/village_interface:/home/unique/ros2_ws/install/my_cpp_pkg:/home/unique/ros2_ws/ros2_21_tutorials/install/learning_topic_cpp:/home/unique/ros2_ws/ros2_21_tutorials/install/learning_tf_cpp:/home/unique/ros2_ws/ros2_21_tutorials/install/learning_service_cpp:/home/unique/ros2_ws/ros2_21_tutorials/install/learning_pkg_c:/home/unique/ros2_ws/ros2_21_tutorials/install/learning_parameter_cpp:/home/unique/ros2_ws/ros2_21_tutorials/install/learning_node_cpp:/home/unique/ros2_ws/ros2_21_tutorials/install/learning_action_cpp:/home/unique/ros2_ws/ros2_21_tutorials/install/learning_interface:/home/unique/ros2_ws/ros2_21_tutorials/install/learning_urdf:/home/unique/ros2_ws/ros2_21_tutorials/install/learning_topic:/home/unique/ros2_ws/ros2_21_tutorials/install/learning_tf:/home/unique/ros2_ws/ros2_21_tutorials/install/learning_service:/home/unique/ros2_ws/ros2_21_tutorials/install/learning_qos:/home/unique/ros2_ws/ros2_21_tutorials/install/learning_pkg_python:/home/unique/ros2_ws/ros2_21_tutorials/install/learning_parameter:/home/unique/ros2_ws/ros2_21_tutorials/install/learning_node:/home/unique/ros2_ws/ros2_21_tutorials/install/learning_launch:/home/unique/ros2_ws/ros2_21_tutorials/install/learning_action:/home/unique/ros2_ws/ros2_21_tutorials/install/learning_gazebo_harmonic:/home/unique/ros2_ws/ros2_21_tutorials/install/learning_gazebo:/home/unique/ros2_ws/ros2_21_tutorials/install/learning_cv:/opt/ros/humble LD_LIBRARY_PATH=/home/unique/ros2_ws/ros_test/install/main_interface/lib:/home/unique/ros2_ws/ros_test/install/test_ringbuffer_loopback/lib:/home/unique/ros2_ws/ros_test/install/test_loopback/lib:/home/unique/ros2_ws/ros_test/install/IOringbuffer/lib:/home/unique/ros2_ws/ros_test/install/IOqueue/lib:/home/unique/ros2_ws/install/village_interface/lib:/home/unique/ros2_ws/ros2_21_tutorials/install/learning_interface/lib:/opt/ros/humble/opt/rviz_ogre_vendor/lib:/opt/ros/humble/lib/x86_64-linux-gnu:/opt/ros/humble/lib /usr/bin/cmake --build /home/unique/ros2_ws/ros_test/build/test_ringbuffer_loopback -- -j8 -l8
[1.953s] DEBUG:colcon.colcon_core.event_handler.log_command:Invoking command in '/home/unique/ros2_ws/ros_test/build/IOqueue': CMAKE_PREFIX_PATH=/home/unique/ros2_ws/ros_test/install/realtime_common:/home/unique/ros2_ws/ros_test/install/main_interface:/home/unique/ros2_ws/ros_test/install/test_ringbuffer_loopback:/home/unique/ros2_ws/ros_test/install/test_loopback:/home/unique/ros2_ws/ros_test/install/realtime_launch:/home/unique/ros2_ws/ros_test/install/IOringbuffer:/home/unique/ros2_ws/ros_test/install/IOqueue:/home/unique/ros2_ws/install/village_wang:/home/unique/ros2_ws/install/village_interface:/home/unique/ros2_ws/install/my_cpp_pkg:/home/unique/ros2_ws/ros2_21_tutorials/install/learning_topic_cpp:/home/unique/ros2_ws/ros2_21_tutorials/install/learning_tf_cpp:/home/unique/ros2_ws/ros2_21_tutorials/install/learning_service_cpp:/home/unique/ros2_ws/ros2_21_tutorials/install/learning_pkg_c:/home/unique/ros2_ws/ros2_21_tutorials/install/learning_parameter_cpp:/home/unique/ros2_ws/ros2_21_tutorials/install/learning_node_cpp:/home/unique/ros2_ws/ros2_21_tutorials/install/learning_action_cpp:/home/unique/ros2_ws/ros2_21_tutorials/install/learning_interface:/home/unique/ros2_ws/ros2_21_tutorials/install/learning_urdf:/home/unique/ros2_ws/ros2_21_tutorials/install/learning_topic:/home/unique/ros2_ws/ros2_21_tutorials/install/learning_tf:/home/unique/ros2_ws/ros2_21_tutorials/install/learning_service:/home/unique/ros2_ws/ros2_21_tutorials/install/learning_qos:/home/unique/ros2_ws/ros2_21_tutorials/install/learning_pkg_python:/home/unique/ros2_ws/ros2_21_tutorials/install/learning_parameter:/home/unique/ros2_ws/ros2_21_tutorials/install/learning_node:/home/unique/ros2_ws/ros2_21_tutorials/install/learning_launch:/home/unique/ros2_ws/ros2_21_tutorials/install/learning_action:/home/unique/ros2_ws/ros2_21_tutorials/install/learning_gazebo_harmonic:/home/unique/ros2_ws/ros2_21_tutorials/install/learning_gazebo:/home/unique/ros2_ws/ros2_21_tutorials/install/learning_cv:/opt/ros/humble LD_LIBRARY_PATH=/home/unique/ros2_ws/ros_test/install/main_interface/lib:/home/unique/ros2_ws/ros_test/install/test_ringbuffer_loopback/lib:/home/unique/ros2_ws/ros_test/install/test_loopback/lib:/home/unique/ros2_ws/ros_test/install/IOringbuffer/lib:/home/unique/ros2_ws/ros_test/install/IOqueue/lib:/home/unique/ros2_ws/install/village_interface/lib:/home/unique/ros2_ws/ros2_21_tutorials/install/learning_interface/lib:/opt/ros/humble/opt/rviz_ogre_vendor/lib:/opt/ros/humble/lib/x86_64-linux-gnu:/opt/ros/humble/lib /usr/bin/cmake --build /home/unique/ros2_ws/ros_test/build/IOqueue -- -j8 -l8
[1.957s] DEBUG:colcon.colcon_core.event_handler.log_command:Invoking command in '/home/unique/ros2_ws/ros_test/build/IOringbuffer': CMAKE_PREFIX_PATH=/home/unique/ros2_ws/ros_test/install/realtime_common:/home/unique/ros2_ws/ros_test/install/main_interface:/home/unique/ros2_ws/ros_test/install/test_ringbuffer_loopback:/home/unique/ros2_ws/ros_test/install/test_loopback:/home/unique/ros2_ws/ros_test/install/realtime_launch:/home/unique/ros2_ws/ros_test/install/IOringbuffer:/home/unique/ros2_ws/ros_test/install/IOqueue:/home/unique/ros2_ws/install/village_wang:/home/unique/ros2_ws/install/village_interface:/home/unique/ros2_ws/install/my_cpp_pkg:/home/unique/ros2_ws/ros2_21_tutorials/install/learning_topic_cpp:/home/unique/ros2_ws/ros2_21_tutorials/install/learning_tf_cpp:/home/unique/ros2_ws/ros2_21_tutorials/install/learning_service_cpp:/home/unique/ros2_ws/ros2_21_tutorials/install/learning_pkg_c:/home/unique/ros2_ws/ros2_21_tutorials/install/learning_parameter_cpp:/home/unique/ros2_ws/ros2_21_tutorials/install/learning_node_cpp:/home/unique/ros2_ws/ros2_21_tutorials/install/learning_action_cpp:/home/unique/ros2_ws/ros2_21_tutorials/install/learning_interface:/home/unique/ros2_ws/ros2_21_tutorials/install/learning_urdf:/home/unique/ros2_ws/ros2_21_tutorials/install/learning_topic:/home/unique/ros2_ws/ros2_21_tutorials/install/learning_tf:/home/unique/ros2_ws/ros2_21_tutorials/install/learning_service:/home/unique/ros2_ws/ros2_21_tutorials/install/learning_qos:/home/unique/ros2_ws/ros2_21_tutorials/install/learning_pkg_python:/home/unique/ros2_ws/ros2_21_tutorials/install/learning_parameter:/home/unique/ros2_ws/ros2_21_tutorials/install/learning_node:/home/unique/ros2_ws/ros2_21_tutorials/install/learning_launch:/home/unique/ros2_ws/ros2_21_tutorials/install/learning_action:/home/unique/ros2_ws/ros2_21_tutorials/install/learning_gazebo_harmonic:/home/unique/ros2_ws/ros2_21_tutorials/install/learning_gazebo:/home/unique/ros2_ws/ros2_21_tutorials/install/learning_cv:/opt/ros/humble LD_LIBRARY_PATH=/home/unique/ros2_ws/ros_test/install/main_interface/lib:/home/unique/ros2_ws/ros_test/install/test_ringbuffer_loopback/lib:/home/unique/ros2_ws/ros_test/install/test_loopback/lib:/home/unique/ros2_ws/ros_test/install/IOringbuffer/lib:/home/unique/ros2_ws/ros_test/install/IOqueue/lib:/home/unique/ros2_ws/install/village_interface/lib:/home/unique/ros2_ws/ros2_21_tutorials/install/learning_interface/lib:/opt/ros/humble/opt/rviz_ogre_vendor/lib:/opt/ros/humble/lib/x86_64-linux-gnu:/opt/ros/humble/lib /usr/bin/cmake --build /home/unique/ros2_ws/ros_test/build/IOringbuffer -- -j8 -l8
[2.033s] DEBUG:colcon.colcon_core.event_handler.log_command:Invoked command in '/home/unique/ros2_ws/ros_test/build/test_loopback' returned '0': CMAKE_PREFIX_PATH=/home/unique/ros2_ws/ros_test/install/main_interface:/home/unique/ros2_ws/ros_test/install/test_ringbuffer_loopback:/home/unique/ros2_ws/ros_test/install/test_loopback:/home/unique/ros2_ws/ros_test/install/realtime_launch:/home/unique/ros2_ws/ros_test/install/IOringbuffer:/home/unique/ros2_ws/ros_test/install/IOqueue:/home/unique/ros2_ws/ros_test/install/realtime_common:/home/unique/ros2_ws/install/village_wang:/home/unique/ros2_ws/install/village_interface:/home/unique/ros2_ws/install/my_cpp_pkg:/home/unique/ros2_ws/ros2_21_tutorials/install/learning_topic_cpp:/home/unique/ros2_ws/ros2_21_tutorials/install/learning_tf_cpp:/home/unique/ros2_ws/ros2_21_tutorials/install/learning_service_cpp:/home/unique/ros2_ws/ros2_21_tutorials/install/learning_pkg_c:/home/unique/ros2_ws/ros2_21_tutorials/install/learning_parameter_cpp:/home/unique/ros2_ws/ros2_21_tutorials/install/learning_node_cpp:/home/unique/ros2_ws/ros2_21_tutorials/install/learning_action_cpp:/home/unique/ros2_ws/ros2_21_tutorials/install/learning_interface:/home/unique/ros2_ws/ros2_21_tutorials/install/learning_urdf:/home/unique/ros2_ws/ros2_21_tutorials/install/learning_topic:/home/unique/ros2_ws/ros2_21_tutorials/install/learning_tf:/home/unique/ros2_ws/ros2_21_tutorials/install/learning_service:/home/unique/ros2_ws/ros2_21_tutorials/install/learning_qos:/home/unique/ros2_ws/ros2_21_tutorials/install/learning_pkg_python:/home/unique/ros2_ws/ros2_21_tutorials/install/learning_parameter:/home/unique/ros2_ws/ros2_21_tutorials/install/learning_node:/home/unique/ros2_ws/ros2_21_tutorials/install/learning_launch:/home/unique/ros2_ws/ros2_21_tutorials/install/learning_action:/home/unique/ros2_ws/ros2_21_tutorials/install/learning_gazebo_harmonic:/home/unique/ros2_ws/ros2_21_tutorials/install/learning_gazebo:/home/unique/ros2_ws/ros2_21_tutorials/install/learning_cv:/opt/ros/humble LD_LIBRARY_PATH=/home/unique/ros2_ws/ros_test/install/main_interface/lib:/home/unique/ros2_ws/ros_test/install/test_ringbuffer_loopback/lib:/home/unique/ros2_ws/ros_test/install/test_loopback/lib:/home/unique/ros2_ws/ros_test/install/IOringbuffer/lib:/home/unique/ros2_ws/ros_test/install/IOqueue/lib:/home/unique/ros2_ws/install/village_interface/lib:/home/unique/ros2_ws/ros2_21_tutorials/install/learning_interface/lib:/opt/ros/humble/opt/rviz_ogre_vendor/lib:/opt/ros/humble/lib/x86_64-linux-gnu:/opt/ros/humble/lib /usr/bin/cmake --build /home/unique/ros2_ws/ros_test/build/test_loopback -- -j8 -l8
[2.036s] DEBUG:colcon.colcon_core.event_handler.log_command:Invoking command in '/home/unique/ros2_ws/ros_test/build/test_loopback': CMAKE_PREFIX_PATH=/home/unique/ros2_ws/ros_test/install/main_interface:/home/unique/ros2_ws/ros_test/install/test_ringbuffer_loopback:/home/unique/ros2_ws/ros_test/install/test_loopback:/home/unique/ros2_ws/ros_test/install/realtime_launch:/home/unique/ros2_ws/ros_test/install/IOringbuffer:/home/unique/ros2_ws/ros_test/install/IOqueue:/home/unique/ros2_ws/ros_test/install/realtime_common:/home/unique/ros2_ws/install/village_wang:/home/unique/ros2_ws/install/village_interface:/home/unique/ros2_ws/install/my_cpp_pkg:/home/unique/ros2_ws/ros2_21_tutorials/install/learning_topic_cpp:/home/unique/ros2_ws/ros2_21_tutorials/install/learning_tf_cpp:/home/unique/ros2_ws/ros2_21_tutorials/install/learning_service_cpp:/home/unique/ros2_ws/ros2_21_tutorials/install/learning_pkg_c:/home/unique/ros2_ws/ros2_21_tutorials/install/learning_parameter_cpp:/home/unique/ros2_ws/ros2_21_tutorials/install/learning_node_cpp:/home/unique/ros2_ws/ros2_21_tutorials/install/learning_action_cpp:/home/unique/ros2_ws/ros2_21_tutorials/install/learning_interface:/home/unique/ros2_ws/ros2_21_tutorials/install/learning_urdf:/home/unique/ros2_ws/ros2_21_tutorials/install/learning_topic:/home/unique/ros2_ws/ros2_21_tutorials/install/learning_tf:/home/unique/ros2_ws/ros2_21_tutorials/install/learning_service:/home/unique/ros2_ws/ros2_21_tutorials/install/learning_qos:/home/unique/ros2_ws/ros2_21_tutorials/install/learning_pkg_python:/home/unique/ros2_ws/ros2_21_tutorials/install/learning_parameter:/home/unique/ros2_ws/ros2_21_tutorials/install/learning_node:/home/unique/ros2_ws/ros2_21_tutorials/install/learning_launch:/home/unique/ros2_ws/ros2_21_tutorials/install/learning_action:/home/unique/ros2_ws/ros2_21_tutorials/install/learning_gazebo_harmonic:/home/unique/ros2_ws/ros2_21_tutorials/install/learning_gazebo:/home/unique/ros2_ws/ros2_21_tutorials/install/learning_cv:/opt/ros/humble LD_LIBRARY_PATH=/home/unique/ros2_ws/ros_test/install/main_interface/lib:/home/unique/ros2_ws/ros_test/install/test_ringbuffer_loopback/lib:/home/unique/ros2_ws/ros_test/install/test_loopback/lib:/home/unique/ros2_ws/ros_test/install/IOringbuffer/lib:/home/unique/ros2_ws/ros_test/install/IOqueue/lib:/home/unique/ros2_ws/install/village_interface/lib:/home/unique/ros2_ws/ros2_21_tutorials/install/learning_interface/lib:/opt/ros/humble/opt/rviz_ogre_vendor/lib:/opt/ros/humble/lib/x86_64-linux-gnu:/opt/ros/humble/lib /usr/bin/cmake --install /home/unique/ros2_ws/ros_test/build/test_loopback
[2.043s] DEBUG:colcon.colcon_core.event_handler.log_command:Invoked command in '/home/unique/ros2_ws/ros_test/build/test_ringbuffer_loopback' returned '0': CMAKE_PREFIX_PATH=/home/unique/ros2_ws/ros_test/install/main_interface:/home/unique/ros2_ws/ros_test/install/test_ringbuffer_loopback:/home/unique/ros2_ws/ros_test/install/test_loopback:/home/unique/ros2_ws/ros_test/install/realtime_launch:/home/unique/ros2_ws/ros_test/install/IOringbuffer:/home/unique/ros2_ws/ros_test/install/IOqueue:/home/unique/ros2_ws/ros_test/install/realtime_common:/home/unique/ros2_ws/install/village_wang:/home/unique/ros2_ws/install/village_interface:/home/unique/ros2_ws/install/my_cpp_pkg:/home/unique/ros2_ws/ros2_21_tutorials/install/learning_topic_cpp:/home/unique/ros2_ws/ros2_21_tutorials/install/learning_tf_cpp:/home/unique/ros2_ws/ros2_21_tutorials/install/learning_service_cpp:/home/unique/ros2_ws/ros2_21_tutorials/install/learning_pkg_c:/home/unique/ros2_ws/ros2_21_tutorials/install/learning_parameter_cpp:/home/unique/ros2_ws/ros2_21_tutorials/install/learning_node_cpp:/home/unique/ros2_ws/ros2_21_tutorials/install/learning_action_cpp:/home/unique/ros2_ws/ros2_21_tutorials/install/learning_interface:/home/unique/ros2_ws/ros2_21_tutorials/install/learning_urdf:/home/unique/ros2_ws/ros2_21_tutorials/install/learning_topic:/home/unique/ros2_ws/ros2_21_tutorials/install/learning_tf:/home/unique/ros2_ws/ros2_21_tutorials/install/learning_service:/home/unique/ros2_ws/ros2_21_tutorials/install/learning_qos:/home/unique/ros2_ws/ros2_21_tutorials/install/learning_pkg_python:/home/unique/ros2_ws/ros2_21_tutorials/install/learning_parameter:/home/unique/ros2_ws/ros2_21_tutorials/install/learning_node:/home/unique/ros2_ws/ros2_21_tutorials/install/learning_launch:/home/unique/ros2_ws/ros2_21_tutorials/install/learning_action:/home/unique/ros2_ws/ros2_21_tutorials/install/learning_gazebo_harmonic:/home/unique/ros2_ws/ros2_21_tutorials/install/learning_gazebo:/home/unique/ros2_ws/ros2_21_tutorials/install/learning_cv:/opt/ros/humble LD_LIBRARY_PATH=/home/unique/ros2_ws/ros_test/install/main_interface/lib:/home/unique/ros2_ws/ros_test/install/test_ringbuffer_loopback/lib:/home/unique/ros2_ws/ros_test/install/test_loopback/lib:/home/unique/ros2_ws/ros_test/install/IOringbuffer/lib:/home/unique/ros2_ws/ros_test/install/IOqueue/lib:/home/unique/ros2_ws/install/village_interface/lib:/home/unique/ros2_ws/ros2_21_tutorials/install/learning_interface/lib:/opt/ros/humble/opt/rviz_ogre_vendor/lib:/opt/ros/humble/lib/x86_64-linux-gnu:/opt/ros/humble/lib /usr/bin/cmake --build /home/unique/ros2_ws/ros_test/build/test_ringbuffer_loopback -- -j8 -l8
[2.045s] DEBUG:colcon.colcon_core.event_handler.log_command:Invoking command in '/home/unique/ros2_ws/ros_test/build/test_ringbuffer_loopback': CMAKE_PREFIX_PATH=/home/unique/ros2_ws/ros_test/install/main_interface:/home/unique/ros2_ws/ros_test/install/test_ringbuffer_loopback:/home/unique/ros2_ws/ros_test/install/test_loopback:/home/unique/ros2_ws/ros_test/install/realtime_launch:/home/unique/ros2_ws/ros_test/install/IOringbuffer:/home/unique/ros2_ws/ros_test/install/IOqueue:/home/unique/ros2_ws/ros_test/install/realtime_common:/home/unique/ros2_ws/install/village_wang:/home/unique/ros2_ws/install/village_interface:/home/unique/ros2_ws/install/my_cpp_pkg:/home/unique/ros2_ws/ros2_21_tutorials/install/learning_topic_cpp:/home/unique/ros2_ws/ros2_21_tutorials/install/learning_tf_cpp:/home/unique/ros2_ws/ros2_21_tutorials/install/learning_service_cpp:/home/unique/ros2_ws/ros2_21_tutorials/install/learning_pkg_c:/home/unique/ros2_ws/ros2_21_tutorials/install/learning_parameter_cpp:/home/unique/ros2_ws/ros2_21_tutorials/install/learning_node_cpp:/home/unique/ros2_ws/ros2_21_tutorials/install/learning_action_cpp:/home/unique/ros2_ws/ros2_21_tutorials/install/learning_interface:/home/unique/ros2_ws/ros2_21_tutorials/install/learning_urdf:/home/unique/ros2_ws/ros2_21_tutorials/install/learning_topic:/home/unique/ros2_ws/ros2_21_tutorials/install/learning_tf:/home/unique/ros2_ws/ros2_21_tutorials/install/learning_service:/home/unique/ros2_ws/ros2_21_tutorials/install/learning_qos:/home/unique/ros2_ws/ros2_21_tutorials/install/learning_pkg_python:/home/unique/ros2_ws/ros2_21_tutorials/install/learning_parameter:/home/unique/ros2_ws/ros2_21_tutorials/install/learning_node:/home/unique/ros2_ws/ros2_21_tutorials/install/learning_launch:/home/unique/ros2_ws/ros2_21_tutorials/install/learning_action:/home/unique/ros2_ws/ros2_21_tutorials/install/learning_gazebo_harmonic:/home/unique/ros2_ws/ros2_21_tutorials/install/learning_gazebo:/home/unique/ros2_ws/ros2_21_tutorials/install/learning_cv:/opt/ros/humble LD_LIBRARY_PATH=/home/unique/ros2_ws/ros_test/install/main_interface/lib:/home/unique/ros2_ws/ros_test/install/test_ringbuffer_loopback/lib:/home/unique/ros2_ws/ros_test/install/test_loopback/lib:/home/unique/ros2_ws/ros_test/install/IOringbuffer/lib:/home/unique/ros2_ws/ros_test/install/IOqueue/lib:/home/unique/ros2_ws/install/village_interface/lib:/home/unique/ros2_ws/ros2_21_tutorials/install/learning_interface/lib:/opt/ros/humble/opt/rviz_ogre_vendor/lib:/opt/ros/humble/lib/x86_64-linux-gnu:/opt/ros/humble/lib /usr/bin/cmake --install /home/unique/ros2_ws/ros_test/build/test_ringbuffer_loopback
[2.060s] Level 1:colcon.colcon_core.environment:create_environment_scripts_only(test_loopback)
[2.061s] Level 1:colcon.colcon_core.environment:checking '/home/unique/ros2_ws/ros_test/install/test_loopback' for CMake module files
[2.068s] Level 1:colcon.colcon_core.environment:checking '/home/unique/ros2_ws/ros_test/install/test_loopback' for CMake config files
[2.069s] DEBUG:colcon.colcon_core.event_handler.log_command:Invoked command in '/home/unique/ros2_ws/ros_test/build/test_loopback' returned '0': CMAKE_PREFIX_PATH=/home/unique/ros2_ws/ros_test/install/main_interface:/home/unique/ros2_ws/ros_test/install/test_ringbuffer_loopback:/home/unique/ros2_ws/ros_test/install/test_loopback:/home/unique/ros2_ws/ros_test/install/realtime_launch:/home/unique/ros2_ws/ros_test/install/IOringbuffer:/home/unique/ros2_ws/ros_test/install/IOqueue:/home/unique/ros2_ws/ros_test/install/realtime_common:/home/unique/ros2_ws/install/village_wang:/home/unique/ros2_ws/install/village_interface:/home/unique/ros2_ws/install/my_cpp_pkg:/home/unique/ros2_ws/ros2_21_tutorials/install/learning_topic_cpp:/home/unique/ros2_ws/ros2_21_tutorials/install/learning_tf_cpp:/home/unique/ros2_ws/ros2_21_tutorials/install/learning_service_cpp:/home/unique/ros2_ws/ros2_21_tutorials/install/learning_pkg_c:/home/unique/ros2_ws/ros2_21_tutorials/install/learning_parameter_cpp:/home/unique/ros2_ws/ros2_21_tutorials/install/learning_node_cpp:/home/unique/ros2_ws/ros2_21_tutorials/install/learning_action_cpp:/home/unique/ros2_ws/ros2_21_tutorials/install/learning_interface:/home/unique/ros2_ws/ros2_21_tutorials/install/learning_urdf:/home/unique/ros2_ws/ros2_21_tutorials/install/learning_topic:/home/unique/ros2_ws/ros2_21_tutorials/install/learning_tf:/home/unique/ros2_ws/ros2_21_tutorials/install/learning_service:/home/unique/ros2_ws/ros2_21_tutorials/install/learning_qos:/home/unique/ros2_ws/ros2_21_tutorials/install/learning_pkg_python:/home/unique/ros2_ws/ros2_21_tutorials/install/learning_parameter:/home/unique/ros2_ws/ros2_21_tutorials/install/learning_node:/home/unique/ros2_ws/ros2_21_tutorials/install/learning_launch:/home/unique/ros2_ws/ros2_21_tutorials/install/learning_action:/home/unique/ros2_ws/ros2_21_tutorials/install/learning_gazebo_harmonic:/home/unique/ros2_ws/ros2_21_tutorials/install/learning_gazebo:/home/unique/ros2_ws/ros2_21_tutorials/install/learning_cv:/opt/ros/humble LD_LIBRARY_PATH=/home/unique/ros2_ws/ros_test/install/main_interface/lib:/home/unique/ros2_ws/ros_test/install/test_ringbuffer_loopback/lib:/home/unique/ros2_ws/ros_test/install/test_loopback/lib:/home/unique/ros2_ws/ros_test/install/IOringbuffer/lib:/home/unique/ros2_ws/ros_test/install/IOqueue/lib:/home/unique/ros2_ws/install/village_interface/lib:/home/unique/ros2_ws/ros2_21_tutorials/install/learning_interface/lib:/opt/ros/humble/opt/rviz_ogre_vendor/lib:/opt/ros/humble/lib/x86_64-linux-gnu:/opt/ros/humble/lib /usr/bin/cmake --install /home/unique/ros2_ws/ros_test/build/test_loopback
[2.070s] Level 1:colcon.colcon_core.shell:create_environment_hook('test_loopback', 'cmake_prefix_path')
[2.071s] INFO:colcon.colcon_core.shell:Creating environment hook '/home/unique/ros2_ws/ros_test/install/test_loopback/share/test_loopback/hook/cmake_prefix_path.ps1'
[2.072s] INFO:colcon.colcon_core.shell:Creating environment descriptor '/home/unique/ros2_ws/ros_test/install/test_loopback/share/test_loopback/hook/cmake_prefix_path.dsv'
[2.073s] INFO:colcon.colcon_core.shell:Creating environment hook '/home/unique/ros2_ws/ros_test/install/test_loopback/share/test_loopback/hook/cmake_prefix_path.sh'
[2.074s] Level 1:colcon.colcon_core.environment:checking '/home/unique/ros2_ws/ros_test/install/test_loopback/lib'
[2.074s] Level 1:colcon.colcon_core.shell:create_environment_hook('test_loopback', 'ld_library_path_lib')
[2.075s] INFO:colcon.colcon_core.shell:Creating environment hook '/home/unique/ros2_ws/ros_test/install/test_loopback/share/test_loopback/hook/ld_library_path_lib.ps1'
[2.076s] INFO:colcon.colcon_core.shell:Creating environment descriptor '/home/unique/ros2_ws/ros_test/install/test_loopback/share/test_loopback/hook/ld_library_path_lib.dsv'
[2.077s] INFO:colcon.colcon_core.shell:Creating environment hook '/home/unique/ros2_ws/ros_test/install/test_loopback/share/test_loopback/hook/ld_library_path_lib.sh'
[2.078s] Level 1:colcon.colcon_core.environment:checking '/home/unique/ros2_ws/ros_test/install/test_loopback/bin'
[2.078s] Level 1:colcon.colcon_core.environment:checking '/home/unique/ros2_ws/ros_test/install/test_loopback/lib/pkgconfig/test_loopback.pc'
[2.078s] Level 1:colcon.colcon_core.environment:checking '/home/unique/ros2_ws/ros_test/install/test_loopback/lib/python3.10/site-packages'
[2.079s] Level 1:colcon.colcon_core.environment:checking '/home/unique/ros2_ws/ros_test/install/test_loopback/bin'
[2.081s] INFO:colcon.colcon_core.shell:Creating package script '/home/unique/ros2_ws/ros_test/install/test_loopback/share/test_loopback/package.ps1'
[2.083s] INFO:colcon.colcon_core.shell:Creating package descriptor '/home/unique/ros2_ws/ros_test/install/test_loopback/share/test_loopback/package.dsv'
[2.084s] INFO:colcon.colcon_core.shell:Creating package script '/home/unique/ros2_ws/ros_test/install/test_loopback/share/test_loopback/package.sh'
[2.084s] INFO:colcon.colcon_core.shell:Creating package script '/home/unique/ros2_ws/ros_test/install/test_loopback/share/test_loopback/package.bash'
[2.085s] INFO:colcon.colcon_core.shell:Creating package script '/home/unique/ros2_ws/ros_test/install/test_loopback/share/test_loopback/package.zsh'
[2.086s] Level 1:colcon.colcon_core.environment:create_file_with_runtime_dependencies(/home/unique/ros2_ws/ros_test/install/test_loopback/share/colcon-core/packages/test_loopback)
[2.087s] Level 1:colcon.colcon_core.environment:create_environment_scripts_only(test_loopback)
[2.087s] Level 1:colcon.colcon_core.environment:checking '/home/unique/ros2_ws/ros_test/install/test_loopback' for CMake module files
[2.088s] Level 1:colcon.colcon_core.environment:checking '/home/unique/ros2_ws/ros_test/install/test_loopback' for CMake config files
[2.088s] Level 1:colcon.colcon_core.shell:create_environment_hook('test_loopback', 'cmake_prefix_path')
[2.089s] INFO:colcon.colcon_core.shell:Creating environment hook '/home/unique/ros2_ws/ros_test/install/test_loopback/share/test_loopback/hook/cmake_prefix_path.ps1'
[2.090s] INFO:colcon.colcon_core.shell:Creating environment descriptor '/home/unique/ros2_ws/ros_test/install/test_loopback/share/test_loopback/hook/cmake_prefix_path.dsv'
[2.090s] INFO:colcon.colcon_core.shell:Creating environment hook '/home/unique/ros2_ws/ros_test/install/test_loopback/share/test_loopback/hook/cmake_prefix_path.sh'
[2.091s] Level 1:colcon.colcon_core.environment:checking '/home/unique/ros2_ws/ros_test/install/test_loopback/lib'
[2.092s] Level 1:colcon.colcon_core.shell:create_environment_hook('test_loopback', 'ld_library_path_lib')
[2.092s] INFO:colcon.colcon_core.shell:Creating environment hook '/home/unique/ros2_ws/ros_test/install/test_loopback/share/test_loopback/hook/ld_library_path_lib.ps1'
[2.093s] INFO:colcon.colcon_core.shell:Creating environment descriptor '/home/unique/ros2_ws/ros_test/install/test_loopback/share/test_loopback/hook/ld_library_path_lib.dsv'
[2.093s] INFO:colcon.colcon_core.shell:Creating environment hook '/home/unique/ros2_ws/ros_test/install/test_loopback/share/test_loopback/hook/ld_library_path_lib.sh'
[2.094s] Level 1:colcon.colcon_core.environment:checking '/home/unique/ros2_ws/ros_test/install/test_loopback/bin'
[2.094s] Level 1:colcon.colcon_core.environment:checking '/home/unique/ros2_ws/ros_test/install/test_loopback/lib/pkgconfig/test_loopback.pc'
[2.094s] Level 1:colcon.colcon_core.environment:checking '/home/unique/ros2_ws/ros_test/install/test_loopback/lib/python3.10/site-packages'
[2.095s] Level 1:colcon.colcon_core.environment:checking '/home/unique/ros2_ws/ros_test/install/test_loopback/bin'
[2.096s] INFO:colcon.colcon_core.shell:Creating package script '/home/unique/ros2_ws/ros_test/install/test_loopback/share/test_loopback/package.ps1'
[2.098s] INFO:colcon.colcon_core.shell:Creating package descriptor '/home/unique/ros2_ws/ros_test/install/test_loopback/share/test_loopback/package.dsv'
[2.101s] INFO:colcon.colcon_core.shell:Creating package script '/home/unique/ros2_ws/ros_test/install/test_loopback/share/test_loopback/package.sh'
[2.102s] INFO:colcon.colcon_core.shell:Creating package script '/home/unique/ros2_ws/ros_test/install/test_loopback/share/test_loopback/package.bash'
[2.102s] INFO:colcon.colcon_core.shell:Creating package script '/home/unique/ros2_ws/ros_test/install/test_loopback/share/test_loopback/package.zsh'
[2.103s] Level 1:colcon.colcon_core.environment:create_file_with_runtime_dependencies(/home/unique/ros2_ws/ros_test/install/test_loopback/share/colcon-core/packages/test_loopback)
[2.104s] Level 1:colcon.colcon_core.environment:create_environment_scripts_only(test_ringbuffer_loopback)
[2.105s] Level 1:colcon.colcon_core.environment:checking '/home/unique/ros2_ws/ros_test/install/test_ringbuffer_loopback' for CMake module files
[2.107s] Level 1:colcon.colcon_core.environment:checking '/home/unique/ros2_ws/ros_test/install/test_ringbuffer_loopback' for CMake config files
[2.108s] DEBUG:colcon.colcon_core.event_handler.log_command:Invoked command in '/home/unique/ros2_ws/ros_test/build/test_ringbuffer_loopback' returned '0': CMAKE_PREFIX_PATH=/home/unique/ros2_ws/ros_test/install/main_interface:/home/unique/ros2_ws/ros_test/install/test_ringbuffer_loopback:/home/unique/ros2_ws/ros_test/install/test_loopback:/home/unique/ros2_ws/ros_test/install/realtime_launch:/home/unique/ros2_ws/ros_test/install/IOringbuffer:/home/unique/ros2_ws/ros_test/install/IOqueue:/home/unique/ros2_ws/ros_test/install/realtime_common:/home/unique/ros2_ws/install/village_wang:/home/unique/ros2_ws/install/village_interface:/home/unique/ros2_ws/install/my_cpp_pkg:/home/unique/ros2_ws/ros2_21_tutorials/install/learning_topic_cpp:/home/unique/ros2_ws/ros2_21_tutorials/install/learning_tf_cpp:/home/unique/ros2_ws/ros2_21_tutorials/install/learning_service_cpp:/home/unique/ros2_ws/ros2_21_tutorials/install/learning_pkg_c:/home/unique/ros2_ws/ros2_21_tutorials/install/learning_parameter_cpp:/home/unique/ros2_ws/ros2_21_tutorials/install/learning_node_cpp:/home/unique/ros2_ws/ros2_21_tutorials/install/learning_action_cpp:/home/unique/ros2_ws/ros2_21_tutorials/install/learning_interface:/home/unique/ros2_ws/ros2_21_tutorials/install/learning_urdf:/home/unique/ros2_ws/ros2_21_tutorials/install/learning_topic:/home/unique/ros2_ws/ros2_21_tutorials/install/learning_tf:/home/unique/ros2_ws/ros2_21_tutorials/install/learning_service:/home/unique/ros2_ws/ros2_21_tutorials/install/learning_qos:/home/unique/ros2_ws/ros2_21_tutorials/install/learning_pkg_python:/home/unique/ros2_ws/ros2_21_tutorials/install/learning_parameter:/home/unique/ros2_ws/ros2_21_tutorials/install/learning_node:/home/unique/ros2_ws/ros2_21_tutorials/install/learning_launch:/home/unique/ros2_ws/ros2_21_tutorials/install/learning_action:/home/unique/ros2_ws/ros2_21_tutorials/install/learning_gazebo_harmonic:/home/unique/ros2_ws/ros2_21_tutorials/install/learning_gazebo:/home/unique/ros2_ws/ros2_21_tutorials/install/learning_cv:/opt/ros/humble LD_LIBRARY_PATH=/home/unique/ros2_ws/ros_test/install/main_interface/lib:/home/unique/ros2_ws/ros_test/install/test_ringbuffer_loopback/lib:/home/unique/ros2_ws/ros_test/install/test_loopback/lib:/home/unique/ros2_ws/ros_test/install/IOringbuffer/lib:/home/unique/ros2_ws/ros_test/install/IOqueue/lib:/home/unique/ros2_ws/install/village_interface/lib:/home/unique/ros2_ws/ros2_21_tutorials/install/learning_interface/lib:/opt/ros/humble/opt/rviz_ogre_vendor/lib:/opt/ros/humble/lib/x86_64-linux-gnu:/opt/ros/humble/lib /usr/bin/cmake --install /home/unique/ros2_ws/ros_test/build/test_ringbuffer_loopback
[2.109s] Level 1:colcon.colcon_core.shell:create_environment_hook('test_ringbuffer_loopback', 'cmake_prefix_path')
[2.109s] INFO:colcon.colcon_core.shell:Creating environment hook '/home/unique/ros2_ws/ros_test/install/test_ringbuffer_loopback/share/test_ringbuffer_loopback/hook/cmake_prefix_path.ps1'
[2.110s] INFO:colcon.colcon_core.shell:Creating environment descriptor '/home/unique/ros2_ws/ros_test/install/test_ringbuffer_loopback/share/test_ringbuffer_loopback/hook/cmake_prefix_path.dsv'
[2.111s] INFO:colcon.colcon_core.shell:Creating environment hook '/home/unique/ros2_ws/ros_test/install/test_ringbuffer_loopback/share/test_ringbuffer_loopback/hook/cmake_prefix_path.sh'
[2.112s] Level 1:colcon.colcon_core.environment:checking '/home/unique/ros2_ws/ros_test/install/test_ringbuffer_loopback/lib'
[2.112s] Level 1:colcon.colcon_core.shell:create_environment_hook('test_ringbuffer_loopback', 'ld_library_path_lib')
[2.113s] INFO:colcon.colcon_core.shell:Creating environment hook '/home/unique/ros2_ws/ros_test/install/test_ringbuffer_loopback/share/test_ringbuffer_loopback/hook/ld_library_path_lib.ps1'
[2.114s] INFO:colcon.colcon_core.shell:Creating environment descriptor '/home/unique/ros2_ws/ros_test/install/test_ringbuffer_loopback/share/test_ringbuffer_loopback/hook/ld_library_path_lib.dsv'
[2.114s] INFO:colcon.colcon_core.shell:Creating environment hook '/home/unique/ros2_ws/ros_test/install/test_ringbuffer_loopback/share/test_ringbuffer_loopback/hook/ld_library_path_lib.sh'
[2.115s] Level 1:colcon.colcon_core.environment:checking '/home/unique/ros2_ws/ros_test/install/test_ringbuffer_loopback/bin'
[2.115s] Level 1:colcon.colcon_core.environment:checking '/home/unique/ros2_ws/ros_test/install/test_ringbuffer_loopback/lib/pkgconfig/test_ringbuffer_loopback.pc'
[2.116s] Level 1:colcon.colcon_core.environment:checking '/home/unique/ros2_ws/ros_test/install/test_ringbuffer_loopback/lib/python3.10/site-packages'
[2.116s] Level 1:colcon.colcon_core.environment:checking '/home/unique/ros2_ws/ros_test/install/test_ringbuffer_loopback/bin'
[2.117s] INFO:colcon.colcon_core.shell:Creating package script '/home/unique/ros2_ws/ros_test/install/test_ringbuffer_loopback/share/test_ringbuffer_loopback/package.ps1'
[2.118s] INFO:colcon.colcon_core.shell:Creating package descriptor '/home/unique/ros2_ws/ros_test/install/test_ringbuffer_loopback/share/test_ringbuffer_loopback/package.dsv'
[2.119s] INFO:colcon.colcon_core.shell:Creating package script '/home/unique/ros2_ws/ros_test/install/test_ringbuffer_loopback/share/test_ringbuffer_loopback/package.sh'
[2.119s] INFO:colcon.colcon_core.shell:Creating package script '/home/unique/ros2_ws/ros_test/install/test_ringbuffer_loopback/share/test_ringbuffer_loopback/package.bash'
[2.120s] INFO:colcon.colcon_core.shell:Creating package script '/home/unique/ros2_ws/ros_test/install/test_ringbuffer_loopback/share/test_ringbuffer_loopback/package.zsh'
[2.121s] Level 1:colcon.colcon_core.environment:create_file_with_runtime_dependencies(/home/unique/ros2_ws/ros_test/install/test_ringbuffer_loopback/share/colcon-core/packages/test_ringbuffer_loopback)
[2.122s] Level 1:colcon.colcon_core.environment:create_environment_scripts_only(test_ringbuffer_loopback)
[2.123s] Level 1:colcon.colcon_core.environment:checking '/home/unique/ros2_ws/ros_test/install/test_ringbuffer_loopback' for CMake module files
[2.123s] Level 1:colcon.colcon_core.environment:checking '/home/unique/ros2_ws/ros_test/install/test_ringbuffer_loopback' for CMake config files
[2.124s] Level 1:colcon.colcon_core.shell:create_environment_hook('test_ringbuffer_loopback', 'cmake_prefix_path')
[2.124s] INFO:colcon.colcon_core.shell:Creating environment hook '/home/unique/ros2_ws/ros_test/install/test_ringbuffer_loopback/share/test_ringbuffer_loopback/hook/cmake_prefix_path.ps1'
[2.125s] INFO:colcon.colcon_core.shell:Creating environment descriptor '/home/unique/ros2_ws/ros_test/install/test_ringbuffer_loopback/share/test_ringbuffer_loopback/hook/cmake_prefix_path.dsv'
[2.126s] INFO:colcon.colcon_core.shell:Creating environment hook '/home/unique/ros2_ws/ros_test/install/test_ringbuffer_loopback/share/test_ringbuffer_loopback/hook/cmake_prefix_path.sh'
[2.127s] Level 1:colcon.colcon_core.environment:checking '/home/unique/ros2_ws/ros_test/install/test_ringbuffer_loopback/lib'
[2.127s] Level 1:colcon.colcon_core.shell:create_environment_hook('test_ringbuffer_loopback', 'ld_library_path_lib')
[2.127s] INFO:colcon.colcon_core.shell:Creating environment hook '/home/unique/ros2_ws/ros_test/install/test_ringbuffer_loopback/share/test_ringbuffer_loopback/hook/ld_library_path_lib.ps1'
[2.128s] INFO:colcon.colcon_core.shell:Creating environment descriptor '/home/unique/ros2_ws/ros_test/install/test_ringbuffer_loopback/share/test_ringbuffer_loopback/hook/ld_library_path_lib.dsv'
[2.129s] INFO:colcon.colcon_core.shell:Creating environment hook '/home/unique/ros2_ws/ros_test/install/test_ringbuffer_loopback/share/test_ringbuffer_loopback/hook/ld_library_path_lib.sh'
[2.130s] Level 1:colcon.colcon_core.environment:checking '/home/unique/ros2_ws/ros_test/install/test_ringbuffer_loopback/bin'
[2.130s] Level 1:colcon.colcon_core.environment:checking '/home/unique/ros2_ws/ros_test/install/test_ringbuffer_loopback/lib/pkgconfig/test_ringbuffer_loopback.pc'
[2.130s] Level 1:colcon.colcon_core.environment:checking '/home/unique/ros2_ws/ros_test/install/test_ringbuffer_loopback/lib/python3.10/site-packages'
[2.131s] Level 1:colcon.colcon_core.environment:checking '/home/unique/ros2_ws/ros_test/install/test_ringbuffer_loopback/bin'
[2.131s] INFO:colcon.colcon_core.shell:Creating package script '/home/unique/ros2_ws/ros_test/install/test_ringbuffer_loopback/share/test_ringbuffer_loopback/package.ps1'
[2.133s] INFO:colcon.colcon_core.shell:Creating package descriptor '/home/unique/ros2_ws/ros_test/install/test_ringbuffer_loopback/share/test_ringbuffer_loopback/package.dsv'
[2.133s] INFO:colcon.colcon_core.shell:Creating package script '/home/unique/ros2_ws/ros_test/install/test_ringbuffer_loopback/share/test_ringbuffer_loopback/package.sh'
[2.134s] INFO:colcon.colcon_core.shell:Creating package script '/home/unique/ros2_ws/ros_test/install/test_ringbuffer_loopback/share/test_ringbuffer_loopback/package.bash'
[2.135s] INFO:colcon.colcon_core.shell:Creating package script '/home/unique/ros2_ws/ros_test/install/test_ringbuffer_loopback/share/test_ringbuffer_loopback/package.zsh'
[2.136s] Level 1:colcon.colcon_core.environment:create_file_with_runtime_dependencies(/home/unique/ros2_ws/ros_test/install/test_ringbuffer_loopback/share/colcon-core/packages/test_ringbuffer_loopback)
[2.140s] DEBUG:colcon.colcon_core.event_handler.log_command:Invoked command in '/home/unique/ros2_ws/ros_test/build/IOqueue' returned '0': CMAKE_PREFIX_PATH=/home/unique/ros2_ws/ros_test/install/realtime_common:/home/unique/ros2_ws/ros_test/install/main_interface:/home/unique/ros2_ws/ros_test/install/test_ringbuffer_loopback:/home/unique/ros2_ws/ros_test/install/test_loopback:/home/unique/ros2_ws/ros_test/install/realtime_launch:/home/unique/ros2_ws/ros_test/install/IOringbuffer:/home/unique/ros2_ws/ros_test/install/IOqueue:/home/unique/ros2_ws/install/village_wang:/home/unique/ros2_ws/install/village_interface:/home/unique/ros2_ws/install/my_cpp_pkg:/home/unique/ros2_ws/ros2_21_tutorials/install/learning_topic_cpp:/home/unique/ros2_ws/ros2_21_tutorials/install/learning_tf_cpp:/home/unique/ros2_ws/ros2_21_tutorials/install/learning_service_cpp:/home/unique/ros2_ws/ros2_21_tutorials/install/learning_pkg_c:/home/unique/ros2_ws/ros2_21_tutorials/install/learning_parameter_cpp:/home/unique/ros2_ws/ros2_21_tutorials/install/learning_node_cpp:/home/unique/ros2_ws/ros2_21_tutorials/install/learning_action_cpp:/home/unique/ros2_ws/ros2_21_tutorials/install/learning_interface:/home/unique/ros2_ws/ros2_21_tutorials/install/learning_urdf:/home/unique/ros2_ws/ros2_21_tutorials/install/learning_topic:/home/unique/ros2_ws/ros2_21_tutorials/install/learning_tf:/home/unique/ros2_ws/ros2_21_tutorials/install/learning_service:/home/unique/ros2_ws/ros2_21_tutorials/install/learning_qos:/home/unique/ros2_ws/ros2_21_tutorials/install/learning_pkg_python:/home/unique/ros2_ws/ros2_21_tutorials/install/learning_parameter:/home/unique/ros2_ws/ros2_21_tutorials/install/learning_node:/home/unique/ros2_ws/ros2_21_tutorials/install/learning_launch:/home/unique/ros2_ws/ros2_21_tutorials/install/learning_action:/home/unique/ros2_ws/ros2_21_tutorials/install/learning_gazebo_harmonic:/home/unique/ros2_ws/ros2_21_tutorials/install/learning_gazebo:/home/unique/ros2_ws/ros2_21_tutorials/install/learning_cv:/opt/ros/humble LD_LIBRARY_PATH=/home/unique/ros2_ws/ros_test/install/main_interface/lib:/home/unique/ros2_ws/ros_test/install/test_ringbuffer_loopback/lib:/home/unique/ros2_ws/ros_test/install/test_loopback/lib:/home/unique/ros2_ws/ros_test/install/IOringbuffer/lib:/home/unique/ros2_ws/ros_test/install/IOqueue/lib:/home/unique/ros2_ws/install/village_interface/lib:/home/unique/ros2_ws/ros2_21_tutorials/install/learning_interface/lib:/opt/ros/humble/opt/rviz_ogre_vendor/lib:/opt/ros/humble/lib/x86_64-linux-gnu:/opt/ros/humble/lib /usr/bin/cmake --build /home/unique/ros2_ws/ros_test/build/IOqueue -- -j8 -l8
[2.143s] DEBUG:colcon.colcon_core.event_handler.log_command:Invoking command in '/home/unique/ros2_ws/ros_test/build/IOqueue': CMAKE_PREFIX_PATH=/home/unique/ros2_ws/ros_test/install/realtime_common:/home/unique/ros2_ws/ros_test/install/main_interface:/home/unique/ros2_ws/ros_test/install/test_ringbuffer_loopback:/home/unique/ros2_ws/ros_test/install/test_loopback:/home/unique/ros2_ws/ros_test/install/realtime_launch:/home/unique/ros2_ws/ros_test/install/IOringbuffer:/home/unique/ros2_ws/ros_test/install/IOqueue:/home/unique/ros2_ws/install/village_wang:/home/unique/ros2_ws/install/village_interface:/home/unique/ros2_ws/install/my_cpp_pkg:/home/unique/ros2_ws/ros2_21_tutorials/install/learning_topic_cpp:/home/unique/ros2_ws/ros2_21_tutorials/install/learning_tf_cpp:/home/unique/ros2_ws/ros2_21_tutorials/install/learning_service_cpp:/home/unique/ros2_ws/ros2_21_tutorials/install/learning_pkg_c:/home/unique/ros2_ws/ros2_21_tutorials/install/learning_parameter_cpp:/home/unique/ros2_ws/ros2_21_tutorials/install/learning_node_cpp:/home/unique/ros2_ws/ros2_21_tutorials/install/learning_action_cpp:/home/unique/ros2_ws/ros2_21_tutorials/install/learning_interface:/home/unique/ros2_ws/ros2_21_tutorials/install/learning_urdf:/home/unique/ros2_ws/ros2_21_tutorials/install/learning_topic:/home/unique/ros2_ws/ros2_21_tutorials/install/learning_tf:/home/unique/ros2_ws/ros2_21_tutorials/install/learning_service:/home/unique/ros2_ws/ros2_21_tutorials/install/learning_qos:/home/unique/ros2_ws/ros2_21_tutorials/install/learning_pkg_python:/home/unique/ros2_ws/ros2_21_tutorials/install/learning_parameter:/home/unique/ros2_ws/ros2_21_tutorials/install/learning_node:/home/unique/ros2_ws/ros2_21_tutorials/install/learning_launch:/home/unique/ros2_ws/ros2_21_tutorials/install/learning_action:/home/unique/ros2_ws/ros2_21_tutorials/install/learning_gazebo_harmonic:/home/unique/ros2_ws/ros2_21_tutorials/install/learning_gazebo:/home/unique/ros2_ws/ros2_21_tutorials/install/learning_cv:/opt/ros/humble LD_LIBRARY_PATH=/home/unique/ros2_ws/ros_test/install/main_interface/lib:/home/unique/ros2_ws/ros_test/install/test_ringbuffer_loopback/lib:/home/unique/ros2_ws/ros_test/install/test_loopback/lib:/home/unique/ros2_ws/ros_test/install/IOringbuffer/lib:/home/unique/ros2_ws/ros_test/install/IOqueue/lib:/home/unique/ros2_ws/install/village_interface/lib:/home/unique/ros2_ws/ros2_21_tutorials/install/learning_interface/lib:/opt/ros/humble/opt/rviz_ogre_vendor/lib:/opt/ros/humble/lib/x86_64-linux-gnu:/opt/ros/humble/lib /usr/bin/cmake --install /home/unique/ros2_ws/ros_test/build/IOqueue
[2.164s] Level 1:colcon.colcon_core.environment:create_environment_scripts_only(IOqueue)
[2.165s] Level 1:colcon.colcon_core.environment:checking '/home/unique/ros2_ws/ros_test/install/IOqueue' for CMake module files
[2.166s] DEBUG:colcon.colcon_core.event_handler.log_command:Invoked command in '/home/unique/ros2_ws/ros_test/build/IOqueue' returned '0': CMAKE_PREFIX_PATH=/home/unique/ros2_ws/ros_test/install/realtime_common:/home/unique/ros2_ws/ros_test/install/main_interface:/home/unique/ros2_ws/ros_test/install/test_ringbuffer_loopback:/home/unique/ros2_ws/ros_test/install/test_loopback:/home/unique/ros2_ws/ros_test/install/realtime_launch:/home/unique/ros2_ws/ros_test/install/IOringbuffer:/home/unique/ros2_ws/ros_test/install/IOqueue:/home/unique/ros2_ws/install/village_wang:/home/unique/ros2_ws/install/village_interface:/home/unique/ros2_ws/install/my_cpp_pkg:/home/unique/ros2_ws/ros2_21_tutorials/install/learning_topic_cpp:/home/unique/ros2_ws/ros2_21_tutorials/install/learning_tf_cpp:/home/unique/ros2_ws/ros2_21_tutorials/install/learning_service_cpp:/home/unique/ros2_ws/ros2_21_tutorials/install/learning_pkg_c:/home/unique/ros2_ws/ros2_21_tutorials/install/learning_parameter_cpp:/home/unique/ros2_ws/ros2_21_tutorials/install/learning_node_cpp:/home/unique/ros2_ws/ros2_21_tutorials/install/learning_action_cpp:/home/unique/ros2_ws/ros2_21_tutorials/install/learning_interface:/home/unique/ros2_ws/ros2_21_tutorials/install/learning_urdf:/home/unique/ros2_ws/ros2_21_tutorials/install/learning_topic:/home/unique/ros2_ws/ros2_21_tutorials/install/learning_tf:/home/unique/ros2_ws/ros2_21_tutorials/install/learning_service:/home/unique/ros2_ws/ros2_21_tutorials/install/learning_qos:/home/unique/ros2_ws/ros2_21_tutorials/install/learning_pkg_python:/home/unique/ros2_ws/ros2_21_tutorials/install/learning_parameter:/home/unique/ros2_ws/ros2_21_tutorials/install/learning_node:/home/unique/ros2_ws/ros2_21_tutorials/install/learning_launch:/home/unique/ros2_ws/ros2_21_tutorials/install/learning_action:/home/unique/ros2_ws/ros2_21_tutorials/install/learning_gazebo_harmonic:/home/unique/ros2_ws/ros2_21_tutorials/install/learning_gazebo:/home/unique/ros2_ws/ros2_21_tutorials/install/learning_cv:/opt/ros/humble LD_LIBRARY_PATH=/home/unique/ros2_ws/ros_test/install/main_interface/lib:/home/unique/ros2_ws/ros_test/install/test_ringbuffer_loopback/lib:/home/unique/ros2_ws/ros_test/install/test_loopback/lib:/home/unique/ros2_ws/ros_test/install/IOringbuffer/lib:/home/unique/ros2_ws/ros_test/install/IOqueue/lib:/home/unique/ros2_ws/install/village_interface/lib:/home/unique/ros2_ws/ros2_21_tutorials/install/learning_interface/lib:/opt/ros/humble/opt/rviz_ogre_vendor/lib:/opt/ros/humble/lib/x86_64-linux-gnu:/opt/ros/humble/lib /usr/bin/cmake --install /home/unique/ros2_ws/ros_test/build/IOqueue
[2.166s] Level 1:colcon.colcon_core.environment:checking '/home/unique/ros2_ws/ros_test/install/IOqueue' for CMake config files
[2.167s] Level 1:colcon.colcon_core.shell:create_environment_hook('IOqueue', 'cmake_prefix_path')
[2.167s] INFO:colcon.colcon_core.shell:Creating environment hook '/home/unique/ros2_ws/ros_test/install/IOqueue/share/IOqueue/hook/cmake_prefix_path.ps1'
[2.168s] INFO:colcon.colcon_core.shell:Creating environment descriptor '/home/unique/ros2_ws/ros_test/install/IOqueue/share/IOqueue/hook/cmake_prefix_path.dsv'
[2.168s] INFO:colcon.colcon_core.shell:Creating environment hook '/home/unique/ros2_ws/ros_test/install/IOqueue/share/IOqueue/hook/cmake_prefix_path.sh'
[2.169s] Level 1:colcon.colcon_core.environment:checking '/home/unique/ros2_ws/ros_test/install/IOqueue/lib'
[2.169s] Level 1:colcon.colcon_core.shell:create_environment_hook('IOqueue', 'ld_library_path_lib')
[2.170s] INFO:colcon.colcon_core.shell:Creating environment hook '/home/unique/ros2_ws/ros_test/install/IOqueue/share/IOqueue/hook/ld_library_path_lib.ps1'
[2.170s] INFO:colcon.colcon_core.shell:Creating environment descriptor '/home/unique/ros2_ws/ros_test/install/IOqueue/share/IOqueue/hook/ld_library_path_lib.dsv'
[2.171s] INFO:colcon.colcon_core.shell:Creating environment hook '/home/unique/ros2_ws/ros_test/install/IOqueue/share/IOqueue/hook/ld_library_path_lib.sh'
[2.172s] Level 1:colcon.colcon_core.environment:checking '/home/unique/ros2_ws/ros_test/install/IOqueue/bin'
[2.172s] Level 1:colcon.colcon_core.environment:checking '/home/unique/ros2_ws/ros_test/install/IOqueue/lib/pkgconfig/IOqueue.pc'
[2.172s] Level 1:colcon.colcon_core.environment:checking '/home/unique/ros2_ws/ros_test/install/IOqueue/lib/python3.10/site-packages'
[2.172s] Level 1:colcon.colcon_core.environment:checking '/home/unique/ros2_ws/ros_test/install/IOqueue/bin'
[2.173s] INFO:colcon.colcon_core.shell:Creating package script '/home/unique/ros2_ws/ros_test/install/IOqueue/share/IOqueue/package.ps1'
[2.174s] INFO:colcon.colcon_core.shell:Creating package descriptor '/home/unique/ros2_ws/ros_test/install/IOqueue/share/IOqueue/package.dsv'
[2.175s] INFO:colcon.colcon_core.shell:Creating package script '/home/unique/ros2_ws/ros_test/install/IOqueue/share/IOqueue/package.sh'
[2.176s] INFO:colcon.colcon_core.shell:Creating package script '/home/unique/ros2_ws/ros_test/install/IOqueue/share/IOqueue/package.bash'
[2.177s] INFO:colcon.colcon_core.shell:Creating package script '/home/unique/ros2_ws/ros_test/install/IOqueue/share/IOqueue/package.zsh'
[2.177s] Level 1:colcon.colcon_core.environment:create_file_with_runtime_dependencies(/home/unique/ros2_ws/ros_test/install/IOqueue/share/colcon-core/packages/IOqueue)
[2.178s] Level 1:colcon.colcon_core.environment:create_environment_scripts_only(IOqueue)
[2.178s] Level 1:colcon.colcon_core.environment:checking '/home/unique/ros2_ws/ros_test/install/IOqueue' for CMake module files
[2.179s] Level 1:colcon.colcon_core.environment:checking '/home/unique/ros2_ws/ros_test/install/IOqueue' for CMake config files
[2.180s] Level 1:colcon.colcon_core.shell:create_environment_hook('IOqueue', 'cmake_prefix_path')
[2.180s] INFO:colcon.colcon_core.shell:Creating environment hook '/home/unique/ros2_ws/ros_test/install/IOqueue/share/IOqueue/hook/cmake_prefix_path.ps1'
[2.181s] INFO:colcon.colcon_core.shell:Creating environment descriptor '/home/unique/ros2_ws/ros_test/install/IOqueue/share/IOqueue/hook/cmake_prefix_path.dsv'
[2.182s] INFO:colcon.colcon_core.shell:Creating environment hook '/home/unique/ros2_ws/ros_test/install/IOqueue/share/IOqueue/hook/cmake_prefix_path.sh'
[2.183s] Level 1:colcon.colcon_core.environment:checking '/home/unique/ros2_ws/ros_test/install/IOqueue/lib'
[2.183s] Level 1:colcon.colcon_core.shell:create_environment_hook('IOqueue', 'ld_library_path_lib')
[2.183s] INFO:colcon.colcon_core.shell:Creating environment hook '/home/unique/ros2_ws/ros_test/install/IOqueue/share/IOqueue/hook/ld_library_path_lib.ps1'
[2.184s] INFO:colcon.colcon_core.shell:Creating environment descriptor '/home/unique/ros2_ws/ros_test/install/IOqueue/share/IOqueue/hook/ld_library_path_lib.dsv'
[2.184s] INFO:colcon.colcon_core.shell:Creating environment hook '/home/unique/ros2_ws/ros_test/install/IOqueue/share/IOqueue/hook/ld_library_path_lib.sh'
[2.185s] Level 1:colcon.colcon_core.environment:checking '/home/unique/ros2_ws/ros_test/install/IOqueue/bin'
[2.185s] Level 1:colcon.colcon_core.environment:checking '/home/unique/ros2_ws/ros_test/install/IOqueue/lib/pkgconfig/IOqueue.pc'
[2.185s] Level 1:colcon.colcon_core.environment:checking '/home/unique/ros2_ws/ros_test/install/IOqueue/lib/python3.10/site-packages'
[2.185s] Level 1:colcon.colcon_core.environment:checking '/home/unique/ros2_ws/ros_test/install/IOqueue/bin'
[2.186s] INFO:colcon.colcon_core.shell:Creating package script '/home/unique/ros2_ws/ros_test/install/IOqueue/share/IOqueue/package.ps1'
[2.187s] INFO:colcon.colcon_core.shell:Creating package descriptor '/home/unique/ros2_ws/ros_test/install/IOqueue/share/IOqueue/package.dsv'
[2.187s] INFO:colcon.colcon_core.shell:Creating package script '/home/unique/ros2_ws/ros_test/install/IOqueue/share/IOqueue/package.sh'
[2.188s] INFO:colcon.colcon_core.shell:Creating package script '/home/unique/ros2_ws/ros_test/install/IOqueue/share/IOqueue/package.bash'
[2.188s] INFO:colcon.colcon_core.shell:Creating package script '/home/unique/ros2_ws/ros_test/install/IOqueue/share/IOqueue/package.zsh'
[2.189s] Level 1:colcon.colcon_core.environment:create_file_with_runtime_dependencies(/home/unique/ros2_ws/ros_test/install/IOqueue/share/colcon-core/packages/IOqueue)
[14.397s] DEBUG:colcon.colcon_core.event_handler.log_command:Invoked command in '/home/unique/ros2_ws/ros_test/build/IOringbuffer' returned '0': CMAKE_PREFIX_PATH=/home/unique/ros2_ws/ros_test/install/realtime_common:/home/unique/ros2_ws/ros_test/install/main_interface:/home/unique/ros2_ws/ros_test/install/test_ringbuffer_loopback:/home/unique/ros2_ws/ros_test/install/test_loopback:/home/unique/ros2_ws/ros_test/install/realtime_launch:/home/unique/ros2_ws/ros_test/install/IOringbuffer:/home/unique/ros2_ws/ros_test/install/IOqueue:/home/unique/ros2_ws/install/village_wang:/home/unique/ros2_ws/install/village_interface:/home/unique/ros2_ws/install/my_cpp_pkg:/home/unique/ros2_ws/ros2_21_tutorials/install/learning_topic_cpp:/home/unique/ros2_ws/ros2_21_tutorials/install/learning_tf_cpp:/home/unique/ros2_ws/ros2_21_tutorials/install/learning_service_cpp:/home/unique/ros2_ws/ros2_21_tutorials/install/learning_pkg_c:/home/unique/ros2_ws/ros2_21_tutorials/install/learning_parameter_cpp:/home/unique/ros2_ws/ros2_21_tutorials/install/learning_node_cpp:/home/unique/ros2_ws/ros2_21_tutorials/install/learning_action_cpp:/home/unique/ros2_ws/ros2_21_tutorials/install/learning_interface:/home/unique/ros2_ws/ros2_21_tutorials/install/learning_urdf:/home/unique/ros2_ws/ros2_21_tutorials/install/learning_topic:/home/unique/ros2_ws/ros2_21_tutorials/install/learning_tf:/home/unique/ros2_ws/ros2_21_tutorials/install/learning_service:/home/unique/ros2_ws/ros2_21_tutorials/install/learning_qos:/home/unique/ros2_ws/ros2_21_tutorials/install/learning_pkg_python:/home/unique/ros2_ws/ros2_21_tutorials/install/learning_parameter:/home/unique/ros2_ws/ros2_21_tutorials/install/learning_node:/home/unique/ros2_ws/ros2_21_tutorials/install/learning_launch:/home/unique/ros2_ws/ros2_21_tutorials/install/learning_action:/home/unique/ros2_ws/ros2_21_tutorials/install/learning_gazebo_harmonic:/home/unique/ros2_ws/ros2_21_tutorials/install/learning_gazebo:/home/unique/ros2_ws/ros2_21_tutorials/install/learning_cv:/opt/ros/humble LD_LIBRARY_PATH=/home/unique/ros2_ws/ros_test/install/main_interface/lib:/home/unique/ros2_ws/ros_test/install/test_ringbuffer_loopback/lib:/home/unique/ros2_ws/ros_test/install/test_loopback/lib:/home/unique/ros2_ws/ros_test/install/IOringbuffer/lib:/home/unique/ros2_ws/ros_test/install/IOqueue/lib:/home/unique/ros2_ws/install/village_interface/lib:/home/unique/ros2_ws/ros2_21_tutorials/install/learning_interface/lib:/opt/ros/humble/opt/rviz_ogre_vendor/lib:/opt/ros/humble/lib/x86_64-linux-gnu:/opt/ros/humble/lib /usr/bin/cmake --build /home/unique/ros2_ws/ros_test/build/IOringbuffer -- -j8 -l8
[14.399s] DEBUG:colcon.colcon_core.event_handler.log_command:Invoking command in '/home/unique/ros2_ws/ros_test/build/IOringbuffer': CMAKE_PREFIX_PATH=/home/unique/ros2_ws/ros_test/install/realtime_common:/home/unique/ros2_ws/ros_test/install/main_interface:/home/unique/ros2_ws/ros_test/install/test_ringbuffer_loopback:/home/unique/ros2_ws/ros_test/install/test_loopback:/home/unique/ros2_ws/ros_test/install/realtime_launch:/home/unique/ros2_ws/ros_test/install/IOringbuffer:/home/unique/ros2_ws/ros_test/install/IOqueue:/home/unique/ros2_ws/install/village_wang:/home/unique/ros2_ws/install/village_interface:/home/unique/ros2_ws/install/my_cpp_pkg:/home/unique/ros2_ws/ros2_21_tutorials/install/learning_topic_cpp:/home/unique/ros2_ws/ros2_21_tutorials/install/learning_tf_cpp:/home/unique/ros2_ws/ros2_21_tutorials/install/learning_service_cpp:/home/unique/ros2_ws/ros2_21_tutorials/install/learning_pkg_c:/home/unique/ros2_ws/ros2_21_tutorials/install/learning_parameter_cpp:/home/unique/ros2_ws/ros2_21_tutorials/install/learning_node_cpp:/home/unique/ros2_ws/ros2_21_tutorials/install/learning_action_cpp:/home/unique/ros2_ws/ros2_21_tutorials/install/learning_interface:/home/unique/ros2_ws/ros2_21_tutorials/install/learning_urdf:/home/unique/ros2_ws/ros2_21_tutorials/install/learning_topic:/home/unique/ros2_ws/ros2_21_tutorials/install/learning_tf:/home/unique/ros2_ws/ros2_21_tutorials/install/learning_service:/home/unique/ros2_ws/ros2_21_tutorials/install/learning_qos:/home/unique/ros2_ws/ros2_21_tutorials/install/learning_pkg_python:/home/unique/ros2_ws/ros2_21_tutorials/install/learning_parameter:/home/unique/ros2_ws/ros2_21_tutorials/install/learning_node:/home/unique/ros2_ws/ros2_21_tutorials/install/learning_launch:/home/unique/ros2_ws/ros2_21_tutorials/install/learning_action:/home/unique/ros2_ws/ros2_21_tutorials/install/learning_gazebo_harmonic:/home/unique/ros2_ws/ros2_21_tutorials/install/learning_gazebo:/home/unique/ros2_ws/ros2_21_tutorials/install/learning_cv:/opt/ros/humble LD_LIBRARY_PATH=/home/unique/ros2_ws/ros_test/install/main_interface/lib:/home/unique/ros2_ws/ros_test/install/test_ringbuffer_loopback/lib:/home/unique/ros2_ws/ros_test/install/test_loopback/lib:/home/unique/ros2_ws/ros_test/install/IOringbuffer/lib:/home/unique/ros2_ws/ros_test/install/IOqueue/lib:/home/unique/ros2_ws/install/village_interface/lib:/home/unique/ros2_ws/ros2_21_tutorials/install/learning_interface/lib:/opt/ros/humble/opt/rviz_ogre_vendor/lib:/opt/ros/humble/lib/x86_64-linux-gnu:/opt/ros/humble/lib /usr/bin/cmake --install /home/unique/ros2_ws/ros_test/build/IOringbuffer
[14.434s] Level 1:colcon.colcon_core.environment:create_environment_scripts_only(IOringbuffer)
[14.434s] Level 1:colcon.colcon_core.environment:checking '/home/unique/ros2_ws/ros_test/install/IOringbuffer' for CMake module files
[14.435s] DEBUG:colcon.colcon_core.event_handler.log_command:Invoked command in '/home/unique/ros2_ws/ros_test/build/IOringbuffer' returned '0': CMAKE_PREFIX_PATH=/home/unique/ros2_ws/ros_test/install/realtime_common:/home/unique/ros2_ws/ros_test/install/main_interface:/home/unique/ros2_ws/ros_test/install/test_ringbuffer_loopback:/home/unique/ros2_ws/ros_test/install/test_loopback:/home/unique/ros2_ws/ros_test/install/realtime_launch:/home/unique/ros2_ws/ros_test/install/IOringbuffer:/home/unique/ros2_ws/ros_test/install/IOqueue:/home/unique/ros2_ws/install/village_wang:/home/unique/ros2_ws/install/village_interface:/home/unique/ros2_ws/install/my_cpp_pkg:/home/unique/ros2_ws/ros2_21_tutorials/install/learning_topic_cpp:/home/unique/ros2_ws/ros2_21_tutorials/install/learning_tf_cpp:/home/unique/ros2_ws/ros2_21_tutorials/install/learning_service_cpp:/home/unique/ros2_ws/ros2_21_tutorials/install/learning_pkg_c:/home/unique/ros2_ws/ros2_21_tutorials/install/learning_parameter_cpp:/home/unique/ros2_ws/ros2_21_tutorials/install/learning_node_cpp:/home/unique/ros2_ws/ros2_21_tutorials/install/learning_action_cpp:/home/unique/ros2_ws/ros2_21_tutorials/install/learning_interface:/home/unique/ros2_ws/ros2_21_tutorials/install/learning_urdf:/home/unique/ros2_ws/ros2_21_tutorials/install/learning_topic:/home/unique/ros2_ws/ros2_21_tutorials/install/learning_tf:/home/unique/ros2_ws/ros2_21_tutorials/install/learning_service:/home/unique/ros2_ws/ros2_21_tutorials/install/learning_qos:/home/unique/ros2_ws/ros2_21_tutorials/install/learning_pkg_python:/home/unique/ros2_ws/ros2_21_tutorials/install/learning_parameter:/home/unique/ros2_ws/ros2_21_tutorials/install/learning_node:/home/unique/ros2_ws/ros2_21_tutorials/install/learning_launch:/home/unique/ros2_ws/ros2_21_tutorials/install/learning_action:/home/unique/ros2_ws/ros2_21_tutorials/install/learning_gazebo_harmonic:/home/unique/ros2_ws/ros2_21_tutorials/install/learning_gazebo:/home/unique/ros2_ws/ros2_21_tutorials/install/learning_cv:/opt/ros/humble LD_LIBRARY_PATH=/home/unique/ros2_ws/ros_test/install/main_interface/lib:/home/unique/ros2_ws/ros_test/install/test_ringbuffer_loopback/lib:/home/unique/ros2_ws/ros_test/install/test_loopback/lib:/home/unique/ros2_ws/ros_test/install/IOringbuffer/lib:/home/unique/ros2_ws/ros_test/install/IOqueue/lib:/home/unique/ros2_ws/install/village_interface/lib:/home/unique/ros2_ws/ros2_21_tutorials/install/learning_interface/lib:/opt/ros/humble/opt/rviz_ogre_vendor/lib:/opt/ros/humble/lib/x86_64-linux-gnu:/opt/ros/humble/lib /usr/bin/cmake --install /home/unique/ros2_ws/ros_test/build/IOringbuffer
[14.436s] Level 1:colcon.colcon_core.environment:checking '/home/unique/ros2_ws/ros_test/install/IOringbuffer' for CMake config files
[14.436s] Level 1:colcon.colcon_core.shell:create_environment_hook('IOringbuffer', 'cmake_prefix_path')
[14.436s] INFO:colcon.colcon_core.shell:Creating environment hook '/home/unique/ros2_ws/ros_test/install/IOringbuffer/share/IOringbuffer/hook/cmake_prefix_path.ps1'
[14.437s] INFO:colcon.colcon_core.shell:Creating environment descriptor '/home/unique/ros2_ws/ros_test/install/IOringbuffer/share/IOringbuffer/hook/cmake_prefix_path.dsv'
[14.437s] INFO:colcon.colcon_core.shell:Creating environment hook '/home/unique/ros2_ws/ros_test/install/IOringbuffer/share/IOringbuffer/hook/cmake_prefix_path.sh'
[14.438s] Level 1:colcon.colcon_core.environment:checking '/home/unique/ros2_ws/ros_test/install/IOringbuffer/lib'
[14.438s] Level 1:colcon.colcon_core.shell:create_environment_hook('IOringbuffer', 'ld_library_path_lib')
[14.438s] INFO:colcon.colcon_core.shell:Creating environment hook '/home/unique/ros2_ws/ros_test/install/IOringbuffer/share/IOringbuffer/hook/ld_library_path_lib.ps1'
[14.439s] INFO:colcon.colcon_core.shell:Creating environment descriptor '/home/unique/ros2_ws/ros_test/install/IOringbuffer/share/IOringbuffer/hook/ld_library_path_lib.dsv'
[14.439s] INFO:colcon.colcon_core.shell:Creating environment hook '/home/unique/ros2_ws/ros_test/install/IOringbuffer/share/IOringbuffer/hook/ld_library_path_lib.sh'
[14.440s] Level 1:colcon.colcon_core.environment:checking '/home/unique/ros2_ws/ros_test/install/IOringbuffer/bin'
[14.440s] Level 1:colcon.colcon_core.environment:checking '/home/unique/ros2_ws/ros_test/install/IOringbuffer/lib/pkgconfig/IOringbuffer.pc'
[14.440s] Level 1:colcon.colcon_core.environment:checking '/home/unique/ros2_ws/ros_test/install/IOringbuffer/lib/python3.10/site-packages'
[14.440s] Level 1:colcon.colcon_core.environment:checking '/home/unique/ros2_ws/ros_test/install/IOringbuffer/bin'
[14.441s] INFO:colcon.colcon_core.shell:Creating package script '/home/unique/ros2_ws/ros_test/install/IOringbuffer/share/IOringbuffer/package.ps1'
[14.442s] INFO:colcon.colcon_core.shell:Creating package descriptor '/home/unique/ros2_ws/ros_test/install/IOringbuffer/share/IOringbuffer/package.dsv'
[14.442s] INFO:colcon.colcon_core.shell:Creating package script '/home/unique/ros2_ws/ros_test/install/IOringbuffer/share/IOringbuffer/package.sh'
[14.443s] INFO:colcon.colcon_core.shell:Creating package script '/home/unique/ros2_ws/ros_test/install/IOringbuffer/share/IOringbuffer/package.bash'
[14.443s] INFO:colcon.colcon_core.shell:Creating package script '/home/unique/ros2_ws/ros_test/install/IOringbuffer/share/IOringbuffer/package.zsh'
[14.444s] Level 1:colcon.colcon_core.environment:create_file_with_runtime_dependencies(/home/unique/ros2_ws/ros_test/install/IOringbuffer/share/colcon-core/packages/IOringbuffer)
[14.444s] Level 1:colcon.colcon_core.environment:create_environment_scripts_only(IOringbuffer)
[14.444s] Level 1:colcon.colcon_core.environment:checking '/home/unique/ros2_ws/ros_test/install/IOringbuffer' for CMake module files
[14.445s] Level 1:colcon.colcon_core.environment:checking '/home/unique/ros2_ws/ros_test/install/IOringbuffer' for CMake config files
[14.445s] Level 1:colcon.colcon_core.shell:create_environment_hook('IOringbuffer', 'cmake_prefix_path')
[14.446s] INFO:colcon.colcon_core.shell:Creating environment hook '/home/unique/ros2_ws/ros_test/install/IOringbuffer/share/IOringbuffer/hook/cmake_prefix_path.ps1'
[14.446s] INFO:colcon.colcon_core.shell:Creating environment descriptor '/home/unique/ros2_ws/ros_test/install/IOringbuffer/share/IOringbuffer/hook/cmake_prefix_path.dsv'
[14.447s] INFO:colcon.colcon_core.shell:Creating environment hook '/home/unique/ros2_ws/ros_test/install/IOringbuffer/share/IOringbuffer/hook/cmake_prefix_path.sh'
[14.447s] Level 1:colcon.colcon_core.environment:checking '/home/unique/ros2_ws/ros_test/install/IOringbuffer/lib'
[14.447s] Level 1:colcon.colcon_core.shell:create_environment_hook('IOringbuffer', 'ld_library_path_lib')
[14.448s] INFO:colcon.colcon_core.shell:Creating environment hook '/home/unique/ros2_ws/ros_test/install/IOringbuffer/share/IOringbuffer/hook/ld_library_path_lib.ps1'
[14.448s] INFO:colcon.colcon_core.shell:Creating environment descriptor '/home/unique/ros2_ws/ros_test/install/IOringbuffer/share/IOringbuffer/hook/ld_library_path_lib.dsv'
[14.448s] INFO:colcon.colcon_core.shell:Creating environment hook '/home/unique/ros2_ws/ros_test/install/IOringbuffer/share/IOringbuffer/hook/ld_library_path_lib.sh'
[14.449s] Level 1:colcon.colcon_core.environment:checking '/home/unique/ros2_ws/ros_test/install/IOringbuffer/bin'
[14.449s] Level 1:colcon.colcon_core.environment:checking '/home/unique/ros2_ws/ros_test/install/IOringbuffer/lib/pkgconfig/IOringbuffer.pc'
[14.449s] Level 1:colcon.colcon_core.environment:checking '/home/unique/ros2_ws/ros_test/install/IOringbuffer/lib/python3.10/site-packages'
[14.449s] Level 1:colcon.colcon_core.environment:checking '/home/unique/ros2_ws/ros_test/install/IOringbuffer/bin'
[14.450s] INFO:colcon.colcon_core.shell:Creating package script '/home/unique/ros2_ws/ros_test/install/IOringbuffer/share/IOringbuffer/package.ps1'
[14.450s] INFO:colcon.colcon_core.shell:Creating package descriptor '/home/unique/ros2_ws/ros_test/install/IOringbuffer/share/IOringbuffer/package.dsv'
[14.451s] INFO:colcon.colcon_core.shell:Creating package script '/home/unique/ros2_ws/ros_test/install/IOringbuffer/share/IOringbuffer/package.sh'
[14.451s] INFO:colcon.colcon_core.shell:Creating package script '/home/unique/ros2_ws/ros_test/install/IOringbuffer/share/IOringbuffer/package.bash'
[14.452s] INFO:colcon.colcon_core.shell:Creating package script '/home/unique/ros2_ws/ros_test/install/IOringbuffer/share/IOringbuffer/package.zsh'
[14.452s] Level 1:colcon.colcon_core.environment:create_file_with_runtime_dependencies(/home/unique/ros2_ws/ros_test/install/IOringbuffer/share/colcon-core/packages/IOringbuffer)
[14.453s] DEBUG:colcon.colcon_parallel_executor.executor.parallel:closing loop
[14.454s] DEBUG:colcon.colcon_parallel_executor.executor.parallel:loop closed
[14.454s] DEBUG:colcon.colcon_parallel_executor.executor.parallel:run_until_complete finished with '0'
[14.454s] DEBUG:colcon.colcon_core.event_reactor:joining thread
[14.587s] INFO:colcon.colcon_core.plugin_system:Skipping extension 'colcon_notification.desktop_notification.notify_send': Could not find 'notify-send'
[14.587s] INFO:colcon.colcon_core.plugin_system:Skipping extension 'colcon_notification.desktop_notification.terminal_notifier': Not used on non-Darwin systems
[14.587s] INFO:colcon.colcon_core.plugin_system:Skipping extension 'colcon_notification.desktop_notification.win32': Not used on non-Windows systems
[14.588s] INFO:colcon.colcon_notification.desktop_notification:Sending desktop notification using 'notify2'
[14.588s] DEBUG:colcon.colcon_notification.desktop_notification.notify2:Failed to initialize notify2: org.freedesktop.DBus.Error.FileNotFound: Failed to connect to socket /run/user/1000/bus: No such file or directory
[14.588s] DEBUG:colcon.colcon_core.event_reactor:joined thread
[14.588s] INFO:colcon.colcon_core.shell:Creating prefix script '/home/unique/ros2_ws/ros_test/install/local_setup.ps1'
[14.590s] INFO:colcon.colcon_core.shell:Creating prefix util module '/home/unique/ros2_ws/ros_test/install/_local_setup_util_ps1.py'
[14.592s] INFO:colcon.colcon_core.shell:Creating prefix chain script '/home/unique/ros2_ws/ros_test/install/setup.ps1'
[14.595s] INFO:colcon.colcon_core.shell:Creating prefix script '/home/unique/ros2_ws/ros_test/install/local_setup.sh'
[14.595s] INFO:colcon.colcon_core.shell:Creating prefix util module '/home/unique/ros2_ws/ros_test/install/_local_setup_util_sh.py'
[14.596s] INFO:colcon.colcon_core.shell:Creating prefix chain script '/home/unique/ros2_ws/ros_test/install/setup.sh'
[14.599s] INFO:colcon.colcon_core.shell:Creating prefix script '/home/unique/ros2_ws/ros_test/install/local_setup.bash'
[14.600s] INFO:colcon.colcon_core.shell:Creating prefix chain script '/home/unique/ros2_ws/ros_test/install/setup.bash'
[14.602s] INFO:colcon.colcon_core.shell:Creating prefix script '/home/unique/ros2_ws/ros_test/install/local_setup.zsh'
[14.603s] INFO:colcon.colcon_core.shell:Creating prefix chain script '/home/unique/ros2_ws/ros_test/install/setup.zsh'
