[0.624s] DEBUG:colcon:Command line arguments: ['/usr/bin/colcon', 'build']
[0.625s] DEBUG:colcon:Parsed command line arguments: Namespace(log_base=None, log_level=None, verb_name='build', build_base='build', install_base='install', merge_install=False, symlink_install=False, test_result_base=None, continue_on_error=False, executor='parallel', parallel_workers=8, event_handlers=None, ignore_user_meta=False, metas=['./colcon.meta'], base_paths=['.'], packages_ignore=None, packages_ignore_regex=None, paths=None, packages_up_to=None, packages_up_to_regex=None, packages_above=None, packages_above_and_dependencies=None, packages_above_depth=None, packages_select_by_dep=None, packages_skip_by_dep=None, packages_skip_up_to=None, packages_select_build_failed=False, packages_skip_build_finished=False, packages_select_test_failures=False, packages_skip_test_passed=False, packages_select=None, packages_skip=None, packages_select_regex=None, packages_skip_regex=None, packages_start=None, packages_end=None, allow_overriding=[], cmake_args=None, cmake_target=None, cmake_target_skip_unavailable=False, cmake_clean_cache=False, cmake_clean_first=False, cmake_force_configure=False, ament_cmake_args=None, catkin_cmake_args=None, catkin_skip_building_tests=False, verb_parser=<colcon_defaults.argument_parser.defaults.DefaultArgumentsDecorator object at 0x7cef6181f430>, verb_extension=<colcon_core.verb.build.BuildVerb object at 0x7cef61964490>, main=<bound method BuildVerb.main of <colcon_core.verb.build.BuildVerb object at 0x7cef61964490>>)
[1.023s] Level 1:colcon.colcon_core.package_discovery:discover_packages(colcon_meta) check parameters
[1.024s] Level 1:colcon.colcon_core.package_discovery:discover_packages(recursive) check parameters
[1.024s] Level 1:colcon.colcon_core.package_discovery:discover_packages(ignore) check parameters
[1.024s] Level 1:colcon.colcon_core.package_discovery:discover_packages(path) check parameters
[1.024s] Level 1:colcon.colcon_core.package_discovery:discover_packages(colcon_meta) discover
[1.024s] Level 1:colcon.colcon_core.package_discovery:discover_packages(recursive) discover
[1.024s] INFO:colcon.colcon_core.package_discovery:Crawling recursively for packages in '/home/unique/ros2_ws/ros_test'
[1.025s] Level 1:colcon.colcon_core.package_identification:_identify(.) by extensions ['ignore', 'ignore_ament_install']
[1.025s] Level 1:colcon.colcon_core.package_identification:_identify(.) by extension 'ignore'
[1.025s] Level 1:colcon.colcon_core.package_identification:_identify(.) by extension 'ignore_ament_install'
[1.025s] Level 1:colcon.colcon_core.package_identification:_identify(.) by extensions ['colcon_pkg']
[1.025s] Level 1:colcon.colcon_core.package_identification:_identify(.) by extension 'colcon_pkg'
[1.025s] Level 1:colcon.colcon_core.package_identification:_identify(.) by extensions ['colcon_meta']
[1.025s] Level 1:colcon.colcon_core.package_identification:_identify(.) by extension 'colcon_meta'
[1.026s] Level 1:colcon.colcon_core.package_identification:_identify(.) by extensions ['ros']
[1.026s] Level 1:colcon.colcon_core.package_identification:_identify(.) by extension 'ros'
[1.055s] Level 1:colcon.colcon_core.package_identification:_identify(.) by extensions ['cmake', 'python']
[1.055s] Level 1:colcon.colcon_core.package_identification:_identify(.) by extension 'cmake'
[1.055s] Level 1:colcon.colcon_core.package_identification:_identify(.) by extension 'python'
[1.055s] Level 1:colcon.colcon_core.package_identification:_identify(.) by extensions ['python_setup_py']
[1.055s] Level 1:colcon.colcon_core.package_identification:_identify(.) by extension 'python_setup_py'
[1.056s] Level 1:colcon.colcon_core.package_identification:_identify(build) by extensions ['ignore', 'ignore_ament_install']
[1.056s] Level 1:colcon.colcon_core.package_identification:_identify(build) by extension 'ignore'
[1.056s] Level 1:colcon.colcon_core.package_identification:_identify(build) ignored
[1.056s] Level 1:colcon.colcon_core.package_identification:_identify(install) by extensions ['ignore', 'ignore_ament_install']
[1.057s] Level 1:colcon.colcon_core.package_identification:_identify(install) by extension 'ignore'
[1.057s] Level 1:colcon.colcon_core.package_identification:_identify(install) ignored
[1.057s] Level 1:colcon.colcon_core.package_identification:_identify(log) by extensions ['ignore', 'ignore_ament_install']
[1.057s] Level 1:colcon.colcon_core.package_identification:_identify(log) by extension 'ignore'
[1.057s] Level 1:colcon.colcon_core.package_identification:_identify(log) ignored
[1.057s] Level 1:colcon.colcon_core.package_identification:_identify(src) by extensions ['ignore', 'ignore_ament_install']
[1.058s] Level 1:colcon.colcon_core.package_identification:_identify(src) by extension 'ignore'
[1.058s] Level 1:colcon.colcon_core.package_identification:_identify(src) by extension 'ignore_ament_install'
[1.058s] Level 1:colcon.colcon_core.package_identification:_identify(src) by extensions ['colcon_pkg']
[1.058s] Level 1:colcon.colcon_core.package_identification:_identify(src) by extension 'colcon_pkg'
[1.058s] Level 1:colcon.colcon_core.package_identification:_identify(src) by extensions ['colcon_meta']
[1.058s] Level 1:colcon.colcon_core.package_identification:_identify(src) by extension 'colcon_meta'
[1.058s] Level 1:colcon.colcon_core.package_identification:_identify(src) by extensions ['ros']
[1.058s] Level 1:colcon.colcon_core.package_identification:_identify(src) by extension 'ros'
[1.058s] Level 1:colcon.colcon_core.package_identification:_identify(src) by extensions ['cmake', 'python']
[1.059s] Level 1:colcon.colcon_core.package_identification:_identify(src) by extension 'cmake'
[1.059s] Level 1:colcon.colcon_core.package_identification:_identify(src) by extension 'python'
[1.059s] Level 1:colcon.colcon_core.package_identification:_identify(src) by extensions ['python_setup_py']
[1.059s] Level 1:colcon.colcon_core.package_identification:_identify(src) by extension 'python_setup_py'
[1.060s] Level 1:colcon.colcon_core.package_identification:_identify(src/IOqueue) by extensions ['ignore', 'ignore_ament_install']
[1.060s] Level 1:colcon.colcon_core.package_identification:_identify(src/IOqueue) by extension 'ignore'
[1.060s] Level 1:colcon.colcon_core.package_identification:_identify(src/IOqueue) by extension 'ignore_ament_install'
[1.060s] Level 1:colcon.colcon_core.package_identification:_identify(src/IOqueue) by extensions ['colcon_pkg']
[1.060s] Level 1:colcon.colcon_core.package_identification:_identify(src/IOqueue) by extension 'colcon_pkg'
[1.060s] Level 1:colcon.colcon_core.package_identification:_identify(src/IOqueue) by extensions ['colcon_meta']
[1.060s] Level 1:colcon.colcon_core.package_identification:_identify(src/IOqueue) by extension 'colcon_meta'
[1.061s] Level 1:colcon.colcon_core.package_identification:_identify(src/IOqueue) by extensions ['ros']
[1.061s] Level 1:colcon.colcon_core.package_identification:_identify(src/IOqueue) by extension 'ros'
[1.087s] DEBUG:colcon.colcon_core.package_identification:Package 'src/IOqueue' with type 'ros.ament_cmake' and name 'IOqueue'
[1.087s] Level 1:colcon.colcon_core.package_identification:_identify(src/IOringbuffer) by extensions ['ignore', 'ignore_ament_install']
[1.088s] Level 1:colcon.colcon_core.package_identification:_identify(src/IOringbuffer) by extension 'ignore'
[1.088s] Level 1:colcon.colcon_core.package_identification:_identify(src/IOringbuffer) by extension 'ignore_ament_install'
[1.089s] Level 1:colcon.colcon_core.package_identification:_identify(src/IOringbuffer) by extensions ['colcon_pkg']
[1.089s] Level 1:colcon.colcon_core.package_identification:_identify(src/IOringbuffer) by extension 'colcon_pkg'
[1.089s] Level 1:colcon.colcon_core.package_identification:_identify(src/IOringbuffer) by extensions ['colcon_meta']
[1.089s] Level 1:colcon.colcon_core.package_identification:_identify(src/IOringbuffer) by extension 'colcon_meta'
[1.089s] Level 1:colcon.colcon_core.package_identification:_identify(src/IOringbuffer) by extensions ['ros']
[1.089s] Level 1:colcon.colcon_core.package_identification:_identify(src/IOringbuffer) by extension 'ros'
[1.091s] DEBUG:colcon.colcon_core.package_identification:Package 'src/IOringbuffer' with type 'ros.ament_cmake' and name 'IOringbuffer'
[1.091s] Level 1:colcon.colcon_core.package_identification:_identify(src/main_interface) by extensions ['ignore', 'ignore_ament_install']
[1.091s] Level 1:colcon.colcon_core.package_identification:_identify(src/main_interface) by extension 'ignore'
[1.091s] Level 1:colcon.colcon_core.package_identification:_identify(src/main_interface) by extension 'ignore_ament_install'
[1.091s] Level 1:colcon.colcon_core.package_identification:_identify(src/main_interface) by extensions ['colcon_pkg']
[1.091s] Level 1:colcon.colcon_core.package_identification:_identify(src/main_interface) by extension 'colcon_pkg'
[1.092s] Level 1:colcon.colcon_core.package_identification:_identify(src/main_interface) by extensions ['colcon_meta']
[1.092s] Level 1:colcon.colcon_core.package_identification:_identify(src/main_interface) by extension 'colcon_meta'
[1.092s] Level 1:colcon.colcon_core.package_identification:_identify(src/main_interface) by extensions ['ros']
[1.092s] Level 1:colcon.colcon_core.package_identification:_identify(src/main_interface) by extension 'ros'
[1.093s] DEBUG:colcon.colcon_core.package_identification:Package 'src/main_interface' with type 'ros.ament_cmake' and name 'main_interface'
[1.094s] Level 1:colcon.colcon_core.package_identification:_identify(src/realtime_common) by extensions ['ignore', 'ignore_ament_install']
[1.094s] Level 1:colcon.colcon_core.package_identification:_identify(src/realtime_common) by extension 'ignore'
[1.094s] Level 1:colcon.colcon_core.package_identification:_identify(src/realtime_common) by extension 'ignore_ament_install'
[1.094s] Level 1:colcon.colcon_core.package_identification:_identify(src/realtime_common) by extensions ['colcon_pkg']
[1.094s] Level 1:colcon.colcon_core.package_identification:_identify(src/realtime_common) by extension 'colcon_pkg'
[1.094s] Level 1:colcon.colcon_core.package_identification:_identify(src/realtime_common) by extensions ['colcon_meta']
[1.098s] Level 1:colcon.colcon_core.package_identification:_identify(src/realtime_common) by extension 'colcon_meta'
[1.099s] Level 1:colcon.colcon_core.package_identification:_identify(src/realtime_common) by extensions ['ros']
[1.099s] Level 1:colcon.colcon_core.package_identification:_identify(src/realtime_common) by extension 'ros'
[1.100s] DEBUG:colcon.colcon_core.package_identification:Package 'src/realtime_common' with type 'ros.ament_cmake' and name 'realtime_common'
[1.100s] Level 1:colcon.colcon_core.package_identification:_identify(src/realtime_launch) by extensions ['ignore', 'ignore_ament_install']
[1.100s] Level 1:colcon.colcon_core.package_identification:_identify(src/realtime_launch) by extension 'ignore'
[1.101s] Level 1:colcon.colcon_core.package_identification:_identify(src/realtime_launch) by extension 'ignore_ament_install'
[1.101s] Level 1:colcon.colcon_core.package_identification:_identify(src/realtime_launch) by extensions ['colcon_pkg']
[1.101s] Level 1:colcon.colcon_core.package_identification:_identify(src/realtime_launch) by extension 'colcon_pkg'
[1.101s] Level 1:colcon.colcon_core.package_identification:_identify(src/realtime_launch) by extensions ['colcon_meta']
[1.101s] Level 1:colcon.colcon_core.package_identification:_identify(src/realtime_launch) by extension 'colcon_meta'
[1.101s] Level 1:colcon.colcon_core.package_identification:_identify(src/realtime_launch) by extensions ['ros']
[1.101s] Level 1:colcon.colcon_core.package_identification:_identify(src/realtime_launch) by extension 'ros'
[1.102s] DEBUG:colcon.colcon_core.package_identification:Package 'src/realtime_launch' with type 'ros.ament_cmake' and name 'realtime_launch'
[1.102s] Level 1:colcon.colcon_core.package_identification:_identify(src/test_loopback) by extensions ['ignore', 'ignore_ament_install']
[1.103s] Level 1:colcon.colcon_core.package_identification:_identify(src/test_loopback) by extension 'ignore'
[1.103s] Level 1:colcon.colcon_core.package_identification:_identify(src/test_loopback) by extension 'ignore_ament_install'
[1.103s] Level 1:colcon.colcon_core.package_identification:_identify(src/test_loopback) by extensions ['colcon_pkg']
[1.103s] Level 1:colcon.colcon_core.package_identification:_identify(src/test_loopback) by extension 'colcon_pkg'
[1.103s] Level 1:colcon.colcon_core.package_identification:_identify(src/test_loopback) by extensions ['colcon_meta']
[1.103s] Level 1:colcon.colcon_core.package_identification:_identify(src/test_loopback) by extension 'colcon_meta'
[1.103s] Level 1:colcon.colcon_core.package_identification:_identify(src/test_loopback) by extensions ['ros']
[1.103s] Level 1:colcon.colcon_core.package_identification:_identify(src/test_loopback) by extension 'ros'
[1.105s] DEBUG:colcon.colcon_core.package_identification:Package 'src/test_loopback' with type 'ros.ament_cmake' and name 'test_loopback'
[1.105s] Level 1:colcon.colcon_core.package_discovery:discover_packages(recursive) using defaults
[1.105s] Level 1:colcon.colcon_core.package_discovery:discover_packages(ignore) discover
[1.105s] Level 1:colcon.colcon_core.package_discovery:discover_packages(ignore) using defaults
[1.105s] Level 1:colcon.colcon_core.package_discovery:discover_packages(path) discover
[1.105s] Level 1:colcon.colcon_core.package_discovery:discover_packages(path) using defaults
[1.161s] Level 1:colcon.colcon_core.package_discovery:discover_packages(prefix_path) check parameters
[1.162s] Level 1:colcon.colcon_core.package_discovery:discover_packages(prefix_path) discover
[1.164s] WARNING:colcon.colcon_ros.prefix_path.ament:The path '/home/unique/ros2_ws/ros_test/install/low_prior' in the environment variable AMENT_PREFIX_PATH doesn't exist
[1.164s] WARNING:colcon.colcon_ros.prefix_path.ament:The path '/home/unique/ros2_ws/ros_test/install/high_prior' in the environment variable AMENT_PREFIX_PATH doesn't exist
[1.168s] WARNING:colcon.colcon_ros.prefix_path.catkin:The path '/home/unique/ros2_ws/ros_test/install/low_prior' in the environment variable CMAKE_PREFIX_PATH doesn't exist
[1.169s] WARNING:colcon.colcon_ros.prefix_path.catkin:The path '/home/unique/ros2_ws/ros_test/install/high_prior' in the environment variable CMAKE_PREFIX_PATH doesn't exist
[1.173s] DEBUG:colcon.colcon_installed_package_information.package_discovery:Found 6 installed packages in /home/unique/ros2_ws/ros_test/install
[1.174s] DEBUG:colcon.colcon_installed_package_information.package_discovery:Found 3 installed packages in /home/unique/ros2_ws/install
[1.179s] DEBUG:colcon.colcon_installed_package_information.package_discovery:Found 21 installed packages in /home/unique/ros2_ws/ros2_21_tutorials/install
[1.183s] DEBUG:colcon.colcon_installed_package_information.package_discovery:Found 275 installed packages in /opt/ros/humble
[1.185s] Level 1:colcon.colcon_core.package_discovery:discover_packages(prefix_path) using defaults
[1.280s] Level 5:colcon.colcon_core.verb:set package 'main_interface' build argument 'cmake_args' from command line to 'None'
[1.280s] Level 5:colcon.colcon_core.verb:set package 'main_interface' build argument 'cmake_target' from command line to 'None'
[1.280s] Level 5:colcon.colcon_core.verb:set package 'main_interface' build argument 'cmake_target_skip_unavailable' from command line to 'False'
[1.280s] Level 5:colcon.colcon_core.verb:set package 'main_interface' build argument 'cmake_clean_cache' from command line to 'False'
[1.280s] Level 5:colcon.colcon_core.verb:set package 'main_interface' build argument 'cmake_clean_first' from command line to 'False'
[1.280s] Level 5:colcon.colcon_core.verb:set package 'main_interface' build argument 'cmake_force_configure' from command line to 'False'
[1.280s] Level 5:colcon.colcon_core.verb:set package 'main_interface' build argument 'ament_cmake_args' from command line to 'None'
[1.280s] Level 5:colcon.colcon_core.verb:set package 'main_interface' build argument 'catkin_cmake_args' from command line to 'None'
[1.280s] Level 5:colcon.colcon_core.verb:set package 'main_interface' build argument 'catkin_skip_building_tests' from command line to 'False'
[1.280s] DEBUG:colcon.colcon_core.verb:Building package 'main_interface' with the following arguments: {'ament_cmake_args': None, 'build_base': '/home/unique/ros2_ws/ros_test/build/main_interface', 'catkin_cmake_args': None, 'catkin_skip_building_tests': False, 'cmake_args': None, 'cmake_clean_cache': False, 'cmake_clean_first': False, 'cmake_force_configure': False, 'cmake_target': None, 'cmake_target_skip_unavailable': False, 'install_base': '/home/unique/ros2_ws/ros_test/install/main_interface', 'merge_install': False, 'path': '/home/unique/ros2_ws/ros_test/src/main_interface', 'symlink_install': False, 'test_result_base': None}
[1.281s] Level 5:colcon.colcon_core.verb:set package 'realtime_common' build argument 'cmake_args' from command line to 'None'
[1.281s] Level 5:colcon.colcon_core.verb:set package 'realtime_common' build argument 'cmake_target' from command line to 'None'
[1.281s] Level 5:colcon.colcon_core.verb:set package 'realtime_common' build argument 'cmake_target_skip_unavailable' from command line to 'False'
[1.281s] Level 5:colcon.colcon_core.verb:set package 'realtime_common' build argument 'cmake_clean_cache' from command line to 'False'
[1.282s] Level 5:colcon.colcon_core.verb:set package 'realtime_common' build argument 'cmake_clean_first' from command line to 'False'
[1.282s] Level 5:colcon.colcon_core.verb:set package 'realtime_common' build argument 'cmake_force_configure' from command line to 'False'
[1.282s] Level 5:colcon.colcon_core.verb:set package 'realtime_common' build argument 'ament_cmake_args' from command line to 'None'
[1.282s] Level 5:colcon.colcon_core.verb:set package 'realtime_common' build argument 'catkin_cmake_args' from command line to 'None'
[1.282s] Level 5:colcon.colcon_core.verb:set package 'realtime_common' build argument 'catkin_skip_building_tests' from command line to 'False'
[1.282s] DEBUG:colcon.colcon_core.verb:Building package 'realtime_common' with the following arguments: {'ament_cmake_args': None, 'build_base': '/home/unique/ros2_ws/ros_test/build/realtime_common', 'catkin_cmake_args': None, 'catkin_skip_building_tests': False, 'cmake_args': None, 'cmake_clean_cache': False, 'cmake_clean_first': False, 'cmake_force_configure': False, 'cmake_target': None, 'cmake_target_skip_unavailable': False, 'install_base': '/home/unique/ros2_ws/ros_test/install/realtime_common', 'merge_install': False, 'path': '/home/unique/ros2_ws/ros_test/src/realtime_common', 'symlink_install': False, 'test_result_base': None}
[1.282s] Level 5:colcon.colcon_core.verb:set package 'realtime_launch' build argument 'cmake_args' from command line to 'None'
[1.283s] Level 5:colcon.colcon_core.verb:set package 'realtime_launch' build argument 'cmake_target' from command line to 'None'
[1.283s] Level 5:colcon.colcon_core.verb:set package 'realtime_launch' build argument 'cmake_target_skip_unavailable' from command line to 'False'
[1.283s] Level 5:colcon.colcon_core.verb:set package 'realtime_launch' build argument 'cmake_clean_cache' from command line to 'False'
[1.283s] Level 5:colcon.colcon_core.verb:set package 'realtime_launch' build argument 'cmake_clean_first' from command line to 'False'
[1.283s] Level 5:colcon.colcon_core.verb:set package 'realtime_launch' build argument 'cmake_force_configure' from command line to 'False'
[1.283s] Level 5:colcon.colcon_core.verb:set package 'realtime_launch' build argument 'ament_cmake_args' from command line to 'None'
[1.283s] Level 5:colcon.colcon_core.verb:set package 'realtime_launch' build argument 'catkin_cmake_args' from command line to 'None'
[1.283s] Level 5:colcon.colcon_core.verb:set package 'realtime_launch' build argument 'catkin_skip_building_tests' from command line to 'False'
[1.283s] DEBUG:colcon.colcon_core.verb:Building package 'realtime_launch' with the following arguments: {'ament_cmake_args': None, 'build_base': '/home/unique/ros2_ws/ros_test/build/realtime_launch', 'catkin_cmake_args': None, 'catkin_skip_building_tests': False, 'cmake_args': None, 'cmake_clean_cache': False, 'cmake_clean_first': False, 'cmake_force_configure': False, 'cmake_target': None, 'cmake_target_skip_unavailable': False, 'install_base': '/home/unique/ros2_ws/ros_test/install/realtime_launch', 'merge_install': False, 'path': '/home/unique/ros2_ws/ros_test/src/realtime_launch', 'symlink_install': False, 'test_result_base': None}
[1.283s] Level 5:colcon.colcon_core.verb:set package 'IOqueue' build argument 'cmake_args' from command line to 'None'
[1.283s] Level 5:colcon.colcon_core.verb:set package 'IOqueue' build argument 'cmake_target' from command line to 'None'
[1.283s] Level 5:colcon.colcon_core.verb:set package 'IOqueue' build argument 'cmake_target_skip_unavailable' from command line to 'False'
[1.283s] Level 5:colcon.colcon_core.verb:set package 'IOqueue' build argument 'cmake_clean_cache' from command line to 'False'
[1.283s] Level 5:colcon.colcon_core.verb:set package 'IOqueue' build argument 'cmake_clean_first' from command line to 'False'
[1.283s] Level 5:colcon.colcon_core.verb:set package 'IOqueue' build argument 'cmake_force_configure' from command line to 'False'
[1.283s] Level 5:colcon.colcon_core.verb:set package 'IOqueue' build argument 'ament_cmake_args' from command line to 'None'
[1.283s] Level 5:colcon.colcon_core.verb:set package 'IOqueue' build argument 'catkin_cmake_args' from command line to 'None'
[1.283s] Level 5:colcon.colcon_core.verb:set package 'IOqueue' build argument 'catkin_skip_building_tests' from command line to 'False'
[1.284s] DEBUG:colcon.colcon_core.verb:Building package 'IOqueue' with the following arguments: {'ament_cmake_args': None, 'build_base': '/home/unique/ros2_ws/ros_test/build/IOqueue', 'catkin_cmake_args': None, 'catkin_skip_building_tests': False, 'cmake_args': None, 'cmake_clean_cache': False, 'cmake_clean_first': False, 'cmake_force_configure': False, 'cmake_target': None, 'cmake_target_skip_unavailable': False, 'install_base': '/home/unique/ros2_ws/ros_test/install/IOqueue', 'merge_install': False, 'path': '/home/unique/ros2_ws/ros_test/src/IOqueue', 'symlink_install': False, 'test_result_base': None}
[1.284s] Level 5:colcon.colcon_core.verb:set package 'IOringbuffer' build argument 'cmake_args' from command line to 'None'
[1.284s] Level 5:colcon.colcon_core.verb:set package 'IOringbuffer' build argument 'cmake_target' from command line to 'None'
[1.284s] Level 5:colcon.colcon_core.verb:set package 'IOringbuffer' build argument 'cmake_target_skip_unavailable' from command line to 'False'
[1.284s] Level 5:colcon.colcon_core.verb:set package 'IOringbuffer' build argument 'cmake_clean_cache' from command line to 'False'
[1.284s] Level 5:colcon.colcon_core.verb:set package 'IOringbuffer' build argument 'cmake_clean_first' from command line to 'False'
[1.284s] Level 5:colcon.colcon_core.verb:set package 'IOringbuffer' build argument 'cmake_force_configure' from command line to 'False'
[1.284s] Level 5:colcon.colcon_core.verb:set package 'IOringbuffer' build argument 'ament_cmake_args' from command line to 'None'
[1.285s] Level 5:colcon.colcon_core.verb:set package 'IOringbuffer' build argument 'catkin_cmake_args' from command line to 'None'
[1.285s] Level 5:colcon.colcon_core.verb:set package 'IOringbuffer' build argument 'catkin_skip_building_tests' from command line to 'False'
[1.285s] DEBUG:colcon.colcon_core.verb:Building package 'IOringbuffer' with the following arguments: {'ament_cmake_args': None, 'build_base': '/home/unique/ros2_ws/ros_test/build/IOringbuffer', 'catkin_cmake_args': None, 'catkin_skip_building_tests': False, 'cmake_args': None, 'cmake_clean_cache': False, 'cmake_clean_first': False, 'cmake_force_configure': False, 'cmake_target': None, 'cmake_target_skip_unavailable': False, 'install_base': '/home/unique/ros2_ws/ros_test/install/IOringbuffer', 'merge_install': False, 'path': '/home/unique/ros2_ws/ros_test/src/IOringbuffer', 'symlink_install': False, 'test_result_base': None}
[1.285s] Level 5:colcon.colcon_core.verb:set package 'test_loopback' build argument 'cmake_args' from command line to 'None'
[1.285s] Level 5:colcon.colcon_core.verb:set package 'test_loopback' build argument 'cmake_target' from command line to 'None'
[1.285s] Level 5:colcon.colcon_core.verb:set package 'test_loopback' build argument 'cmake_target_skip_unavailable' from command line to 'False'
[1.285s] Level 5:colcon.colcon_core.verb:set package 'test_loopback' build argument 'cmake_clean_cache' from command line to 'False'
[1.285s] Level 5:colcon.colcon_core.verb:set package 'test_loopback' build argument 'cmake_clean_first' from command line to 'False'
[1.285s] Level 5:colcon.colcon_core.verb:set package 'test_loopback' build argument 'cmake_force_configure' from command line to 'False'
[1.285s] Level 5:colcon.colcon_core.verb:set package 'test_loopback' build argument 'ament_cmake_args' from command line to 'None'
[1.285s] Level 5:colcon.colcon_core.verb:set package 'test_loopback' build argument 'catkin_cmake_args' from command line to 'None'
[1.285s] Level 5:colcon.colcon_core.verb:set package 'test_loopback' build argument 'catkin_skip_building_tests' from command line to 'False'
[1.285s] DEBUG:colcon.colcon_core.verb:Building package 'test_loopback' with the following arguments: {'ament_cmake_args': None, 'build_base': '/home/unique/ros2_ws/ros_test/build/test_loopback', 'catkin_cmake_args': None, 'catkin_skip_building_tests': False, 'cmake_args': None, 'cmake_clean_cache': False, 'cmake_clean_first': False, 'cmake_force_configure': False, 'cmake_target': None, 'cmake_target_skip_unavailable': False, 'install_base': '/home/unique/ros2_ws/ros_test/install/test_loopback', 'merge_install': False, 'path': '/home/unique/ros2_ws/ros_test/src/test_loopback', 'symlink_install': False, 'test_result_base': None}
[1.286s] INFO:colcon.colcon_core.executor:Executing jobs using 'parallel' executor
[1.287s] DEBUG:colcon.colcon_parallel_executor.executor.parallel:run_until_complete
[1.288s] INFO:colcon.colcon_ros.task.ament_cmake.build:Building ROS package in '/home/unique/ros2_ws/ros_test/src/main_interface' with build type 'ament_cmake'
[1.289s] INFO:colcon.colcon_cmake.task.cmake.build:Building CMake package in '/home/unique/ros2_ws/ros_test/src/main_interface'
[1.297s] INFO:colcon.colcon_core.plugin_system:Skipping extension 'colcon_core.shell.bat': Not used on non-Windows systems
[1.298s] INFO:colcon.colcon_core.shell:Skip shell extension 'powershell' for command environment: Not usable outside of PowerShell
[1.298s] DEBUG:colcon.colcon_core.shell:Skip shell extension 'dsv' for command environment
[1.315s] INFO:colcon.colcon_ros.task.ament_cmake.build:Building ROS package in '/home/unique/ros2_ws/ros_test/src/realtime_common' with build type 'ament_cmake'
[1.316s] INFO:colcon.colcon_cmake.task.cmake.build:Building CMake package in '/home/unique/ros2_ws/ros_test/src/realtime_common'
[1.316s] INFO:colcon.colcon_core.shell:Skip shell extension 'powershell' for command environment: Not usable outside of PowerShell
[1.316s] DEBUG:colcon.colcon_core.shell:Skip shell extension 'dsv' for command environment
[1.332s] INFO:colcon.colcon_ros.task.ament_cmake.build:Building ROS package in '/home/unique/ros2_ws/ros_test/src/realtime_launch' with build type 'ament_cmake'
[1.333s] INFO:colcon.colcon_cmake.task.cmake.build:Building CMake package in '/home/unique/ros2_ws/ros_test/src/realtime_launch'
[1.333s] INFO:colcon.colcon_core.shell:Skip shell extension 'powershell' for command environment: Not usable outside of PowerShell
[1.333s] DEBUG:colcon.colcon_core.shell:Skip shell extension 'dsv' for command environment
[1.362s] DEBUG:colcon.colcon_core.event_handler.log_command:Invoking command in '/home/unique/ros2_ws/ros_test/build/main_interface': CMAKE_PREFIX_PATH=${CMAKE_PREFIX_PATH}:/home/unique/ros2_ws/ros2_21_tutorials/install/learning_urdf:/home/unique/ros2_ws/ros2_21_tutorials/install/learning_topic:/home/unique/ros2_ws/ros2_21_tutorials/install/learning_tf:/home/unique/ros2_ws/ros2_21_tutorials/install/learning_service:/home/unique/ros2_ws/ros2_21_tutorials/install/learning_qos:/home/unique/ros2_ws/ros2_21_tutorials/install/learning_pkg_python:/home/unique/ros2_ws/ros2_21_tutorials/install/learning_parameter:/home/unique/ros2_ws/ros2_21_tutorials/install/learning_node:/home/unique/ros2_ws/ros2_21_tutorials/install/learning_launch:/home/unique/ros2_ws/ros2_21_tutorials/install/learning_action:/home/unique/ros2_ws/ros2_21_tutorials/install/learning_gazebo_harmonic:/home/unique/ros2_ws/ros2_21_tutorials/install/learning_gazebo:/home/unique/ros2_ws/ros2_21_tutorials/install/learning_cv:/opt/ros/humble /usr/bin/cmake --build /home/unique/ros2_ws/ros_test/build/main_interface -- -j8 -l8
[1.375s] DEBUG:colcon.colcon_core.event_handler.log_command:Invoking command in '/home/unique/ros2_ws/ros_test/build/realtime_common': CMAKE_PREFIX_PATH=${CMAKE_PREFIX_PATH}:/home/unique/ros2_ws/ros2_21_tutorials/install/learning_urdf:/home/unique/ros2_ws/ros2_21_tutorials/install/learning_topic:/home/unique/ros2_ws/ros2_21_tutorials/install/learning_tf:/home/unique/ros2_ws/ros2_21_tutorials/install/learning_service:/home/unique/ros2_ws/ros2_21_tutorials/install/learning_qos:/home/unique/ros2_ws/ros2_21_tutorials/install/learning_pkg_python:/home/unique/ros2_ws/ros2_21_tutorials/install/learning_parameter:/home/unique/ros2_ws/ros2_21_tutorials/install/learning_node:/home/unique/ros2_ws/ros2_21_tutorials/install/learning_launch:/home/unique/ros2_ws/ros2_21_tutorials/install/learning_action:/home/unique/ros2_ws/ros2_21_tutorials/install/learning_gazebo_harmonic:/home/unique/ros2_ws/ros2_21_tutorials/install/learning_gazebo:/home/unique/ros2_ws/ros2_21_tutorials/install/learning_cv:/opt/ros/humble /usr/bin/cmake --build /home/unique/ros2_ws/ros_test/build/realtime_common -- -j8 -l8
[1.384s] DEBUG:colcon.colcon_core.event_handler.log_command:Invoking command in '/home/unique/ros2_ws/ros_test/build/realtime_launch': CMAKE_PREFIX_PATH=${CMAKE_PREFIX_PATH}:/home/unique/ros2_ws/ros2_21_tutorials/install/learning_urdf:/home/unique/ros2_ws/ros2_21_tutorials/install/learning_topic:/home/unique/ros2_ws/ros2_21_tutorials/install/learning_tf:/home/unique/ros2_ws/ros2_21_tutorials/install/learning_service:/home/unique/ros2_ws/ros2_21_tutorials/install/learning_qos:/home/unique/ros2_ws/ros2_21_tutorials/install/learning_pkg_python:/home/unique/ros2_ws/ros2_21_tutorials/install/learning_parameter:/home/unique/ros2_ws/ros2_21_tutorials/install/learning_node:/home/unique/ros2_ws/ros2_21_tutorials/install/learning_launch:/home/unique/ros2_ws/ros2_21_tutorials/install/learning_action:/home/unique/ros2_ws/ros2_21_tutorials/install/learning_gazebo_harmonic:/home/unique/ros2_ws/ros2_21_tutorials/install/learning_gazebo:/home/unique/ros2_ws/ros2_21_tutorials/install/learning_cv:/opt/ros/humble /usr/bin/cmake --build /home/unique/ros2_ws/ros_test/build/realtime_launch -- -j8 -l8
[1.499s] DEBUG:colcon.colcon_core.event_handler.log_command:Invoked command in '/home/unique/ros2_ws/ros_test/build/realtime_launch' returned '0': CMAKE_PREFIX_PATH=${CMAKE_PREFIX_PATH}:/home/unique/ros2_ws/ros2_21_tutorials/install/learning_urdf:/home/unique/ros2_ws/ros2_21_tutorials/install/learning_topic:/home/unique/ros2_ws/ros2_21_tutorials/install/learning_tf:/home/unique/ros2_ws/ros2_21_tutorials/install/learning_service:/home/unique/ros2_ws/ros2_21_tutorials/install/learning_qos:/home/unique/ros2_ws/ros2_21_tutorials/install/learning_pkg_python:/home/unique/ros2_ws/ros2_21_tutorials/install/learning_parameter:/home/unique/ros2_ws/ros2_21_tutorials/install/learning_node:/home/unique/ros2_ws/ros2_21_tutorials/install/learning_launch:/home/unique/ros2_ws/ros2_21_tutorials/install/learning_action:/home/unique/ros2_ws/ros2_21_tutorials/install/learning_gazebo_harmonic:/home/unique/ros2_ws/ros2_21_tutorials/install/learning_gazebo:/home/unique/ros2_ws/ros2_21_tutorials/install/learning_cv:/opt/ros/humble /usr/bin/cmake --build /home/unique/ros2_ws/ros_test/build/realtime_launch -- -j8 -l8
[1.530s] DEBUG:colcon.colcon_core.event_handler.log_command:Invoking command in '/home/unique/ros2_ws/ros_test/build/realtime_launch': CMAKE_PREFIX_PATH=${CMAKE_PREFIX_PATH}:/home/unique/ros2_ws/ros2_21_tutorials/install/learning_urdf:/home/unique/ros2_ws/ros2_21_tutorials/install/learning_topic:/home/unique/ros2_ws/ros2_21_tutorials/install/learning_tf:/home/unique/ros2_ws/ros2_21_tutorials/install/learning_service:/home/unique/ros2_ws/ros2_21_tutorials/install/learning_qos:/home/unique/ros2_ws/ros2_21_tutorials/install/learning_pkg_python:/home/unique/ros2_ws/ros2_21_tutorials/install/learning_parameter:/home/unique/ros2_ws/ros2_21_tutorials/install/learning_node:/home/unique/ros2_ws/ros2_21_tutorials/install/learning_launch:/home/unique/ros2_ws/ros2_21_tutorials/install/learning_action:/home/unique/ros2_ws/ros2_21_tutorials/install/learning_gazebo_harmonic:/home/unique/ros2_ws/ros2_21_tutorials/install/learning_gazebo:/home/unique/ros2_ws/ros2_21_tutorials/install/learning_cv:/opt/ros/humble /usr/bin/cmake --install /home/unique/ros2_ws/ros_test/build/realtime_launch
[1.532s] DEBUG:colcon.colcon_core.event_handler.log_command:Invoked command in '/home/unique/ros2_ws/ros_test/build/realtime_common' returned '0': CMAKE_PREFIX_PATH=${CMAKE_PREFIX_PATH}:/home/unique/ros2_ws/ros2_21_tutorials/install/learning_urdf:/home/unique/ros2_ws/ros2_21_tutorials/install/learning_topic:/home/unique/ros2_ws/ros2_21_tutorials/install/learning_tf:/home/unique/ros2_ws/ros2_21_tutorials/install/learning_service:/home/unique/ros2_ws/ros2_21_tutorials/install/learning_qos:/home/unique/ros2_ws/ros2_21_tutorials/install/learning_pkg_python:/home/unique/ros2_ws/ros2_21_tutorials/install/learning_parameter:/home/unique/ros2_ws/ros2_21_tutorials/install/learning_node:/home/unique/ros2_ws/ros2_21_tutorials/install/learning_launch:/home/unique/ros2_ws/ros2_21_tutorials/install/learning_action:/home/unique/ros2_ws/ros2_21_tutorials/install/learning_gazebo_harmonic:/home/unique/ros2_ws/ros2_21_tutorials/install/learning_gazebo:/home/unique/ros2_ws/ros2_21_tutorials/install/learning_cv:/opt/ros/humble /usr/bin/cmake --build /home/unique/ros2_ws/ros_test/build/realtime_common -- -j8 -l8
[1.539s] DEBUG:colcon.colcon_core.event_handler.log_command:Invoking command in '/home/unique/ros2_ws/ros_test/build/realtime_common': CMAKE_PREFIX_PATH=${CMAKE_PREFIX_PATH}:/home/unique/ros2_ws/ros2_21_tutorials/install/learning_urdf:/home/unique/ros2_ws/ros2_21_tutorials/install/learning_topic:/home/unique/ros2_ws/ros2_21_tutorials/install/learning_tf:/home/unique/ros2_ws/ros2_21_tutorials/install/learning_service:/home/unique/ros2_ws/ros2_21_tutorials/install/learning_qos:/home/unique/ros2_ws/ros2_21_tutorials/install/learning_pkg_python:/home/unique/ros2_ws/ros2_21_tutorials/install/learning_parameter:/home/unique/ros2_ws/ros2_21_tutorials/install/learning_node:/home/unique/ros2_ws/ros2_21_tutorials/install/learning_launch:/home/unique/ros2_ws/ros2_21_tutorials/install/learning_action:/home/unique/ros2_ws/ros2_21_tutorials/install/learning_gazebo_harmonic:/home/unique/ros2_ws/ros2_21_tutorials/install/learning_gazebo:/home/unique/ros2_ws/ros2_21_tutorials/install/learning_cv:/opt/ros/humble /usr/bin/cmake --install /home/unique/ros2_ws/ros_test/build/realtime_common
[1.564s] Level 1:colcon.colcon_core.environment:create_environment_scripts_only(realtime_common)
[1.570s] Level 1:colcon.colcon_core.environment:checking '/home/unique/ros2_ws/ros_test/install/realtime_common' for CMake module files
[1.570s] Level 1:colcon.colcon_core.environment:checking '/home/unique/ros2_ws/ros_test/install/realtime_common' for CMake config files
[1.571s] DEBUG:colcon.colcon_core.event_handler.log_command:Invoked command in '/home/unique/ros2_ws/ros_test/build/realtime_common' returned '0': CMAKE_PREFIX_PATH=${CMAKE_PREFIX_PATH}:/home/unique/ros2_ws/ros2_21_tutorials/install/learning_urdf:/home/unique/ros2_ws/ros2_21_tutorials/install/learning_topic:/home/unique/ros2_ws/ros2_21_tutorials/install/learning_tf:/home/unique/ros2_ws/ros2_21_tutorials/install/learning_service:/home/unique/ros2_ws/ros2_21_tutorials/install/learning_qos:/home/unique/ros2_ws/ros2_21_tutorials/install/learning_pkg_python:/home/unique/ros2_ws/ros2_21_tutorials/install/learning_parameter:/home/unique/ros2_ws/ros2_21_tutorials/install/learning_node:/home/unique/ros2_ws/ros2_21_tutorials/install/learning_launch:/home/unique/ros2_ws/ros2_21_tutorials/install/learning_action:/home/unique/ros2_ws/ros2_21_tutorials/install/learning_gazebo_harmonic:/home/unique/ros2_ws/ros2_21_tutorials/install/learning_gazebo:/home/unique/ros2_ws/ros2_21_tutorials/install/learning_cv:/opt/ros/humble /usr/bin/cmake --install /home/unique/ros2_ws/ros_test/build/realtime_common
[1.572s] Level 1:colcon.colcon_core.shell:create_environment_hook('realtime_common', 'cmake_prefix_path')
[1.573s] INFO:colcon.colcon_core.shell:Creating environment hook '/home/unique/ros2_ws/ros_test/install/realtime_common/share/realtime_common/hook/cmake_prefix_path.ps1'
[1.574s] INFO:colcon.colcon_core.shell:Creating environment descriptor '/home/unique/ros2_ws/ros_test/install/realtime_common/share/realtime_common/hook/cmake_prefix_path.dsv'
[1.575s] INFO:colcon.colcon_core.shell:Creating environment hook '/home/unique/ros2_ws/ros_test/install/realtime_common/share/realtime_common/hook/cmake_prefix_path.sh'
[1.577s] Level 1:colcon.colcon_core.environment:checking '/home/unique/ros2_ws/ros_test/install/realtime_common/bin'
[1.577s] Level 1:colcon.colcon_core.environment:checking '/home/unique/ros2_ws/ros_test/install/realtime_common/lib/pkgconfig/realtime_common.pc'
[1.577s] Level 1:colcon.colcon_core.environment:checking '/home/unique/ros2_ws/ros_test/install/realtime_common/lib/python3.10/site-packages'
[1.578s] Level 1:colcon.colcon_core.environment:checking '/home/unique/ros2_ws/ros_test/install/realtime_common/bin'
[1.579s] INFO:colcon.colcon_core.shell:Creating package script '/home/unique/ros2_ws/ros_test/install/realtime_common/share/realtime_common/package.ps1'
[1.584s] INFO:colcon.colcon_core.shell:Creating package descriptor '/home/unique/ros2_ws/ros_test/install/realtime_common/share/realtime_common/package.dsv'
[1.585s] INFO:colcon.colcon_core.shell:Creating package script '/home/unique/ros2_ws/ros_test/install/realtime_common/share/realtime_common/package.sh'
[1.587s] INFO:colcon.colcon_core.shell:Creating package script '/home/unique/ros2_ws/ros_test/install/realtime_common/share/realtime_common/package.bash'
[1.589s] INFO:colcon.colcon_core.shell:Creating package script '/home/unique/ros2_ws/ros_test/install/realtime_common/share/realtime_common/package.zsh'
[1.591s] Level 1:colcon.colcon_core.environment:create_file_with_runtime_dependencies(/home/unique/ros2_ws/ros_test/install/realtime_common/share/colcon-core/packages/realtime_common)
[1.592s] Level 1:colcon.colcon_core.environment:create_environment_scripts_only(realtime_common)
[1.593s] Level 1:colcon.colcon_core.environment:checking '/home/unique/ros2_ws/ros_test/install/realtime_common' for CMake module files
[1.594s] Level 1:colcon.colcon_core.environment:checking '/home/unique/ros2_ws/ros_test/install/realtime_common' for CMake config files
[1.594s] Level 1:colcon.colcon_core.shell:create_environment_hook('realtime_common', 'cmake_prefix_path')
[1.595s] INFO:colcon.colcon_core.shell:Creating environment hook '/home/unique/ros2_ws/ros_test/install/realtime_common/share/realtime_common/hook/cmake_prefix_path.ps1'
[1.596s] INFO:colcon.colcon_core.shell:Creating environment descriptor '/home/unique/ros2_ws/ros_test/install/realtime_common/share/realtime_common/hook/cmake_prefix_path.dsv'
[1.596s] INFO:colcon.colcon_core.shell:Creating environment hook '/home/unique/ros2_ws/ros_test/install/realtime_common/share/realtime_common/hook/cmake_prefix_path.sh'
[1.598s] Level 1:colcon.colcon_core.environment:checking '/home/unique/ros2_ws/ros_test/install/realtime_common/bin'
[1.598s] Level 1:colcon.colcon_core.environment:checking '/home/unique/ros2_ws/ros_test/install/realtime_common/lib/pkgconfig/realtime_common.pc'
[1.598s] Level 1:colcon.colcon_core.environment:checking '/home/unique/ros2_ws/ros_test/install/realtime_common/lib/python3.10/site-packages'
[1.599s] Level 1:colcon.colcon_core.environment:checking '/home/unique/ros2_ws/ros_test/install/realtime_common/bin'
[1.600s] INFO:colcon.colcon_core.shell:Creating package script '/home/unique/ros2_ws/ros_test/install/realtime_common/share/realtime_common/package.ps1'
[1.602s] INFO:colcon.colcon_core.shell:Creating package descriptor '/home/unique/ros2_ws/ros_test/install/realtime_common/share/realtime_common/package.dsv'
[1.604s] INFO:colcon.colcon_core.shell:Creating package script '/home/unique/ros2_ws/ros_test/install/realtime_common/share/realtime_common/package.sh'
[1.605s] INFO:colcon.colcon_core.shell:Creating package script '/home/unique/ros2_ws/ros_test/install/realtime_common/share/realtime_common/package.bash'
[1.606s] INFO:colcon.colcon_core.shell:Creating package script '/home/unique/ros2_ws/ros_test/install/realtime_common/share/realtime_common/package.zsh'
[1.607s] Level 1:colcon.colcon_core.environment:create_file_with_runtime_dependencies(/home/unique/ros2_ws/ros_test/install/realtime_common/share/colcon-core/packages/realtime_common)
[1.609s] Level 1:colcon.colcon_core.environment:create_environment_scripts_only(realtime_launch)
[1.610s] DEBUG:colcon.colcon_core.event_handler.log_command:Invoked command in '/home/unique/ros2_ws/ros_test/build/realtime_launch' returned '0': CMAKE_PREFIX_PATH=${CMAKE_PREFIX_PATH}:/home/unique/ros2_ws/ros2_21_tutorials/install/learning_urdf:/home/unique/ros2_ws/ros2_21_tutorials/install/learning_topic:/home/unique/ros2_ws/ros2_21_tutorials/install/learning_tf:/home/unique/ros2_ws/ros2_21_tutorials/install/learning_service:/home/unique/ros2_ws/ros2_21_tutorials/install/learning_qos:/home/unique/ros2_ws/ros2_21_tutorials/install/learning_pkg_python:/home/unique/ros2_ws/ros2_21_tutorials/install/learning_parameter:/home/unique/ros2_ws/ros2_21_tutorials/install/learning_node:/home/unique/ros2_ws/ros2_21_tutorials/install/learning_launch:/home/unique/ros2_ws/ros2_21_tutorials/install/learning_action:/home/unique/ros2_ws/ros2_21_tutorials/install/learning_gazebo_harmonic:/home/unique/ros2_ws/ros2_21_tutorials/install/learning_gazebo:/home/unique/ros2_ws/ros2_21_tutorials/install/learning_cv:/opt/ros/humble /usr/bin/cmake --install /home/unique/ros2_ws/ros_test/build/realtime_launch
[1.610s] Level 1:colcon.colcon_core.environment:checking '/home/unique/ros2_ws/ros_test/install/realtime_launch' for CMake module files
[1.611s] Level 1:colcon.colcon_core.environment:checking '/home/unique/ros2_ws/ros_test/install/realtime_launch' for CMake config files
[1.612s] Level 1:colcon.colcon_core.shell:create_environment_hook('realtime_launch', 'cmake_prefix_path')
[1.612s] INFO:colcon.colcon_core.shell:Creating environment hook '/home/unique/ros2_ws/ros_test/install/realtime_launch/share/realtime_launch/hook/cmake_prefix_path.ps1'
[1.613s] INFO:colcon.colcon_core.shell:Creating environment descriptor '/home/unique/ros2_ws/ros_test/install/realtime_launch/share/realtime_launch/hook/cmake_prefix_path.dsv'
[1.613s] INFO:colcon.colcon_core.shell:Creating environment hook '/home/unique/ros2_ws/ros_test/install/realtime_launch/share/realtime_launch/hook/cmake_prefix_path.sh'
[1.616s] Level 1:colcon.colcon_core.environment:checking '/home/unique/ros2_ws/ros_test/install/realtime_launch/bin'
[1.617s] Level 1:colcon.colcon_core.environment:checking '/home/unique/ros2_ws/ros_test/install/realtime_launch/lib/pkgconfig/realtime_launch.pc'
[1.617s] Level 1:colcon.colcon_core.environment:checking '/home/unique/ros2_ws/ros_test/install/realtime_launch/lib/python3.10/site-packages'
[1.618s] Level 1:colcon.colcon_core.environment:checking '/home/unique/ros2_ws/ros_test/install/realtime_launch/bin'
[1.619s] INFO:colcon.colcon_core.shell:Creating package script '/home/unique/ros2_ws/ros_test/install/realtime_launch/share/realtime_launch/package.ps1'
[1.621s] INFO:colcon.colcon_core.shell:Creating package descriptor '/home/unique/ros2_ws/ros_test/install/realtime_launch/share/realtime_launch/package.dsv'
[1.622s] INFO:colcon.colcon_core.shell:Creating package script '/home/unique/ros2_ws/ros_test/install/realtime_launch/share/realtime_launch/package.sh'
[1.623s] INFO:colcon.colcon_core.shell:Creating package script '/home/unique/ros2_ws/ros_test/install/realtime_launch/share/realtime_launch/package.bash'
[1.624s] INFO:colcon.colcon_core.shell:Creating package script '/home/unique/ros2_ws/ros_test/install/realtime_launch/share/realtime_launch/package.zsh'
[1.624s] Level 1:colcon.colcon_core.environment:create_file_with_runtime_dependencies(/home/unique/ros2_ws/ros_test/install/realtime_launch/share/colcon-core/packages/realtime_launch)
[1.625s] Level 1:colcon.colcon_core.environment:create_environment_scripts_only(realtime_launch)
[1.626s] Level 1:colcon.colcon_core.environment:checking '/home/unique/ros2_ws/ros_test/install/realtime_launch' for CMake module files
[1.627s] Level 1:colcon.colcon_core.environment:checking '/home/unique/ros2_ws/ros_test/install/realtime_launch' for CMake config files
[1.628s] Level 1:colcon.colcon_core.shell:create_environment_hook('realtime_launch', 'cmake_prefix_path')
[1.628s] INFO:colcon.colcon_core.shell:Creating environment hook '/home/unique/ros2_ws/ros_test/install/realtime_launch/share/realtime_launch/hook/cmake_prefix_path.ps1'
[1.629s] INFO:colcon.colcon_core.shell:Creating environment descriptor '/home/unique/ros2_ws/ros_test/install/realtime_launch/share/realtime_launch/hook/cmake_prefix_path.dsv'
[1.630s] INFO:colcon.colcon_core.shell:Creating environment hook '/home/unique/ros2_ws/ros_test/install/realtime_launch/share/realtime_launch/hook/cmake_prefix_path.sh'
[1.632s] Level 1:colcon.colcon_core.environment:checking '/home/unique/ros2_ws/ros_test/install/realtime_launch/bin'
[1.633s] Level 1:colcon.colcon_core.environment:checking '/home/unique/ros2_ws/ros_test/install/realtime_launch/lib/pkgconfig/realtime_launch.pc'
[1.633s] Level 1:colcon.colcon_core.environment:checking '/home/unique/ros2_ws/ros_test/install/realtime_launch/lib/python3.10/site-packages'
[1.634s] Level 1:colcon.colcon_core.environment:checking '/home/unique/ros2_ws/ros_test/install/realtime_launch/bin'
[1.634s] INFO:colcon.colcon_core.shell:Creating package script '/home/unique/ros2_ws/ros_test/install/realtime_launch/share/realtime_launch/package.ps1'
[1.636s] INFO:colcon.colcon_core.shell:Creating package descriptor '/home/unique/ros2_ws/ros_test/install/realtime_launch/share/realtime_launch/package.dsv'
[1.637s] INFO:colcon.colcon_core.shell:Creating package script '/home/unique/ros2_ws/ros_test/install/realtime_launch/share/realtime_launch/package.sh'
[1.637s] INFO:colcon.colcon_core.shell:Creating package script '/home/unique/ros2_ws/ros_test/install/realtime_launch/share/realtime_launch/package.bash'
[1.639s] INFO:colcon.colcon_core.shell:Creating package script '/home/unique/ros2_ws/ros_test/install/realtime_launch/share/realtime_launch/package.zsh'
[1.640s] Level 1:colcon.colcon_core.environment:create_file_with_runtime_dependencies(/home/unique/ros2_ws/ros_test/install/realtime_launch/share/colcon-core/packages/realtime_launch)
[2.185s] DEBUG:colcon.colcon_core.event_handler.log_command:Invoked command in '/home/unique/ros2_ws/ros_test/build/main_interface' returned '0': CMAKE_PREFIX_PATH=${CMAKE_PREFIX_PATH}:/home/unique/ros2_ws/ros2_21_tutorials/install/learning_urdf:/home/unique/ros2_ws/ros2_21_tutorials/install/learning_topic:/home/unique/ros2_ws/ros2_21_tutorials/install/learning_tf:/home/unique/ros2_ws/ros2_21_tutorials/install/learning_service:/home/unique/ros2_ws/ros2_21_tutorials/install/learning_qos:/home/unique/ros2_ws/ros2_21_tutorials/install/learning_pkg_python:/home/unique/ros2_ws/ros2_21_tutorials/install/learning_parameter:/home/unique/ros2_ws/ros2_21_tutorials/install/learning_node:/home/unique/ros2_ws/ros2_21_tutorials/install/learning_launch:/home/unique/ros2_ws/ros2_21_tutorials/install/learning_action:/home/unique/ros2_ws/ros2_21_tutorials/install/learning_gazebo_harmonic:/home/unique/ros2_ws/ros2_21_tutorials/install/learning_gazebo:/home/unique/ros2_ws/ros2_21_tutorials/install/learning_cv:/opt/ros/humble /usr/bin/cmake --build /home/unique/ros2_ws/ros_test/build/main_interface -- -j8 -l8
[2.186s] DEBUG:colcon.colcon_core.event_handler.log_command:Invoking command in '/home/unique/ros2_ws/ros_test/build/main_interface': CMAKE_PREFIX_PATH=${CMAKE_PREFIX_PATH}:/home/unique/ros2_ws/ros2_21_tutorials/install/learning_urdf:/home/unique/ros2_ws/ros2_21_tutorials/install/learning_topic:/home/unique/ros2_ws/ros2_21_tutorials/install/learning_tf:/home/unique/ros2_ws/ros2_21_tutorials/install/learning_service:/home/unique/ros2_ws/ros2_21_tutorials/install/learning_qos:/home/unique/ros2_ws/ros2_21_tutorials/install/learning_pkg_python:/home/unique/ros2_ws/ros2_21_tutorials/install/learning_parameter:/home/unique/ros2_ws/ros2_21_tutorials/install/learning_node:/home/unique/ros2_ws/ros2_21_tutorials/install/learning_launch:/home/unique/ros2_ws/ros2_21_tutorials/install/learning_action:/home/unique/ros2_ws/ros2_21_tutorials/install/learning_gazebo_harmonic:/home/unique/ros2_ws/ros2_21_tutorials/install/learning_gazebo:/home/unique/ros2_ws/ros2_21_tutorials/install/learning_cv:/opt/ros/humble /usr/bin/cmake --install /home/unique/ros2_ws/ros_test/build/main_interface
[2.333s] Level 1:colcon.colcon_core.environment:create_environment_scripts_only(main_interface)
[2.334s] Level 1:colcon.colcon_core.environment:checking '/home/unique/ros2_ws/ros_test/install/main_interface' for CMake module files
[2.335s] DEBUG:colcon.colcon_core.event_handler.log_command:Invoked command in '/home/unique/ros2_ws/ros_test/build/main_interface' returned '0': CMAKE_PREFIX_PATH=${CMAKE_PREFIX_PATH}:/home/unique/ros2_ws/ros2_21_tutorials/install/learning_urdf:/home/unique/ros2_ws/ros2_21_tutorials/install/learning_topic:/home/unique/ros2_ws/ros2_21_tutorials/install/learning_tf:/home/unique/ros2_ws/ros2_21_tutorials/install/learning_service:/home/unique/ros2_ws/ros2_21_tutorials/install/learning_qos:/home/unique/ros2_ws/ros2_21_tutorials/install/learning_pkg_python:/home/unique/ros2_ws/ros2_21_tutorials/install/learning_parameter:/home/unique/ros2_ws/ros2_21_tutorials/install/learning_node:/home/unique/ros2_ws/ros2_21_tutorials/install/learning_launch:/home/unique/ros2_ws/ros2_21_tutorials/install/learning_action:/home/unique/ros2_ws/ros2_21_tutorials/install/learning_gazebo_harmonic:/home/unique/ros2_ws/ros2_21_tutorials/install/learning_gazebo:/home/unique/ros2_ws/ros2_21_tutorials/install/learning_cv:/opt/ros/humble /usr/bin/cmake --install /home/unique/ros2_ws/ros_test/build/main_interface
[2.336s] Level 1:colcon.colcon_core.environment:checking '/home/unique/ros2_ws/ros_test/install/main_interface' for CMake config files
[2.337s] Level 1:colcon.colcon_core.shell:create_environment_hook('main_interface', 'cmake_prefix_path')
[2.337s] INFO:colcon.colcon_core.shell:Creating environment hook '/home/unique/ros2_ws/ros_test/install/main_interface/share/main_interface/hook/cmake_prefix_path.ps1'
[2.338s] INFO:colcon.colcon_core.shell:Creating environment descriptor '/home/unique/ros2_ws/ros_test/install/main_interface/share/main_interface/hook/cmake_prefix_path.dsv'
[2.339s] INFO:colcon.colcon_core.shell:Creating environment hook '/home/unique/ros2_ws/ros_test/install/main_interface/share/main_interface/hook/cmake_prefix_path.sh'
[2.340s] Level 1:colcon.colcon_core.environment:checking '/home/unique/ros2_ws/ros_test/install/main_interface/lib'
[2.340s] Level 1:colcon.colcon_core.shell:create_environment_hook('main_interface', 'ld_library_path_lib')
[2.340s] INFO:colcon.colcon_core.shell:Creating environment hook '/home/unique/ros2_ws/ros_test/install/main_interface/share/main_interface/hook/ld_library_path_lib.ps1'
[2.341s] INFO:colcon.colcon_core.shell:Creating environment descriptor '/home/unique/ros2_ws/ros_test/install/main_interface/share/main_interface/hook/ld_library_path_lib.dsv'
[2.342s] INFO:colcon.colcon_core.shell:Creating environment hook '/home/unique/ros2_ws/ros_test/install/main_interface/share/main_interface/hook/ld_library_path_lib.sh'
[2.342s] Level 1:colcon.colcon_core.environment:checking '/home/unique/ros2_ws/ros_test/install/main_interface/bin'
[2.343s] Level 1:colcon.colcon_core.environment:checking '/home/unique/ros2_ws/ros_test/install/main_interface/lib/pkgconfig/main_interface.pc'
[2.343s] Level 1:colcon.colcon_core.environment:checking '/home/unique/ros2_ws/ros_test/install/main_interface/lib/python3.10/site-packages'
[2.343s] Level 1:colcon.colcon_core.environment:checking '/home/unique/ros2_ws/ros_test/install/main_interface/bin'
[2.344s] INFO:colcon.colcon_core.shell:Creating package script '/home/unique/ros2_ws/ros_test/install/main_interface/share/main_interface/package.ps1'
[2.345s] INFO:colcon.colcon_core.shell:Creating package descriptor '/home/unique/ros2_ws/ros_test/install/main_interface/share/main_interface/package.dsv'
[2.345s] INFO:colcon.colcon_core.shell:Creating package script '/home/unique/ros2_ws/ros_test/install/main_interface/share/main_interface/package.sh'
[2.346s] INFO:colcon.colcon_core.shell:Creating package script '/home/unique/ros2_ws/ros_test/install/main_interface/share/main_interface/package.bash'
[2.346s] INFO:colcon.colcon_core.shell:Creating package script '/home/unique/ros2_ws/ros_test/install/main_interface/share/main_interface/package.zsh'
[2.347s] Level 1:colcon.colcon_core.environment:create_file_with_runtime_dependencies(/home/unique/ros2_ws/ros_test/install/main_interface/share/colcon-core/packages/main_interface)
[2.348s] Level 1:colcon.colcon_core.environment:create_environment_scripts_only(main_interface)
[2.348s] Level 1:colcon.colcon_core.environment:checking '/home/unique/ros2_ws/ros_test/install/main_interface' for CMake module files
[2.349s] Level 1:colcon.colcon_core.environment:checking '/home/unique/ros2_ws/ros_test/install/main_interface' for CMake config files
[2.351s] Level 1:colcon.colcon_core.shell:create_environment_hook('main_interface', 'cmake_prefix_path')
[2.351s] INFO:colcon.colcon_core.shell:Creating environment hook '/home/unique/ros2_ws/ros_test/install/main_interface/share/main_interface/hook/cmake_prefix_path.ps1'
[2.352s] INFO:colcon.colcon_core.shell:Creating environment descriptor '/home/unique/ros2_ws/ros_test/install/main_interface/share/main_interface/hook/cmake_prefix_path.dsv'
[2.352s] INFO:colcon.colcon_core.shell:Creating environment hook '/home/unique/ros2_ws/ros_test/install/main_interface/share/main_interface/hook/cmake_prefix_path.sh'
[2.353s] Level 1:colcon.colcon_core.environment:checking '/home/unique/ros2_ws/ros_test/install/main_interface/lib'
[2.353s] Level 1:colcon.colcon_core.shell:create_environment_hook('main_interface', 'ld_library_path_lib')
[2.353s] INFO:colcon.colcon_core.shell:Creating environment hook '/home/unique/ros2_ws/ros_test/install/main_interface/share/main_interface/hook/ld_library_path_lib.ps1'
[2.354s] INFO:colcon.colcon_core.shell:Creating environment descriptor '/home/unique/ros2_ws/ros_test/install/main_interface/share/main_interface/hook/ld_library_path_lib.dsv'
[2.355s] INFO:colcon.colcon_core.shell:Creating environment hook '/home/unique/ros2_ws/ros_test/install/main_interface/share/main_interface/hook/ld_library_path_lib.sh'
[2.355s] Level 1:colcon.colcon_core.environment:checking '/home/unique/ros2_ws/ros_test/install/main_interface/bin'
[2.355s] Level 1:colcon.colcon_core.environment:checking '/home/unique/ros2_ws/ros_test/install/main_interface/lib/pkgconfig/main_interface.pc'
[2.356s] Level 1:colcon.colcon_core.environment:checking '/home/unique/ros2_ws/ros_test/install/main_interface/lib/python3.10/site-packages'
[2.356s] Level 1:colcon.colcon_core.environment:checking '/home/unique/ros2_ws/ros_test/install/main_interface/bin'
[2.356s] INFO:colcon.colcon_core.shell:Creating package script '/home/unique/ros2_ws/ros_test/install/main_interface/share/main_interface/package.ps1'
[2.357s] INFO:colcon.colcon_core.shell:Creating package descriptor '/home/unique/ros2_ws/ros_test/install/main_interface/share/main_interface/package.dsv'
[2.358s] INFO:colcon.colcon_core.shell:Creating package script '/home/unique/ros2_ws/ros_test/install/main_interface/share/main_interface/package.sh'
[2.359s] INFO:colcon.colcon_core.shell:Creating package script '/home/unique/ros2_ws/ros_test/install/main_interface/share/main_interface/package.bash'
[2.359s] INFO:colcon.colcon_core.shell:Creating package script '/home/unique/ros2_ws/ros_test/install/main_interface/share/main_interface/package.zsh'
[2.360s] Level 1:colcon.colcon_core.environment:create_file_with_runtime_dependencies(/home/unique/ros2_ws/ros_test/install/main_interface/share/colcon-core/packages/main_interface)
[2.361s] INFO:colcon.colcon_ros.task.ament_cmake.build:Building ROS package in '/home/unique/ros2_ws/ros_test/src/IOqueue' with build type 'ament_cmake'
[2.361s] INFO:colcon.colcon_cmake.task.cmake.build:Building CMake package in '/home/unique/ros2_ws/ros_test/src/IOqueue'
[2.362s] INFO:colcon.colcon_core.shell:Skip shell extension 'powershell' for command environment: Not usable outside of PowerShell
[2.362s] DEBUG:colcon.colcon_core.shell:Skip shell extension 'dsv' for command environment
[2.373s] INFO:colcon.colcon_ros.task.ament_cmake.build:Building ROS package in '/home/unique/ros2_ws/ros_test/src/IOringbuffer' with build type 'ament_cmake'
[2.374s] INFO:colcon.colcon_cmake.task.cmake.build:Building CMake package in '/home/unique/ros2_ws/ros_test/src/IOringbuffer'
[2.374s] INFO:colcon.colcon_core.shell:Skip shell extension 'powershell' for command environment: Not usable outside of PowerShell
[2.375s] DEBUG:colcon.colcon_core.shell:Skip shell extension 'dsv' for command environment
[2.385s] INFO:colcon.colcon_ros.task.ament_cmake.build:Building ROS package in '/home/unique/ros2_ws/ros_test/src/test_loopback' with build type 'ament_cmake'
[2.386s] INFO:colcon.colcon_cmake.task.cmake.build:Building CMake package in '/home/unique/ros2_ws/ros_test/src/test_loopback'
[2.387s] INFO:colcon.colcon_core.shell:Skip shell extension 'powershell' for command environment: Not usable outside of PowerShell
[2.387s] DEBUG:colcon.colcon_core.shell:Skip shell extension 'dsv' for command environment
[2.810s] DEBUG:colcon.colcon_core.event_handler.log_command:Invoking command in '/home/unique/ros2_ws/ros_test/build/test_loopback': CMAKE_PREFIX_PATH=/home/unique/ros2_ws/ros_test/install/main_interface:/home/unique/ros2_ws/ros_test/install/test_loopback:/home/unique/ros2_ws/ros_test/install/realtime_launch:/home/unique/ros2_ws/ros_test/install/low_prior:/home/unique/ros2_ws/ros_test/install/high_prior:/home/unique/ros2_ws/ros_test/install/IOringbuffer:/home/unique/ros2_ws/ros_test/install/IOqueue:/home/unique/ros2_ws/ros_test/install/realtime_common:/home/unique/ros2_ws/install/village_wang:/home/unique/ros2_ws/install/village_interface:/home/unique/ros2_ws/install/my_cpp_pkg:/home/unique/ros2_ws/ros2_21_tutorials/install/learning_topic_cpp:/home/unique/ros2_ws/ros2_21_tutorials/install/learning_tf_cpp:/home/unique/ros2_ws/ros2_21_tutorials/install/learning_service_cpp:/home/unique/ros2_ws/ros2_21_tutorials/install/learning_pkg_c:/home/unique/ros2_ws/ros2_21_tutorials/install/learning_parameter_cpp:/home/unique/ros2_ws/ros2_21_tutorials/install/learning_node_cpp:/home/unique/ros2_ws/ros2_21_tutorials/install/learning_action_cpp:/home/unique/ros2_ws/ros2_21_tutorials/install/learning_interface:/home/unique/ros2_ws/ros2_21_tutorials/install/learning_urdf:/home/unique/ros2_ws/ros2_21_tutorials/install/learning_topic:/home/unique/ros2_ws/ros2_21_tutorials/install/learning_tf:/home/unique/ros2_ws/ros2_21_tutorials/install/learning_service:/home/unique/ros2_ws/ros2_21_tutorials/install/learning_qos:/home/unique/ros2_ws/ros2_21_tutorials/install/learning_pkg_python:/home/unique/ros2_ws/ros2_21_tutorials/install/learning_parameter:/home/unique/ros2_ws/ros2_21_tutorials/install/learning_node:/home/unique/ros2_ws/ros2_21_tutorials/install/learning_launch:/home/unique/ros2_ws/ros2_21_tutorials/install/learning_action:/home/unique/ros2_ws/ros2_21_tutorials/install/learning_gazebo_harmonic:/home/unique/ros2_ws/ros2_21_tutorials/install/learning_gazebo:/home/unique/ros2_ws/ros2_21_tutorials/install/learning_cv:/opt/ros/humble LD_LIBRARY_PATH=/home/unique/ros2_ws/ros_test/install/main_interface/lib:/home/unique/ros2_ws/ros_test/install/test_loopback/lib:/home/unique/ros2_ws/ros_test/install/low_prior/lib:/home/unique/ros2_ws/ros_test/install/high_prior/lib:/home/unique/ros2_ws/ros_test/install/IOringbuffer/lib:/home/unique/ros2_ws/ros_test/install/IOqueue/lib:/home/unique/ros2_ws/install/village_interface/lib:/home/unique/ros2_ws/ros2_21_tutorials/install/learning_interface/lib:/opt/ros/humble/opt/rviz_ogre_vendor/lib:/opt/ros/humble/lib/x86_64-linux-gnu:/opt/ros/humble/lib /usr/bin/cmake --build /home/unique/ros2_ws/ros_test/build/test_loopback -- -j8 -l8
[2.859s] DEBUG:colcon.colcon_core.event_handler.log_command:Invoking command in '/home/unique/ros2_ws/ros_test/build/IOqueue': CMAKE_PREFIX_PATH=/home/unique/ros2_ws/ros_test/install/realtime_common:/home/unique/ros2_ws/ros_test/install/main_interface:/home/unique/ros2_ws/ros_test/install/test_loopback:/home/unique/ros2_ws/ros_test/install/realtime_launch:/home/unique/ros2_ws/ros_test/install/low_prior:/home/unique/ros2_ws/ros_test/install/high_prior:/home/unique/ros2_ws/ros_test/install/IOringbuffer:/home/unique/ros2_ws/ros_test/install/IOqueue:/home/unique/ros2_ws/install/village_wang:/home/unique/ros2_ws/install/village_interface:/home/unique/ros2_ws/install/my_cpp_pkg:/home/unique/ros2_ws/ros2_21_tutorials/install/learning_topic_cpp:/home/unique/ros2_ws/ros2_21_tutorials/install/learning_tf_cpp:/home/unique/ros2_ws/ros2_21_tutorials/install/learning_service_cpp:/home/unique/ros2_ws/ros2_21_tutorials/install/learning_pkg_c:/home/unique/ros2_ws/ros2_21_tutorials/install/learning_parameter_cpp:/home/unique/ros2_ws/ros2_21_tutorials/install/learning_node_cpp:/home/unique/ros2_ws/ros2_21_tutorials/install/learning_action_cpp:/home/unique/ros2_ws/ros2_21_tutorials/install/learning_interface:/home/unique/ros2_ws/ros2_21_tutorials/install/learning_urdf:/home/unique/ros2_ws/ros2_21_tutorials/install/learning_topic:/home/unique/ros2_ws/ros2_21_tutorials/install/learning_tf:/home/unique/ros2_ws/ros2_21_tutorials/install/learning_service:/home/unique/ros2_ws/ros2_21_tutorials/install/learning_qos:/home/unique/ros2_ws/ros2_21_tutorials/install/learning_pkg_python:/home/unique/ros2_ws/ros2_21_tutorials/install/learning_parameter:/home/unique/ros2_ws/ros2_21_tutorials/install/learning_node:/home/unique/ros2_ws/ros2_21_tutorials/install/learning_launch:/home/unique/ros2_ws/ros2_21_tutorials/install/learning_action:/home/unique/ros2_ws/ros2_21_tutorials/install/learning_gazebo_harmonic:/home/unique/ros2_ws/ros2_21_tutorials/install/learning_gazebo:/home/unique/ros2_ws/ros2_21_tutorials/install/learning_cv:/opt/ros/humble LD_LIBRARY_PATH=/home/unique/ros2_ws/ros_test/install/main_interface/lib:/home/unique/ros2_ws/ros_test/install/test_loopback/lib:/home/unique/ros2_ws/ros_test/install/low_prior/lib:/home/unique/ros2_ws/ros_test/install/high_prior/lib:/home/unique/ros2_ws/ros_test/install/IOringbuffer/lib:/home/unique/ros2_ws/ros_test/install/IOqueue/lib:/home/unique/ros2_ws/install/village_interface/lib:/home/unique/ros2_ws/ros2_21_tutorials/install/learning_interface/lib:/opt/ros/humble/opt/rviz_ogre_vendor/lib:/opt/ros/humble/lib/x86_64-linux-gnu:/opt/ros/humble/lib /usr/bin/cmake --build /home/unique/ros2_ws/ros_test/build/IOqueue -- -j8 -l8
[2.865s] DEBUG:colcon.colcon_core.event_handler.log_command:Invoking command in '/home/unique/ros2_ws/ros_test/build/IOringbuffer': CMAKE_PREFIX_PATH=/home/unique/ros2_ws/ros_test/install/realtime_common:/home/unique/ros2_ws/ros_test/install/main_interface:/home/unique/ros2_ws/ros_test/install/test_loopback:/home/unique/ros2_ws/ros_test/install/realtime_launch:/home/unique/ros2_ws/ros_test/install/low_prior:/home/unique/ros2_ws/ros_test/install/high_prior:/home/unique/ros2_ws/ros_test/install/IOringbuffer:/home/unique/ros2_ws/ros_test/install/IOqueue:/home/unique/ros2_ws/install/village_wang:/home/unique/ros2_ws/install/village_interface:/home/unique/ros2_ws/install/my_cpp_pkg:/home/unique/ros2_ws/ros2_21_tutorials/install/learning_topic_cpp:/home/unique/ros2_ws/ros2_21_tutorials/install/learning_tf_cpp:/home/unique/ros2_ws/ros2_21_tutorials/install/learning_service_cpp:/home/unique/ros2_ws/ros2_21_tutorials/install/learning_pkg_c:/home/unique/ros2_ws/ros2_21_tutorials/install/learning_parameter_cpp:/home/unique/ros2_ws/ros2_21_tutorials/install/learning_node_cpp:/home/unique/ros2_ws/ros2_21_tutorials/install/learning_action_cpp:/home/unique/ros2_ws/ros2_21_tutorials/install/learning_interface:/home/unique/ros2_ws/ros2_21_tutorials/install/learning_urdf:/home/unique/ros2_ws/ros2_21_tutorials/install/learning_topic:/home/unique/ros2_ws/ros2_21_tutorials/install/learning_tf:/home/unique/ros2_ws/ros2_21_tutorials/install/learning_service:/home/unique/ros2_ws/ros2_21_tutorials/install/learning_qos:/home/unique/ros2_ws/ros2_21_tutorials/install/learning_pkg_python:/home/unique/ros2_ws/ros2_21_tutorials/install/learning_parameter:/home/unique/ros2_ws/ros2_21_tutorials/install/learning_node:/home/unique/ros2_ws/ros2_21_tutorials/install/learning_launch:/home/unique/ros2_ws/ros2_21_tutorials/install/learning_action:/home/unique/ros2_ws/ros2_21_tutorials/install/learning_gazebo_harmonic:/home/unique/ros2_ws/ros2_21_tutorials/install/learning_gazebo:/home/unique/ros2_ws/ros2_21_tutorials/install/learning_cv:/opt/ros/humble LD_LIBRARY_PATH=/home/unique/ros2_ws/ros_test/install/main_interface/lib:/home/unique/ros2_ws/ros_test/install/test_loopback/lib:/home/unique/ros2_ws/ros_test/install/low_prior/lib:/home/unique/ros2_ws/ros_test/install/high_prior/lib:/home/unique/ros2_ws/ros_test/install/IOringbuffer/lib:/home/unique/ros2_ws/ros_test/install/IOqueue/lib:/home/unique/ros2_ws/install/village_interface/lib:/home/unique/ros2_ws/ros2_21_tutorials/install/learning_interface/lib:/opt/ros/humble/opt/rviz_ogre_vendor/lib:/opt/ros/humble/lib/x86_64-linux-gnu:/opt/ros/humble/lib /usr/bin/cmake --build /home/unique/ros2_ws/ros_test/build/IOringbuffer -- -j8 -l8
[2.958s] DEBUG:colcon.colcon_core.event_handler.log_command:Invoked command in '/home/unique/ros2_ws/ros_test/build/test_loopback' returned '0': CMAKE_PREFIX_PATH=/home/unique/ros2_ws/ros_test/install/main_interface:/home/unique/ros2_ws/ros_test/install/test_loopback:/home/unique/ros2_ws/ros_test/install/realtime_launch:/home/unique/ros2_ws/ros_test/install/low_prior:/home/unique/ros2_ws/ros_test/install/high_prior:/home/unique/ros2_ws/ros_test/install/IOringbuffer:/home/unique/ros2_ws/ros_test/install/IOqueue:/home/unique/ros2_ws/ros_test/install/realtime_common:/home/unique/ros2_ws/install/village_wang:/home/unique/ros2_ws/install/village_interface:/home/unique/ros2_ws/install/my_cpp_pkg:/home/unique/ros2_ws/ros2_21_tutorials/install/learning_topic_cpp:/home/unique/ros2_ws/ros2_21_tutorials/install/learning_tf_cpp:/home/unique/ros2_ws/ros2_21_tutorials/install/learning_service_cpp:/home/unique/ros2_ws/ros2_21_tutorials/install/learning_pkg_c:/home/unique/ros2_ws/ros2_21_tutorials/install/learning_parameter_cpp:/home/unique/ros2_ws/ros2_21_tutorials/install/learning_node_cpp:/home/unique/ros2_ws/ros2_21_tutorials/install/learning_action_cpp:/home/unique/ros2_ws/ros2_21_tutorials/install/learning_interface:/home/unique/ros2_ws/ros2_21_tutorials/install/learning_urdf:/home/unique/ros2_ws/ros2_21_tutorials/install/learning_topic:/home/unique/ros2_ws/ros2_21_tutorials/install/learning_tf:/home/unique/ros2_ws/ros2_21_tutorials/install/learning_service:/home/unique/ros2_ws/ros2_21_tutorials/install/learning_qos:/home/unique/ros2_ws/ros2_21_tutorials/install/learning_pkg_python:/home/unique/ros2_ws/ros2_21_tutorials/install/learning_parameter:/home/unique/ros2_ws/ros2_21_tutorials/install/learning_node:/home/unique/ros2_ws/ros2_21_tutorials/install/learning_launch:/home/unique/ros2_ws/ros2_21_tutorials/install/learning_action:/home/unique/ros2_ws/ros2_21_tutorials/install/learning_gazebo_harmonic:/home/unique/ros2_ws/ros2_21_tutorials/install/learning_gazebo:/home/unique/ros2_ws/ros2_21_tutorials/install/learning_cv:/opt/ros/humble LD_LIBRARY_PATH=/home/unique/ros2_ws/ros_test/install/main_interface/lib:/home/unique/ros2_ws/ros_test/install/test_loopback/lib:/home/unique/ros2_ws/ros_test/install/low_prior/lib:/home/unique/ros2_ws/ros_test/install/high_prior/lib:/home/unique/ros2_ws/ros_test/install/IOringbuffer/lib:/home/unique/ros2_ws/ros_test/install/IOqueue/lib:/home/unique/ros2_ws/install/village_interface/lib:/home/unique/ros2_ws/ros2_21_tutorials/install/learning_interface/lib:/opt/ros/humble/opt/rviz_ogre_vendor/lib:/opt/ros/humble/lib/x86_64-linux-gnu:/opt/ros/humble/lib /usr/bin/cmake --build /home/unique/ros2_ws/ros_test/build/test_loopback -- -j8 -l8
[2.961s] DEBUG:colcon.colcon_core.event_handler.log_command:Invoking command in '/home/unique/ros2_ws/ros_test/build/test_loopback': CMAKE_PREFIX_PATH=/home/unique/ros2_ws/ros_test/install/main_interface:/home/unique/ros2_ws/ros_test/install/test_loopback:/home/unique/ros2_ws/ros_test/install/realtime_launch:/home/unique/ros2_ws/ros_test/install/low_prior:/home/unique/ros2_ws/ros_test/install/high_prior:/home/unique/ros2_ws/ros_test/install/IOringbuffer:/home/unique/ros2_ws/ros_test/install/IOqueue:/home/unique/ros2_ws/ros_test/install/realtime_common:/home/unique/ros2_ws/install/village_wang:/home/unique/ros2_ws/install/village_interface:/home/unique/ros2_ws/install/my_cpp_pkg:/home/unique/ros2_ws/ros2_21_tutorials/install/learning_topic_cpp:/home/unique/ros2_ws/ros2_21_tutorials/install/learning_tf_cpp:/home/unique/ros2_ws/ros2_21_tutorials/install/learning_service_cpp:/home/unique/ros2_ws/ros2_21_tutorials/install/learning_pkg_c:/home/unique/ros2_ws/ros2_21_tutorials/install/learning_parameter_cpp:/home/unique/ros2_ws/ros2_21_tutorials/install/learning_node_cpp:/home/unique/ros2_ws/ros2_21_tutorials/install/learning_action_cpp:/home/unique/ros2_ws/ros2_21_tutorials/install/learning_interface:/home/unique/ros2_ws/ros2_21_tutorials/install/learning_urdf:/home/unique/ros2_ws/ros2_21_tutorials/install/learning_topic:/home/unique/ros2_ws/ros2_21_tutorials/install/learning_tf:/home/unique/ros2_ws/ros2_21_tutorials/install/learning_service:/home/unique/ros2_ws/ros2_21_tutorials/install/learning_qos:/home/unique/ros2_ws/ros2_21_tutorials/install/learning_pkg_python:/home/unique/ros2_ws/ros2_21_tutorials/install/learning_parameter:/home/unique/ros2_ws/ros2_21_tutorials/install/learning_node:/home/unique/ros2_ws/ros2_21_tutorials/install/learning_launch:/home/unique/ros2_ws/ros2_21_tutorials/install/learning_action:/home/unique/ros2_ws/ros2_21_tutorials/install/learning_gazebo_harmonic:/home/unique/ros2_ws/ros2_21_tutorials/install/learning_gazebo:/home/unique/ros2_ws/ros2_21_tutorials/install/learning_cv:/opt/ros/humble LD_LIBRARY_PATH=/home/unique/ros2_ws/ros_test/install/main_interface/lib:/home/unique/ros2_ws/ros_test/install/test_loopback/lib:/home/unique/ros2_ws/ros_test/install/low_prior/lib:/home/unique/ros2_ws/ros_test/install/high_prior/lib:/home/unique/ros2_ws/ros_test/install/IOringbuffer/lib:/home/unique/ros2_ws/ros_test/install/IOqueue/lib:/home/unique/ros2_ws/install/village_interface/lib:/home/unique/ros2_ws/ros2_21_tutorials/install/learning_interface/lib:/opt/ros/humble/opt/rviz_ogre_vendor/lib:/opt/ros/humble/lib/x86_64-linux-gnu:/opt/ros/humble/lib /usr/bin/cmake --install /home/unique/ros2_ws/ros_test/build/test_loopback
[2.984s] Level 1:colcon.colcon_core.environment:create_environment_scripts_only(test_loopback)
[2.985s] Level 1:colcon.colcon_core.environment:checking '/home/unique/ros2_ws/ros_test/install/test_loopback' for CMake module files
[2.992s] DEBUG:colcon.colcon_core.event_handler.log_command:Invoked command in '/home/unique/ros2_ws/ros_test/build/test_loopback' returned '0': CMAKE_PREFIX_PATH=/home/unique/ros2_ws/ros_test/install/main_interface:/home/unique/ros2_ws/ros_test/install/test_loopback:/home/unique/ros2_ws/ros_test/install/realtime_launch:/home/unique/ros2_ws/ros_test/install/low_prior:/home/unique/ros2_ws/ros_test/install/high_prior:/home/unique/ros2_ws/ros_test/install/IOringbuffer:/home/unique/ros2_ws/ros_test/install/IOqueue:/home/unique/ros2_ws/ros_test/install/realtime_common:/home/unique/ros2_ws/install/village_wang:/home/unique/ros2_ws/install/village_interface:/home/unique/ros2_ws/install/my_cpp_pkg:/home/unique/ros2_ws/ros2_21_tutorials/install/learning_topic_cpp:/home/unique/ros2_ws/ros2_21_tutorials/install/learning_tf_cpp:/home/unique/ros2_ws/ros2_21_tutorials/install/learning_service_cpp:/home/unique/ros2_ws/ros2_21_tutorials/install/learning_pkg_c:/home/unique/ros2_ws/ros2_21_tutorials/install/learning_parameter_cpp:/home/unique/ros2_ws/ros2_21_tutorials/install/learning_node_cpp:/home/unique/ros2_ws/ros2_21_tutorials/install/learning_action_cpp:/home/unique/ros2_ws/ros2_21_tutorials/install/learning_interface:/home/unique/ros2_ws/ros2_21_tutorials/install/learning_urdf:/home/unique/ros2_ws/ros2_21_tutorials/install/learning_topic:/home/unique/ros2_ws/ros2_21_tutorials/install/learning_tf:/home/unique/ros2_ws/ros2_21_tutorials/install/learning_service:/home/unique/ros2_ws/ros2_21_tutorials/install/learning_qos:/home/unique/ros2_ws/ros2_21_tutorials/install/learning_pkg_python:/home/unique/ros2_ws/ros2_21_tutorials/install/learning_parameter:/home/unique/ros2_ws/ros2_21_tutorials/install/learning_node:/home/unique/ros2_ws/ros2_21_tutorials/install/learning_launch:/home/unique/ros2_ws/ros2_21_tutorials/install/learning_action:/home/unique/ros2_ws/ros2_21_tutorials/install/learning_gazebo_harmonic:/home/unique/ros2_ws/ros2_21_tutorials/install/learning_gazebo:/home/unique/ros2_ws/ros2_21_tutorials/install/learning_cv:/opt/ros/humble LD_LIBRARY_PATH=/home/unique/ros2_ws/ros_test/install/main_interface/lib:/home/unique/ros2_ws/ros_test/install/test_loopback/lib:/home/unique/ros2_ws/ros_test/install/low_prior/lib:/home/unique/ros2_ws/ros_test/install/high_prior/lib:/home/unique/ros2_ws/ros_test/install/IOringbuffer/lib:/home/unique/ros2_ws/ros_test/install/IOqueue/lib:/home/unique/ros2_ws/install/village_interface/lib:/home/unique/ros2_ws/ros2_21_tutorials/install/learning_interface/lib:/opt/ros/humble/opt/rviz_ogre_vendor/lib:/opt/ros/humble/lib/x86_64-linux-gnu:/opt/ros/humble/lib /usr/bin/cmake --install /home/unique/ros2_ws/ros_test/build/test_loopback
[2.992s] Level 1:colcon.colcon_core.environment:checking '/home/unique/ros2_ws/ros_test/install/test_loopback' for CMake config files
[2.994s] Level 1:colcon.colcon_core.shell:create_environment_hook('test_loopback', 'cmake_prefix_path')
[2.995s] INFO:colcon.colcon_core.shell:Creating environment hook '/home/unique/ros2_ws/ros_test/install/test_loopback/share/test_loopback/hook/cmake_prefix_path.ps1'
[2.996s] INFO:colcon.colcon_core.shell:Creating environment descriptor '/home/unique/ros2_ws/ros_test/install/test_loopback/share/test_loopback/hook/cmake_prefix_path.dsv'
[2.997s] INFO:colcon.colcon_core.shell:Creating environment hook '/home/unique/ros2_ws/ros_test/install/test_loopback/share/test_loopback/hook/cmake_prefix_path.sh'
[2.997s] Level 1:colcon.colcon_core.environment:checking '/home/unique/ros2_ws/ros_test/install/test_loopback/lib'
[2.998s] Level 1:colcon.colcon_core.shell:create_environment_hook('test_loopback', 'ld_library_path_lib')
[2.998s] INFO:colcon.colcon_core.shell:Creating environment hook '/home/unique/ros2_ws/ros_test/install/test_loopback/share/test_loopback/hook/ld_library_path_lib.ps1'
[2.999s] INFO:colcon.colcon_core.shell:Creating environment descriptor '/home/unique/ros2_ws/ros_test/install/test_loopback/share/test_loopback/hook/ld_library_path_lib.dsv'
[2.999s] INFO:colcon.colcon_core.shell:Creating environment hook '/home/unique/ros2_ws/ros_test/install/test_loopback/share/test_loopback/hook/ld_library_path_lib.sh'
[3.000s] Level 1:colcon.colcon_core.environment:checking '/home/unique/ros2_ws/ros_test/install/test_loopback/bin'
[3.000s] Level 1:colcon.colcon_core.environment:checking '/home/unique/ros2_ws/ros_test/install/test_loopback/lib/pkgconfig/test_loopback.pc'
[3.000s] Level 1:colcon.colcon_core.environment:checking '/home/unique/ros2_ws/ros_test/install/test_loopback/lib/python3.10/site-packages'
[3.000s] Level 1:colcon.colcon_core.environment:checking '/home/unique/ros2_ws/ros_test/install/test_loopback/bin'
[3.001s] INFO:colcon.colcon_core.shell:Creating package script '/home/unique/ros2_ws/ros_test/install/test_loopback/share/test_loopback/package.ps1'
[3.002s] INFO:colcon.colcon_core.shell:Creating package descriptor '/home/unique/ros2_ws/ros_test/install/test_loopback/share/test_loopback/package.dsv'
[3.003s] INFO:colcon.colcon_core.shell:Creating package script '/home/unique/ros2_ws/ros_test/install/test_loopback/share/test_loopback/package.sh'
[3.004s] INFO:colcon.colcon_core.shell:Creating package script '/home/unique/ros2_ws/ros_test/install/test_loopback/share/test_loopback/package.bash'
[3.004s] INFO:colcon.colcon_core.shell:Creating package script '/home/unique/ros2_ws/ros_test/install/test_loopback/share/test_loopback/package.zsh'
[3.005s] Level 1:colcon.colcon_core.environment:create_file_with_runtime_dependencies(/home/unique/ros2_ws/ros_test/install/test_loopback/share/colcon-core/packages/test_loopback)
[3.006s] Level 1:colcon.colcon_core.environment:create_environment_scripts_only(test_loopback)
[3.007s] Level 1:colcon.colcon_core.environment:checking '/home/unique/ros2_ws/ros_test/install/test_loopback' for CMake module files
[3.007s] Level 1:colcon.colcon_core.environment:checking '/home/unique/ros2_ws/ros_test/install/test_loopback' for CMake config files
[3.008s] Level 1:colcon.colcon_core.shell:create_environment_hook('test_loopback', 'cmake_prefix_path')
[3.008s] INFO:colcon.colcon_core.shell:Creating environment hook '/home/unique/ros2_ws/ros_test/install/test_loopback/share/test_loopback/hook/cmake_prefix_path.ps1'
[3.009s] INFO:colcon.colcon_core.shell:Creating environment descriptor '/home/unique/ros2_ws/ros_test/install/test_loopback/share/test_loopback/hook/cmake_prefix_path.dsv'
[3.009s] INFO:colcon.colcon_core.shell:Creating environment hook '/home/unique/ros2_ws/ros_test/install/test_loopback/share/test_loopback/hook/cmake_prefix_path.sh'
[3.010s] Level 1:colcon.colcon_core.environment:checking '/home/unique/ros2_ws/ros_test/install/test_loopback/lib'
[3.010s] Level 1:colcon.colcon_core.shell:create_environment_hook('test_loopback', 'ld_library_path_lib')
[3.011s] INFO:colcon.colcon_core.shell:Creating environment hook '/home/unique/ros2_ws/ros_test/install/test_loopback/share/test_loopback/hook/ld_library_path_lib.ps1'
[3.011s] INFO:colcon.colcon_core.shell:Creating environment descriptor '/home/unique/ros2_ws/ros_test/install/test_loopback/share/test_loopback/hook/ld_library_path_lib.dsv'
[3.012s] INFO:colcon.colcon_core.shell:Creating environment hook '/home/unique/ros2_ws/ros_test/install/test_loopback/share/test_loopback/hook/ld_library_path_lib.sh'
[3.013s] Level 1:colcon.colcon_core.environment:checking '/home/unique/ros2_ws/ros_test/install/test_loopback/bin'
[3.013s] Level 1:colcon.colcon_core.environment:checking '/home/unique/ros2_ws/ros_test/install/test_loopback/lib/pkgconfig/test_loopback.pc'
[3.013s] Level 1:colcon.colcon_core.environment:checking '/home/unique/ros2_ws/ros_test/install/test_loopback/lib/python3.10/site-packages'
[3.014s] Level 1:colcon.colcon_core.environment:checking '/home/unique/ros2_ws/ros_test/install/test_loopback/bin'
[3.014s] INFO:colcon.colcon_core.shell:Creating package script '/home/unique/ros2_ws/ros_test/install/test_loopback/share/test_loopback/package.ps1'
[3.016s] INFO:colcon.colcon_core.shell:Creating package descriptor '/home/unique/ros2_ws/ros_test/install/test_loopback/share/test_loopback/package.dsv'
[3.016s] INFO:colcon.colcon_core.shell:Creating package script '/home/unique/ros2_ws/ros_test/install/test_loopback/share/test_loopback/package.sh'
[3.017s] INFO:colcon.colcon_core.shell:Creating package script '/home/unique/ros2_ws/ros_test/install/test_loopback/share/test_loopback/package.bash'
[3.018s] INFO:colcon.colcon_core.shell:Creating package script '/home/unique/ros2_ws/ros_test/install/test_loopback/share/test_loopback/package.zsh'
[3.018s] Level 1:colcon.colcon_core.environment:create_file_with_runtime_dependencies(/home/unique/ros2_ws/ros_test/install/test_loopback/share/colcon-core/packages/test_loopback)
[3.026s] DEBUG:colcon.colcon_core.event_handler.log_command:Invoked command in '/home/unique/ros2_ws/ros_test/build/IOringbuffer' returned '0': CMAKE_PREFIX_PATH=/home/unique/ros2_ws/ros_test/install/realtime_common:/home/unique/ros2_ws/ros_test/install/main_interface:/home/unique/ros2_ws/ros_test/install/test_loopback:/home/unique/ros2_ws/ros_test/install/realtime_launch:/home/unique/ros2_ws/ros_test/install/low_prior:/home/unique/ros2_ws/ros_test/install/high_prior:/home/unique/ros2_ws/ros_test/install/IOringbuffer:/home/unique/ros2_ws/ros_test/install/IOqueue:/home/unique/ros2_ws/install/village_wang:/home/unique/ros2_ws/install/village_interface:/home/unique/ros2_ws/install/my_cpp_pkg:/home/unique/ros2_ws/ros2_21_tutorials/install/learning_topic_cpp:/home/unique/ros2_ws/ros2_21_tutorials/install/learning_tf_cpp:/home/unique/ros2_ws/ros2_21_tutorials/install/learning_service_cpp:/home/unique/ros2_ws/ros2_21_tutorials/install/learning_pkg_c:/home/unique/ros2_ws/ros2_21_tutorials/install/learning_parameter_cpp:/home/unique/ros2_ws/ros2_21_tutorials/install/learning_node_cpp:/home/unique/ros2_ws/ros2_21_tutorials/install/learning_action_cpp:/home/unique/ros2_ws/ros2_21_tutorials/install/learning_interface:/home/unique/ros2_ws/ros2_21_tutorials/install/learning_urdf:/home/unique/ros2_ws/ros2_21_tutorials/install/learning_topic:/home/unique/ros2_ws/ros2_21_tutorials/install/learning_tf:/home/unique/ros2_ws/ros2_21_tutorials/install/learning_service:/home/unique/ros2_ws/ros2_21_tutorials/install/learning_qos:/home/unique/ros2_ws/ros2_21_tutorials/install/learning_pkg_python:/home/unique/ros2_ws/ros2_21_tutorials/install/learning_parameter:/home/unique/ros2_ws/ros2_21_tutorials/install/learning_node:/home/unique/ros2_ws/ros2_21_tutorials/install/learning_launch:/home/unique/ros2_ws/ros2_21_tutorials/install/learning_action:/home/unique/ros2_ws/ros2_21_tutorials/install/learning_gazebo_harmonic:/home/unique/ros2_ws/ros2_21_tutorials/install/learning_gazebo:/home/unique/ros2_ws/ros2_21_tutorials/install/learning_cv:/opt/ros/humble LD_LIBRARY_PATH=/home/unique/ros2_ws/ros_test/install/main_interface/lib:/home/unique/ros2_ws/ros_test/install/test_loopback/lib:/home/unique/ros2_ws/ros_test/install/low_prior/lib:/home/unique/ros2_ws/ros_test/install/high_prior/lib:/home/unique/ros2_ws/ros_test/install/IOringbuffer/lib:/home/unique/ros2_ws/ros_test/install/IOqueue/lib:/home/unique/ros2_ws/install/village_interface/lib:/home/unique/ros2_ws/ros2_21_tutorials/install/learning_interface/lib:/opt/ros/humble/opt/rviz_ogre_vendor/lib:/opt/ros/humble/lib/x86_64-linux-gnu:/opt/ros/humble/lib /usr/bin/cmake --build /home/unique/ros2_ws/ros_test/build/IOringbuffer -- -j8 -l8
[3.027s] DEBUG:colcon.colcon_core.event_handler.log_command:Invoking command in '/home/unique/ros2_ws/ros_test/build/IOringbuffer': CMAKE_PREFIX_PATH=/home/unique/ros2_ws/ros_test/install/realtime_common:/home/unique/ros2_ws/ros_test/install/main_interface:/home/unique/ros2_ws/ros_test/install/test_loopback:/home/unique/ros2_ws/ros_test/install/realtime_launch:/home/unique/ros2_ws/ros_test/install/low_prior:/home/unique/ros2_ws/ros_test/install/high_prior:/home/unique/ros2_ws/ros_test/install/IOringbuffer:/home/unique/ros2_ws/ros_test/install/IOqueue:/home/unique/ros2_ws/install/village_wang:/home/unique/ros2_ws/install/village_interface:/home/unique/ros2_ws/install/my_cpp_pkg:/home/unique/ros2_ws/ros2_21_tutorials/install/learning_topic_cpp:/home/unique/ros2_ws/ros2_21_tutorials/install/learning_tf_cpp:/home/unique/ros2_ws/ros2_21_tutorials/install/learning_service_cpp:/home/unique/ros2_ws/ros2_21_tutorials/install/learning_pkg_c:/home/unique/ros2_ws/ros2_21_tutorials/install/learning_parameter_cpp:/home/unique/ros2_ws/ros2_21_tutorials/install/learning_node_cpp:/home/unique/ros2_ws/ros2_21_tutorials/install/learning_action_cpp:/home/unique/ros2_ws/ros2_21_tutorials/install/learning_interface:/home/unique/ros2_ws/ros2_21_tutorials/install/learning_urdf:/home/unique/ros2_ws/ros2_21_tutorials/install/learning_topic:/home/unique/ros2_ws/ros2_21_tutorials/install/learning_tf:/home/unique/ros2_ws/ros2_21_tutorials/install/learning_service:/home/unique/ros2_ws/ros2_21_tutorials/install/learning_qos:/home/unique/ros2_ws/ros2_21_tutorials/install/learning_pkg_python:/home/unique/ros2_ws/ros2_21_tutorials/install/learning_parameter:/home/unique/ros2_ws/ros2_21_tutorials/install/learning_node:/home/unique/ros2_ws/ros2_21_tutorials/install/learning_launch:/home/unique/ros2_ws/ros2_21_tutorials/install/learning_action:/home/unique/ros2_ws/ros2_21_tutorials/install/learning_gazebo_harmonic:/home/unique/ros2_ws/ros2_21_tutorials/install/learning_gazebo:/home/unique/ros2_ws/ros2_21_tutorials/install/learning_cv:/opt/ros/humble LD_LIBRARY_PATH=/home/unique/ros2_ws/ros_test/install/main_interface/lib:/home/unique/ros2_ws/ros_test/install/test_loopback/lib:/home/unique/ros2_ws/ros_test/install/low_prior/lib:/home/unique/ros2_ws/ros_test/install/high_prior/lib:/home/unique/ros2_ws/ros_test/install/IOringbuffer/lib:/home/unique/ros2_ws/ros_test/install/IOqueue/lib:/home/unique/ros2_ws/install/village_interface/lib:/home/unique/ros2_ws/ros2_21_tutorials/install/learning_interface/lib:/opt/ros/humble/opt/rviz_ogre_vendor/lib:/opt/ros/humble/lib/x86_64-linux-gnu:/opt/ros/humble/lib /usr/bin/cmake --install /home/unique/ros2_ws/ros_test/build/IOringbuffer
[3.048s] Level 1:colcon.colcon_core.environment:create_environment_scripts_only(IOringbuffer)
[3.049s] Level 1:colcon.colcon_core.environment:checking '/home/unique/ros2_ws/ros_test/install/IOringbuffer' for CMake module files
[3.050s] DEBUG:colcon.colcon_core.event_handler.log_command:Invoked command in '/home/unique/ros2_ws/ros_test/build/IOringbuffer' returned '0': CMAKE_PREFIX_PATH=/home/unique/ros2_ws/ros_test/install/realtime_common:/home/unique/ros2_ws/ros_test/install/main_interface:/home/unique/ros2_ws/ros_test/install/test_loopback:/home/unique/ros2_ws/ros_test/install/realtime_launch:/home/unique/ros2_ws/ros_test/install/low_prior:/home/unique/ros2_ws/ros_test/install/high_prior:/home/unique/ros2_ws/ros_test/install/IOringbuffer:/home/unique/ros2_ws/ros_test/install/IOqueue:/home/unique/ros2_ws/install/village_wang:/home/unique/ros2_ws/install/village_interface:/home/unique/ros2_ws/install/my_cpp_pkg:/home/unique/ros2_ws/ros2_21_tutorials/install/learning_topic_cpp:/home/unique/ros2_ws/ros2_21_tutorials/install/learning_tf_cpp:/home/unique/ros2_ws/ros2_21_tutorials/install/learning_service_cpp:/home/unique/ros2_ws/ros2_21_tutorials/install/learning_pkg_c:/home/unique/ros2_ws/ros2_21_tutorials/install/learning_parameter_cpp:/home/unique/ros2_ws/ros2_21_tutorials/install/learning_node_cpp:/home/unique/ros2_ws/ros2_21_tutorials/install/learning_action_cpp:/home/unique/ros2_ws/ros2_21_tutorials/install/learning_interface:/home/unique/ros2_ws/ros2_21_tutorials/install/learning_urdf:/home/unique/ros2_ws/ros2_21_tutorials/install/learning_topic:/home/unique/ros2_ws/ros2_21_tutorials/install/learning_tf:/home/unique/ros2_ws/ros2_21_tutorials/install/learning_service:/home/unique/ros2_ws/ros2_21_tutorials/install/learning_qos:/home/unique/ros2_ws/ros2_21_tutorials/install/learning_pkg_python:/home/unique/ros2_ws/ros2_21_tutorials/install/learning_parameter:/home/unique/ros2_ws/ros2_21_tutorials/install/learning_node:/home/unique/ros2_ws/ros2_21_tutorials/install/learning_launch:/home/unique/ros2_ws/ros2_21_tutorials/install/learning_action:/home/unique/ros2_ws/ros2_21_tutorials/install/learning_gazebo_harmonic:/home/unique/ros2_ws/ros2_21_tutorials/install/learning_gazebo:/home/unique/ros2_ws/ros2_21_tutorials/install/learning_cv:/opt/ros/humble LD_LIBRARY_PATH=/home/unique/ros2_ws/ros_test/install/main_interface/lib:/home/unique/ros2_ws/ros_test/install/test_loopback/lib:/home/unique/ros2_ws/ros_test/install/low_prior/lib:/home/unique/ros2_ws/ros_test/install/high_prior/lib:/home/unique/ros2_ws/ros_test/install/IOringbuffer/lib:/home/unique/ros2_ws/ros_test/install/IOqueue/lib:/home/unique/ros2_ws/install/village_interface/lib:/home/unique/ros2_ws/ros2_21_tutorials/install/learning_interface/lib:/opt/ros/humble/opt/rviz_ogre_vendor/lib:/opt/ros/humble/lib/x86_64-linux-gnu:/opt/ros/humble/lib /usr/bin/cmake --install /home/unique/ros2_ws/ros_test/build/IOringbuffer
[3.051s] Level 1:colcon.colcon_core.environment:checking '/home/unique/ros2_ws/ros_test/install/IOringbuffer' for CMake config files
[3.052s] Level 1:colcon.colcon_core.shell:create_environment_hook('IOringbuffer', 'cmake_prefix_path')
[3.052s] INFO:colcon.colcon_core.shell:Creating environment hook '/home/unique/ros2_ws/ros_test/install/IOringbuffer/share/IOringbuffer/hook/cmake_prefix_path.ps1'
[3.053s] INFO:colcon.colcon_core.shell:Creating environment descriptor '/home/unique/ros2_ws/ros_test/install/IOringbuffer/share/IOringbuffer/hook/cmake_prefix_path.dsv'
[3.054s] INFO:colcon.colcon_core.shell:Creating environment hook '/home/unique/ros2_ws/ros_test/install/IOringbuffer/share/IOringbuffer/hook/cmake_prefix_path.sh'
[3.056s] Level 1:colcon.colcon_core.environment:checking '/home/unique/ros2_ws/ros_test/install/IOringbuffer/lib'
[3.056s] Level 1:colcon.colcon_core.shell:create_environment_hook('IOringbuffer', 'ld_library_path_lib')
[3.056s] INFO:colcon.colcon_core.shell:Creating environment hook '/home/unique/ros2_ws/ros_test/install/IOringbuffer/share/IOringbuffer/hook/ld_library_path_lib.ps1'
[3.057s] INFO:colcon.colcon_core.shell:Creating environment descriptor '/home/unique/ros2_ws/ros_test/install/IOringbuffer/share/IOringbuffer/hook/ld_library_path_lib.dsv'
[3.058s] INFO:colcon.colcon_core.shell:Creating environment hook '/home/unique/ros2_ws/ros_test/install/IOringbuffer/share/IOringbuffer/hook/ld_library_path_lib.sh'
[3.058s] Level 1:colcon.colcon_core.environment:checking '/home/unique/ros2_ws/ros_test/install/IOringbuffer/bin'
[3.059s] Level 1:colcon.colcon_core.environment:checking '/home/unique/ros2_ws/ros_test/install/IOringbuffer/lib/pkgconfig/IOringbuffer.pc'
[3.059s] Level 1:colcon.colcon_core.environment:checking '/home/unique/ros2_ws/ros_test/install/IOringbuffer/lib/python3.10/site-packages'
[3.060s] Level 1:colcon.colcon_core.environment:checking '/home/unique/ros2_ws/ros_test/install/IOringbuffer/bin'
[3.060s] INFO:colcon.colcon_core.shell:Creating package script '/home/unique/ros2_ws/ros_test/install/IOringbuffer/share/IOringbuffer/package.ps1'
[3.062s] INFO:colcon.colcon_core.shell:Creating package descriptor '/home/unique/ros2_ws/ros_test/install/IOringbuffer/share/IOringbuffer/package.dsv'
[3.063s] INFO:colcon.colcon_core.shell:Creating package script '/home/unique/ros2_ws/ros_test/install/IOringbuffer/share/IOringbuffer/package.sh'
[3.064s] INFO:colcon.colcon_core.shell:Creating package script '/home/unique/ros2_ws/ros_test/install/IOringbuffer/share/IOringbuffer/package.bash'
[3.065s] INFO:colcon.colcon_core.shell:Creating package script '/home/unique/ros2_ws/ros_test/install/IOringbuffer/share/IOringbuffer/package.zsh'
[3.065s] Level 1:colcon.colcon_core.environment:create_file_with_runtime_dependencies(/home/unique/ros2_ws/ros_test/install/IOringbuffer/share/colcon-core/packages/IOringbuffer)
[3.067s] Level 1:colcon.colcon_core.environment:create_environment_scripts_only(IOringbuffer)
[3.067s] Level 1:colcon.colcon_core.environment:checking '/home/unique/ros2_ws/ros_test/install/IOringbuffer' for CMake module files
[3.068s] Level 1:colcon.colcon_core.environment:checking '/home/unique/ros2_ws/ros_test/install/IOringbuffer' for CMake config files
[3.068s] Level 1:colcon.colcon_core.shell:create_environment_hook('IOringbuffer', 'cmake_prefix_path')
[3.068s] INFO:colcon.colcon_core.shell:Creating environment hook '/home/unique/ros2_ws/ros_test/install/IOringbuffer/share/IOringbuffer/hook/cmake_prefix_path.ps1'
[3.069s] INFO:colcon.colcon_core.shell:Creating environment descriptor '/home/unique/ros2_ws/ros_test/install/IOringbuffer/share/IOringbuffer/hook/cmake_prefix_path.dsv'
[3.070s] INFO:colcon.colcon_core.shell:Creating environment hook '/home/unique/ros2_ws/ros_test/install/IOringbuffer/share/IOringbuffer/hook/cmake_prefix_path.sh'
[3.071s] Level 1:colcon.colcon_core.environment:checking '/home/unique/ros2_ws/ros_test/install/IOringbuffer/lib'
[3.071s] Level 1:colcon.colcon_core.shell:create_environment_hook('IOringbuffer', 'ld_library_path_lib')
[3.072s] INFO:colcon.colcon_core.shell:Creating environment hook '/home/unique/ros2_ws/ros_test/install/IOringbuffer/share/IOringbuffer/hook/ld_library_path_lib.ps1'
[3.072s] INFO:colcon.colcon_core.shell:Creating environment descriptor '/home/unique/ros2_ws/ros_test/install/IOringbuffer/share/IOringbuffer/hook/ld_library_path_lib.dsv'
[3.073s] INFO:colcon.colcon_core.shell:Creating environment hook '/home/unique/ros2_ws/ros_test/install/IOringbuffer/share/IOringbuffer/hook/ld_library_path_lib.sh'
[3.074s] Level 1:colcon.colcon_core.environment:checking '/home/unique/ros2_ws/ros_test/install/IOringbuffer/bin'
[3.074s] Level 1:colcon.colcon_core.environment:checking '/home/unique/ros2_ws/ros_test/install/IOringbuffer/lib/pkgconfig/IOringbuffer.pc'
[3.075s] Level 1:colcon.colcon_core.environment:checking '/home/unique/ros2_ws/ros_test/install/IOringbuffer/lib/python3.10/site-packages'
[3.075s] Level 1:colcon.colcon_core.environment:checking '/home/unique/ros2_ws/ros_test/install/IOringbuffer/bin'
[3.076s] INFO:colcon.colcon_core.shell:Creating package script '/home/unique/ros2_ws/ros_test/install/IOringbuffer/share/IOringbuffer/package.ps1'
[3.077s] INFO:colcon.colcon_core.shell:Creating package descriptor '/home/unique/ros2_ws/ros_test/install/IOringbuffer/share/IOringbuffer/package.dsv'
[3.078s] INFO:colcon.colcon_core.shell:Creating package script '/home/unique/ros2_ws/ros_test/install/IOringbuffer/share/IOringbuffer/package.sh'
[3.079s] INFO:colcon.colcon_core.shell:Creating package script '/home/unique/ros2_ws/ros_test/install/IOringbuffer/share/IOringbuffer/package.bash'
[3.079s] INFO:colcon.colcon_core.shell:Creating package script '/home/unique/ros2_ws/ros_test/install/IOringbuffer/share/IOringbuffer/package.zsh'
[3.080s] Level 1:colcon.colcon_core.environment:create_file_with_runtime_dependencies(/home/unique/ros2_ws/ros_test/install/IOringbuffer/share/colcon-core/packages/IOringbuffer)
[12.904s] DEBUG:colcon.colcon_core.event_handler.log_command:Invoked command in '/home/unique/ros2_ws/ros_test/build/IOqueue' returned '0': CMAKE_PREFIX_PATH=/home/unique/ros2_ws/ros_test/install/realtime_common:/home/unique/ros2_ws/ros_test/install/main_interface:/home/unique/ros2_ws/ros_test/install/test_loopback:/home/unique/ros2_ws/ros_test/install/realtime_launch:/home/unique/ros2_ws/ros_test/install/low_prior:/home/unique/ros2_ws/ros_test/install/high_prior:/home/unique/ros2_ws/ros_test/install/IOringbuffer:/home/unique/ros2_ws/ros_test/install/IOqueue:/home/unique/ros2_ws/install/village_wang:/home/unique/ros2_ws/install/village_interface:/home/unique/ros2_ws/install/my_cpp_pkg:/home/unique/ros2_ws/ros2_21_tutorials/install/learning_topic_cpp:/home/unique/ros2_ws/ros2_21_tutorials/install/learning_tf_cpp:/home/unique/ros2_ws/ros2_21_tutorials/install/learning_service_cpp:/home/unique/ros2_ws/ros2_21_tutorials/install/learning_pkg_c:/home/unique/ros2_ws/ros2_21_tutorials/install/learning_parameter_cpp:/home/unique/ros2_ws/ros2_21_tutorials/install/learning_node_cpp:/home/unique/ros2_ws/ros2_21_tutorials/install/learning_action_cpp:/home/unique/ros2_ws/ros2_21_tutorials/install/learning_interface:/home/unique/ros2_ws/ros2_21_tutorials/install/learning_urdf:/home/unique/ros2_ws/ros2_21_tutorials/install/learning_topic:/home/unique/ros2_ws/ros2_21_tutorials/install/learning_tf:/home/unique/ros2_ws/ros2_21_tutorials/install/learning_service:/home/unique/ros2_ws/ros2_21_tutorials/install/learning_qos:/home/unique/ros2_ws/ros2_21_tutorials/install/learning_pkg_python:/home/unique/ros2_ws/ros2_21_tutorials/install/learning_parameter:/home/unique/ros2_ws/ros2_21_tutorials/install/learning_node:/home/unique/ros2_ws/ros2_21_tutorials/install/learning_launch:/home/unique/ros2_ws/ros2_21_tutorials/install/learning_action:/home/unique/ros2_ws/ros2_21_tutorials/install/learning_gazebo_harmonic:/home/unique/ros2_ws/ros2_21_tutorials/install/learning_gazebo:/home/unique/ros2_ws/ros2_21_tutorials/install/learning_cv:/opt/ros/humble LD_LIBRARY_PATH=/home/unique/ros2_ws/ros_test/install/main_interface/lib:/home/unique/ros2_ws/ros_test/install/test_loopback/lib:/home/unique/ros2_ws/ros_test/install/low_prior/lib:/home/unique/ros2_ws/ros_test/install/high_prior/lib:/home/unique/ros2_ws/ros_test/install/IOringbuffer/lib:/home/unique/ros2_ws/ros_test/install/IOqueue/lib:/home/unique/ros2_ws/install/village_interface/lib:/home/unique/ros2_ws/ros2_21_tutorials/install/learning_interface/lib:/opt/ros/humble/opt/rviz_ogre_vendor/lib:/opt/ros/humble/lib/x86_64-linux-gnu:/opt/ros/humble/lib /usr/bin/cmake --build /home/unique/ros2_ws/ros_test/build/IOqueue -- -j8 -l8
[12.904s] DEBUG:colcon.colcon_core.event_handler.log_command:Invoking command in '/home/unique/ros2_ws/ros_test/build/IOqueue': CMAKE_PREFIX_PATH=/home/unique/ros2_ws/ros_test/install/realtime_common:/home/unique/ros2_ws/ros_test/install/main_interface:/home/unique/ros2_ws/ros_test/install/test_loopback:/home/unique/ros2_ws/ros_test/install/realtime_launch:/home/unique/ros2_ws/ros_test/install/low_prior:/home/unique/ros2_ws/ros_test/install/high_prior:/home/unique/ros2_ws/ros_test/install/IOringbuffer:/home/unique/ros2_ws/ros_test/install/IOqueue:/home/unique/ros2_ws/install/village_wang:/home/unique/ros2_ws/install/village_interface:/home/unique/ros2_ws/install/my_cpp_pkg:/home/unique/ros2_ws/ros2_21_tutorials/install/learning_topic_cpp:/home/unique/ros2_ws/ros2_21_tutorials/install/learning_tf_cpp:/home/unique/ros2_ws/ros2_21_tutorials/install/learning_service_cpp:/home/unique/ros2_ws/ros2_21_tutorials/install/learning_pkg_c:/home/unique/ros2_ws/ros2_21_tutorials/install/learning_parameter_cpp:/home/unique/ros2_ws/ros2_21_tutorials/install/learning_node_cpp:/home/unique/ros2_ws/ros2_21_tutorials/install/learning_action_cpp:/home/unique/ros2_ws/ros2_21_tutorials/install/learning_interface:/home/unique/ros2_ws/ros2_21_tutorials/install/learning_urdf:/home/unique/ros2_ws/ros2_21_tutorials/install/learning_topic:/home/unique/ros2_ws/ros2_21_tutorials/install/learning_tf:/home/unique/ros2_ws/ros2_21_tutorials/install/learning_service:/home/unique/ros2_ws/ros2_21_tutorials/install/learning_qos:/home/unique/ros2_ws/ros2_21_tutorials/install/learning_pkg_python:/home/unique/ros2_ws/ros2_21_tutorials/install/learning_parameter:/home/unique/ros2_ws/ros2_21_tutorials/install/learning_node:/home/unique/ros2_ws/ros2_21_tutorials/install/learning_launch:/home/unique/ros2_ws/ros2_21_tutorials/install/learning_action:/home/unique/ros2_ws/ros2_21_tutorials/install/learning_gazebo_harmonic:/home/unique/ros2_ws/ros2_21_tutorials/install/learning_gazebo:/home/unique/ros2_ws/ros2_21_tutorials/install/learning_cv:/opt/ros/humble LD_LIBRARY_PATH=/home/unique/ros2_ws/ros_test/install/main_interface/lib:/home/unique/ros2_ws/ros_test/install/test_loopback/lib:/home/unique/ros2_ws/ros_test/install/low_prior/lib:/home/unique/ros2_ws/ros_test/install/high_prior/lib:/home/unique/ros2_ws/ros_test/install/IOringbuffer/lib:/home/unique/ros2_ws/ros_test/install/IOqueue/lib:/home/unique/ros2_ws/install/village_interface/lib:/home/unique/ros2_ws/ros2_21_tutorials/install/learning_interface/lib:/opt/ros/humble/opt/rviz_ogre_vendor/lib:/opt/ros/humble/lib/x86_64-linux-gnu:/opt/ros/humble/lib /usr/bin/cmake --install /home/unique/ros2_ws/ros_test/build/IOqueue
[12.949s] Level 1:colcon.colcon_core.environment:create_environment_scripts_only(IOqueue)
[12.949s] Level 1:colcon.colcon_core.environment:checking '/home/unique/ros2_ws/ros_test/install/IOqueue' for CMake module files
[12.950s] DEBUG:colcon.colcon_core.event_handler.log_command:Invoked command in '/home/unique/ros2_ws/ros_test/build/IOqueue' returned '0': CMAKE_PREFIX_PATH=/home/unique/ros2_ws/ros_test/install/realtime_common:/home/unique/ros2_ws/ros_test/install/main_interface:/home/unique/ros2_ws/ros_test/install/test_loopback:/home/unique/ros2_ws/ros_test/install/realtime_launch:/home/unique/ros2_ws/ros_test/install/low_prior:/home/unique/ros2_ws/ros_test/install/high_prior:/home/unique/ros2_ws/ros_test/install/IOringbuffer:/home/unique/ros2_ws/ros_test/install/IOqueue:/home/unique/ros2_ws/install/village_wang:/home/unique/ros2_ws/install/village_interface:/home/unique/ros2_ws/install/my_cpp_pkg:/home/unique/ros2_ws/ros2_21_tutorials/install/learning_topic_cpp:/home/unique/ros2_ws/ros2_21_tutorials/install/learning_tf_cpp:/home/unique/ros2_ws/ros2_21_tutorials/install/learning_service_cpp:/home/unique/ros2_ws/ros2_21_tutorials/install/learning_pkg_c:/home/unique/ros2_ws/ros2_21_tutorials/install/learning_parameter_cpp:/home/unique/ros2_ws/ros2_21_tutorials/install/learning_node_cpp:/home/unique/ros2_ws/ros2_21_tutorials/install/learning_action_cpp:/home/unique/ros2_ws/ros2_21_tutorials/install/learning_interface:/home/unique/ros2_ws/ros2_21_tutorials/install/learning_urdf:/home/unique/ros2_ws/ros2_21_tutorials/install/learning_topic:/home/unique/ros2_ws/ros2_21_tutorials/install/learning_tf:/home/unique/ros2_ws/ros2_21_tutorials/install/learning_service:/home/unique/ros2_ws/ros2_21_tutorials/install/learning_qos:/home/unique/ros2_ws/ros2_21_tutorials/install/learning_pkg_python:/home/unique/ros2_ws/ros2_21_tutorials/install/learning_parameter:/home/unique/ros2_ws/ros2_21_tutorials/install/learning_node:/home/unique/ros2_ws/ros2_21_tutorials/install/learning_launch:/home/unique/ros2_ws/ros2_21_tutorials/install/learning_action:/home/unique/ros2_ws/ros2_21_tutorials/install/learning_gazebo_harmonic:/home/unique/ros2_ws/ros2_21_tutorials/install/learning_gazebo:/home/unique/ros2_ws/ros2_21_tutorials/install/learning_cv:/opt/ros/humble LD_LIBRARY_PATH=/home/unique/ros2_ws/ros_test/install/main_interface/lib:/home/unique/ros2_ws/ros_test/install/test_loopback/lib:/home/unique/ros2_ws/ros_test/install/low_prior/lib:/home/unique/ros2_ws/ros_test/install/high_prior/lib:/home/unique/ros2_ws/ros_test/install/IOringbuffer/lib:/home/unique/ros2_ws/ros_test/install/IOqueue/lib:/home/unique/ros2_ws/install/village_interface/lib:/home/unique/ros2_ws/ros2_21_tutorials/install/learning_interface/lib:/opt/ros/humble/opt/rviz_ogre_vendor/lib:/opt/ros/humble/lib/x86_64-linux-gnu:/opt/ros/humble/lib /usr/bin/cmake --install /home/unique/ros2_ws/ros_test/build/IOqueue
[12.950s] Level 1:colcon.colcon_core.environment:checking '/home/unique/ros2_ws/ros_test/install/IOqueue' for CMake config files
[12.951s] Level 1:colcon.colcon_core.shell:create_environment_hook('IOqueue', 'cmake_prefix_path')
[12.951s] INFO:colcon.colcon_core.shell:Creating environment hook '/home/unique/ros2_ws/ros_test/install/IOqueue/share/IOqueue/hook/cmake_prefix_path.ps1'
[12.952s] INFO:colcon.colcon_core.shell:Creating environment descriptor '/home/unique/ros2_ws/ros_test/install/IOqueue/share/IOqueue/hook/cmake_prefix_path.dsv'
[12.952s] INFO:colcon.colcon_core.shell:Creating environment hook '/home/unique/ros2_ws/ros_test/install/IOqueue/share/IOqueue/hook/cmake_prefix_path.sh'
[12.953s] Level 1:colcon.colcon_core.environment:checking '/home/unique/ros2_ws/ros_test/install/IOqueue/lib'
[12.953s] Level 1:colcon.colcon_core.shell:create_environment_hook('IOqueue', 'ld_library_path_lib')
[12.953s] INFO:colcon.colcon_core.shell:Creating environment hook '/home/unique/ros2_ws/ros_test/install/IOqueue/share/IOqueue/hook/ld_library_path_lib.ps1'
[12.954s] INFO:colcon.colcon_core.shell:Creating environment descriptor '/home/unique/ros2_ws/ros_test/install/IOqueue/share/IOqueue/hook/ld_library_path_lib.dsv'
[12.954s] INFO:colcon.colcon_core.shell:Creating environment hook '/home/unique/ros2_ws/ros_test/install/IOqueue/share/IOqueue/hook/ld_library_path_lib.sh'
[12.954s] Level 1:colcon.colcon_core.environment:checking '/home/unique/ros2_ws/ros_test/install/IOqueue/bin'
[12.955s] Level 1:colcon.colcon_core.environment:checking '/home/unique/ros2_ws/ros_test/install/IOqueue/lib/pkgconfig/IOqueue.pc'
[12.955s] Level 1:colcon.colcon_core.environment:checking '/home/unique/ros2_ws/ros_test/install/IOqueue/lib/python3.10/site-packages'
[12.955s] Level 1:colcon.colcon_core.environment:checking '/home/unique/ros2_ws/ros_test/install/IOqueue/bin'
[12.955s] INFO:colcon.colcon_core.shell:Creating package script '/home/unique/ros2_ws/ros_test/install/IOqueue/share/IOqueue/package.ps1'
[12.956s] INFO:colcon.colcon_core.shell:Creating package descriptor '/home/unique/ros2_ws/ros_test/install/IOqueue/share/IOqueue/package.dsv'
[12.956s] INFO:colcon.colcon_core.shell:Creating package script '/home/unique/ros2_ws/ros_test/install/IOqueue/share/IOqueue/package.sh'
[12.957s] INFO:colcon.colcon_core.shell:Creating package script '/home/unique/ros2_ws/ros_test/install/IOqueue/share/IOqueue/package.bash'
[12.957s] INFO:colcon.colcon_core.shell:Creating package script '/home/unique/ros2_ws/ros_test/install/IOqueue/share/IOqueue/package.zsh'
[12.957s] Level 1:colcon.colcon_core.environment:create_file_with_runtime_dependencies(/home/unique/ros2_ws/ros_test/install/IOqueue/share/colcon-core/packages/IOqueue)
[12.958s] Level 1:colcon.colcon_core.environment:create_environment_scripts_only(IOqueue)
[12.958s] Level 1:colcon.colcon_core.environment:checking '/home/unique/ros2_ws/ros_test/install/IOqueue' for CMake module files
[12.959s] Level 1:colcon.colcon_core.environment:checking '/home/unique/ros2_ws/ros_test/install/IOqueue' for CMake config files
[12.959s] Level 1:colcon.colcon_core.shell:create_environment_hook('IOqueue', 'cmake_prefix_path')
[12.959s] INFO:colcon.colcon_core.shell:Creating environment hook '/home/unique/ros2_ws/ros_test/install/IOqueue/share/IOqueue/hook/cmake_prefix_path.ps1'
[12.960s] INFO:colcon.colcon_core.shell:Creating environment descriptor '/home/unique/ros2_ws/ros_test/install/IOqueue/share/IOqueue/hook/cmake_prefix_path.dsv'
[12.960s] INFO:colcon.colcon_core.shell:Creating environment hook '/home/unique/ros2_ws/ros_test/install/IOqueue/share/IOqueue/hook/cmake_prefix_path.sh'
[12.961s] Level 1:colcon.colcon_core.environment:checking '/home/unique/ros2_ws/ros_test/install/IOqueue/lib'
[12.961s] Level 1:colcon.colcon_core.shell:create_environment_hook('IOqueue', 'ld_library_path_lib')
[12.961s] INFO:colcon.colcon_core.shell:Creating environment hook '/home/unique/ros2_ws/ros_test/install/IOqueue/share/IOqueue/hook/ld_library_path_lib.ps1'
[12.961s] INFO:colcon.colcon_core.shell:Creating environment descriptor '/home/unique/ros2_ws/ros_test/install/IOqueue/share/IOqueue/hook/ld_library_path_lib.dsv'
[12.962s] INFO:colcon.colcon_core.shell:Creating environment hook '/home/unique/ros2_ws/ros_test/install/IOqueue/share/IOqueue/hook/ld_library_path_lib.sh'
[12.962s] Level 1:colcon.colcon_core.environment:checking '/home/unique/ros2_ws/ros_test/install/IOqueue/bin'
[12.962s] Level 1:colcon.colcon_core.environment:checking '/home/unique/ros2_ws/ros_test/install/IOqueue/lib/pkgconfig/IOqueue.pc'
[12.963s] Level 1:colcon.colcon_core.environment:checking '/home/unique/ros2_ws/ros_test/install/IOqueue/lib/python3.10/site-packages'
[12.963s] Level 1:colcon.colcon_core.environment:checking '/home/unique/ros2_ws/ros_test/install/IOqueue/bin'
[12.963s] INFO:colcon.colcon_core.shell:Creating package script '/home/unique/ros2_ws/ros_test/install/IOqueue/share/IOqueue/package.ps1'
[12.964s] INFO:colcon.colcon_core.shell:Creating package descriptor '/home/unique/ros2_ws/ros_test/install/IOqueue/share/IOqueue/package.dsv'
[12.964s] INFO:colcon.colcon_core.shell:Creating package script '/home/unique/ros2_ws/ros_test/install/IOqueue/share/IOqueue/package.sh'
[12.965s] INFO:colcon.colcon_core.shell:Creating package script '/home/unique/ros2_ws/ros_test/install/IOqueue/share/IOqueue/package.bash'
[12.965s] INFO:colcon.colcon_core.shell:Creating package script '/home/unique/ros2_ws/ros_test/install/IOqueue/share/IOqueue/package.zsh'
[12.966s] Level 1:colcon.colcon_core.environment:create_file_with_runtime_dependencies(/home/unique/ros2_ws/ros_test/install/IOqueue/share/colcon-core/packages/IOqueue)
[12.966s] DEBUG:colcon.colcon_parallel_executor.executor.parallel:closing loop
[12.967s] DEBUG:colcon.colcon_parallel_executor.executor.parallel:loop closed
[12.967s] DEBUG:colcon.colcon_parallel_executor.executor.parallel:run_until_complete finished with '0'
[12.967s] DEBUG:colcon.colcon_core.event_reactor:joining thread
[13.105s] INFO:colcon.colcon_core.plugin_system:Skipping extension 'colcon_notification.desktop_notification.notify_send': Could not find 'notify-send'
[13.106s] INFO:colcon.colcon_core.plugin_system:Skipping extension 'colcon_notification.desktop_notification.terminal_notifier': Not used on non-Darwin systems
[13.106s] INFO:colcon.colcon_core.plugin_system:Skipping extension 'colcon_notification.desktop_notification.win32': Not used on non-Windows systems
[13.106s] INFO:colcon.colcon_notification.desktop_notification:Sending desktop notification using 'notify2'
[13.106s] DEBUG:colcon.colcon_notification.desktop_notification.notify2:Failed to initialize notify2: org.freedesktop.DBus.Error.FileNotFound: Failed to connect to socket /run/user/1000/bus: No such file or directory
[13.106s] DEBUG:colcon.colcon_core.event_reactor:joined thread
[13.107s] INFO:colcon.colcon_core.shell:Creating prefix script '/home/unique/ros2_ws/ros_test/install/local_setup.ps1'
[13.108s] INFO:colcon.colcon_core.shell:Creating prefix util module '/home/unique/ros2_ws/ros_test/install/_local_setup_util_ps1.py'
[13.109s] INFO:colcon.colcon_core.shell:Creating prefix chain script '/home/unique/ros2_ws/ros_test/install/setup.ps1'
[13.112s] INFO:colcon.colcon_core.shell:Creating prefix script '/home/unique/ros2_ws/ros_test/install/local_setup.sh'
[13.112s] INFO:colcon.colcon_core.shell:Creating prefix util module '/home/unique/ros2_ws/ros_test/install/_local_setup_util_sh.py'
[13.113s] INFO:colcon.colcon_core.shell:Creating prefix chain script '/home/unique/ros2_ws/ros_test/install/setup.sh'
[13.116s] INFO:colcon.colcon_core.shell:Creating prefix script '/home/unique/ros2_ws/ros_test/install/local_setup.bash'
[13.116s] INFO:colcon.colcon_core.shell:Creating prefix chain script '/home/unique/ros2_ws/ros_test/install/setup.bash'
[13.118s] INFO:colcon.colcon_core.shell:Creating prefix script '/home/unique/ros2_ws/ros_test/install/local_setup.zsh'
[13.119s] INFO:colcon.colcon_core.shell:Creating prefix chain script '/home/unique/ros2_ws/ros_test/install/setup.zsh'
