[0.346s] DEBUG:colcon:Command line arguments: ['/usr/bin/colcon', 'build']
[0.346s] DEBUG:colcon:Parsed command line arguments: Namespace(log_base=None, log_level=None, verb_name='build', build_base='build', install_base='install', merge_install=False, symlink_install=False, test_result_base=None, continue_on_error=False, executor='parallel', parallel_workers=8, event_handlers=None, ignore_user_meta=False, metas=['./colcon.meta'], base_paths=['.'], packages_ignore=None, packages_ignore_regex=None, paths=None, packages_up_to=None, packages_up_to_regex=None, packages_above=None, packages_above_and_dependencies=None, packages_above_depth=None, packages_select_by_dep=None, packages_skip_by_dep=None, packages_skip_up_to=None, packages_select_build_failed=False, packages_skip_build_finished=False, packages_select_test_failures=False, packages_skip_test_passed=False, packages_select=None, packages_skip=None, packages_select_regex=None, packages_skip_regex=None, packages_start=None, packages_end=None, allow_overriding=[], cmake_args=None, cmake_target=None, cmake_target_skip_unavailable=False, cmake_clean_cache=False, cmake_clean_first=False, cmake_force_configure=False, ament_cmake_args=None, catkin_cmake_args=None, catkin_skip_building_tests=False, verb_parser=<colcon_defaults.argument_parser.defaults.DefaultArgumentsDecorator object at 0x7da1ccfef490>, verb_extension=<colcon_core.verb.build.BuildVerb object at 0x7da1cd1344f0>, main=<bound method BuildVerb.main of <colcon_core.verb.build.BuildVerb object at 0x7da1cd1344f0>>)
[0.532s] Level 1:colcon.colcon_core.package_discovery:discover_packages(colcon_meta) check parameters
[0.533s] Level 1:colcon.colcon_core.package_discovery:discover_packages(recursive) check parameters
[0.533s] Level 1:colcon.colcon_core.package_discovery:discover_packages(ignore) check parameters
[0.533s] Level 1:colcon.colcon_core.package_discovery:discover_packages(path) check parameters
[0.533s] Level 1:colcon.colcon_core.package_discovery:discover_packages(colcon_meta) discover
[0.533s] Level 1:colcon.colcon_core.package_discovery:discover_packages(recursive) discover
[0.533s] INFO:colcon.colcon_core.package_discovery:Crawling recursively for packages in '/home/unique/ros2_ws/ros_test'
[0.533s] Level 1:colcon.colcon_core.package_identification:_identify(.) by extensions ['ignore', 'ignore_ament_install']
[0.533s] Level 1:colcon.colcon_core.package_identification:_identify(.) by extension 'ignore'
[0.533s] Level 1:colcon.colcon_core.package_identification:_identify(.) by extension 'ignore_ament_install'
[0.533s] Level 1:colcon.colcon_core.package_identification:_identify(.) by extensions ['colcon_pkg']
[0.533s] Level 1:colcon.colcon_core.package_identification:_identify(.) by extension 'colcon_pkg'
[0.533s] Level 1:colcon.colcon_core.package_identification:_identify(.) by extensions ['colcon_meta']
[0.533s] Level 1:colcon.colcon_core.package_identification:_identify(.) by extension 'colcon_meta'
[0.533s] Level 1:colcon.colcon_core.package_identification:_identify(.) by extensions ['ros']
[0.533s] Level 1:colcon.colcon_core.package_identification:_identify(.) by extension 'ros'
[0.550s] Level 1:colcon.colcon_core.package_identification:_identify(.) by extensions ['cmake', 'python']
[0.550s] Level 1:colcon.colcon_core.package_identification:_identify(.) by extension 'cmake'
[0.550s] Level 1:colcon.colcon_core.package_identification:_identify(.) by extension 'python'
[0.550s] Level 1:colcon.colcon_core.package_identification:_identify(.) by extensions ['python_setup_py']
[0.550s] Level 1:colcon.colcon_core.package_identification:_identify(.) by extension 'python_setup_py'
[0.550s] Level 1:colcon.colcon_core.package_identification:_identify(build) by extensions ['ignore', 'ignore_ament_install']
[0.550s] Level 1:colcon.colcon_core.package_identification:_identify(build) by extension 'ignore'
[0.550s] Level 1:colcon.colcon_core.package_identification:_identify(build) ignored
[0.550s] Level 1:colcon.colcon_core.package_identification:_identify(install) by extensions ['ignore', 'ignore_ament_install']
[0.550s] Level 1:colcon.colcon_core.package_identification:_identify(install) by extension 'ignore'
[0.550s] Level 1:colcon.colcon_core.package_identification:_identify(install) ignored
[0.550s] Level 1:colcon.colcon_core.package_identification:_identify(log) by extensions ['ignore', 'ignore_ament_install']
[0.551s] Level 1:colcon.colcon_core.package_identification:_identify(log) by extension 'ignore'
[0.551s] Level 1:colcon.colcon_core.package_identification:_identify(log) ignored
[0.551s] Level 1:colcon.colcon_core.package_identification:_identify(src) by extensions ['ignore', 'ignore_ament_install']
[0.551s] Level 1:colcon.colcon_core.package_identification:_identify(src) by extension 'ignore'
[0.551s] Level 1:colcon.colcon_core.package_identification:_identify(src) by extension 'ignore_ament_install'
[0.551s] Level 1:colcon.colcon_core.package_identification:_identify(src) by extensions ['colcon_pkg']
[0.551s] Level 1:colcon.colcon_core.package_identification:_identify(src) by extension 'colcon_pkg'
[0.551s] Level 1:colcon.colcon_core.package_identification:_identify(src) by extensions ['colcon_meta']
[0.551s] Level 1:colcon.colcon_core.package_identification:_identify(src) by extension 'colcon_meta'
[0.551s] Level 1:colcon.colcon_core.package_identification:_identify(src) by extensions ['ros']
[0.551s] Level 1:colcon.colcon_core.package_identification:_identify(src) by extension 'ros'
[0.551s] Level 1:colcon.colcon_core.package_identification:_identify(src) by extensions ['cmake', 'python']
[0.551s] Level 1:colcon.colcon_core.package_identification:_identify(src) by extension 'cmake'
[0.551s] Level 1:colcon.colcon_core.package_identification:_identify(src) by extension 'python'
[0.551s] Level 1:colcon.colcon_core.package_identification:_identify(src) by extensions ['python_setup_py']
[0.551s] Level 1:colcon.colcon_core.package_identification:_identify(src) by extension 'python_setup_py'
[0.551s] Level 1:colcon.colcon_core.package_identification:_identify(src/IOqueue) by extensions ['ignore', 'ignore_ament_install']
[0.551s] Level 1:colcon.colcon_core.package_identification:_identify(src/IOqueue) by extension 'ignore'
[0.551s] Level 1:colcon.colcon_core.package_identification:_identify(src/IOqueue) by extension 'ignore_ament_install'
[0.551s] Level 1:colcon.colcon_core.package_identification:_identify(src/IOqueue) by extensions ['colcon_pkg']
[0.551s] Level 1:colcon.colcon_core.package_identification:_identify(src/IOqueue) by extension 'colcon_pkg'
[0.551s] Level 1:colcon.colcon_core.package_identification:_identify(src/IOqueue) by extensions ['colcon_meta']
[0.551s] Level 1:colcon.colcon_core.package_identification:_identify(src/IOqueue) by extension 'colcon_meta'
[0.551s] Level 1:colcon.colcon_core.package_identification:_identify(src/IOqueue) by extensions ['ros']
[0.551s] Level 1:colcon.colcon_core.package_identification:_identify(src/IOqueue) by extension 'ros'
[0.568s] DEBUG:colcon.colcon_core.package_identification:Package 'src/IOqueue' with type 'ros.ament_cmake' and name 'IOqueue'
[0.568s] Level 1:colcon.colcon_core.package_identification:_identify(src/IOringbuffer) by extensions ['ignore', 'ignore_ament_install']
[0.568s] Level 1:colcon.colcon_core.package_identification:_identify(src/IOringbuffer) by extension 'ignore'
[0.568s] Level 1:colcon.colcon_core.package_identification:_identify(src/IOringbuffer) by extension 'ignore_ament_install'
[0.568s] Level 1:colcon.colcon_core.package_identification:_identify(src/IOringbuffer) by extensions ['colcon_pkg']
[0.568s] Level 1:colcon.colcon_core.package_identification:_identify(src/IOringbuffer) by extension 'colcon_pkg'
[0.568s] Level 1:colcon.colcon_core.package_identification:_identify(src/IOringbuffer) by extensions ['colcon_meta']
[0.568s] Level 1:colcon.colcon_core.package_identification:_identify(src/IOringbuffer) by extension 'colcon_meta'
[0.568s] Level 1:colcon.colcon_core.package_identification:_identify(src/IOringbuffer) by extensions ['ros']
[0.568s] Level 1:colcon.colcon_core.package_identification:_identify(src/IOringbuffer) by extension 'ros'
[0.569s] DEBUG:colcon.colcon_core.package_identification:Package 'src/IOringbuffer' with type 'ros.ament_cmake' and name 'IOringbuffer'
[0.569s] Level 1:colcon.colcon_core.package_identification:_identify(src/main_interface) by extensions ['ignore', 'ignore_ament_install']
[0.569s] Level 1:colcon.colcon_core.package_identification:_identify(src/main_interface) by extension 'ignore'
[0.569s] Level 1:colcon.colcon_core.package_identification:_identify(src/main_interface) by extension 'ignore_ament_install'
[0.569s] Level 1:colcon.colcon_core.package_identification:_identify(src/main_interface) by extensions ['colcon_pkg']
[0.569s] Level 1:colcon.colcon_core.package_identification:_identify(src/main_interface) by extension 'colcon_pkg'
[0.569s] Level 1:colcon.colcon_core.package_identification:_identify(src/main_interface) by extensions ['colcon_meta']
[0.569s] Level 1:colcon.colcon_core.package_identification:_identify(src/main_interface) by extension 'colcon_meta'
[0.569s] Level 1:colcon.colcon_core.package_identification:_identify(src/main_interface) by extensions ['ros']
[0.569s] Level 1:colcon.colcon_core.package_identification:_identify(src/main_interface) by extension 'ros'
[0.570s] DEBUG:colcon.colcon_core.package_identification:Package 'src/main_interface' with type 'ros.ament_cmake' and name 'main_interface'
[0.570s] Level 1:colcon.colcon_core.package_identification:_identify(src/realtime_common) by extensions ['ignore', 'ignore_ament_install']
[0.570s] Level 1:colcon.colcon_core.package_identification:_identify(src/realtime_common) by extension 'ignore'
[0.570s] Level 1:colcon.colcon_core.package_identification:_identify(src/realtime_common) by extension 'ignore_ament_install'
[0.570s] Level 1:colcon.colcon_core.package_identification:_identify(src/realtime_common) by extensions ['colcon_pkg']
[0.570s] Level 1:colcon.colcon_core.package_identification:_identify(src/realtime_common) by extension 'colcon_pkg'
[0.570s] Level 1:colcon.colcon_core.package_identification:_identify(src/realtime_common) by extensions ['colcon_meta']
[0.570s] Level 1:colcon.colcon_core.package_identification:_identify(src/realtime_common) by extension 'colcon_meta'
[0.570s] Level 1:colcon.colcon_core.package_identification:_identify(src/realtime_common) by extensions ['ros']
[0.570s] Level 1:colcon.colcon_core.package_identification:_identify(src/realtime_common) by extension 'ros'
[0.571s] DEBUG:colcon.colcon_core.package_identification:Package 'src/realtime_common' with type 'ros.ament_cmake' and name 'realtime_common'
[0.571s] Level 1:colcon.colcon_core.package_identification:_identify(src/realtime_launch) by extensions ['ignore', 'ignore_ament_install']
[0.571s] Level 1:colcon.colcon_core.package_identification:_identify(src/realtime_launch) by extension 'ignore'
[0.571s] Level 1:colcon.colcon_core.package_identification:_identify(src/realtime_launch) by extension 'ignore_ament_install'
[0.571s] Level 1:colcon.colcon_core.package_identification:_identify(src/realtime_launch) by extensions ['colcon_pkg']
[0.571s] Level 1:colcon.colcon_core.package_identification:_identify(src/realtime_launch) by extension 'colcon_pkg'
[0.571s] Level 1:colcon.colcon_core.package_identification:_identify(src/realtime_launch) by extensions ['colcon_meta']
[0.571s] Level 1:colcon.colcon_core.package_identification:_identify(src/realtime_launch) by extension 'colcon_meta'
[0.572s] Level 1:colcon.colcon_core.package_identification:_identify(src/realtime_launch) by extensions ['ros']
[0.572s] Level 1:colcon.colcon_core.package_identification:_identify(src/realtime_launch) by extension 'ros'
[0.572s] DEBUG:colcon.colcon_core.package_identification:Package 'src/realtime_launch' with type 'ros.ament_cmake' and name 'realtime_launch'
[0.572s] Level 1:colcon.colcon_core.package_identification:_identify(src/test_loopback) by extensions ['ignore', 'ignore_ament_install']
[0.572s] Level 1:colcon.colcon_core.package_identification:_identify(src/test_loopback) by extension 'ignore'
[0.572s] Level 1:colcon.colcon_core.package_identification:_identify(src/test_loopback) by extension 'ignore_ament_install'
[0.572s] Level 1:colcon.colcon_core.package_identification:_identify(src/test_loopback) by extensions ['colcon_pkg']
[0.572s] Level 1:colcon.colcon_core.package_identification:_identify(src/test_loopback) by extension 'colcon_pkg'
[0.572s] Level 1:colcon.colcon_core.package_identification:_identify(src/test_loopback) by extensions ['colcon_meta']
[0.572s] Level 1:colcon.colcon_core.package_identification:_identify(src/test_loopback) by extension 'colcon_meta'
[0.572s] Level 1:colcon.colcon_core.package_identification:_identify(src/test_loopback) by extensions ['ros']
[0.572s] Level 1:colcon.colcon_core.package_identification:_identify(src/test_loopback) by extension 'ros'
[0.573s] DEBUG:colcon.colcon_core.package_identification:Package 'src/test_loopback' with type 'ros.ament_cmake' and name 'test_loopback'
[0.573s] Level 1:colcon.colcon_core.package_discovery:discover_packages(recursive) using defaults
[0.573s] Level 1:colcon.colcon_core.package_discovery:discover_packages(ignore) discover
[0.573s] Level 1:colcon.colcon_core.package_discovery:discover_packages(ignore) using defaults
[0.573s] Level 1:colcon.colcon_core.package_discovery:discover_packages(path) discover
[0.573s] Level 1:colcon.colcon_core.package_discovery:discover_packages(path) using defaults
[0.601s] Level 1:colcon.colcon_core.package_discovery:discover_packages(prefix_path) check parameters
[0.601s] Level 1:colcon.colcon_core.package_discovery:discover_packages(prefix_path) discover
[0.604s] DEBUG:colcon.colcon_installed_package_information.package_discovery:Found 8 installed packages in /home/unique/ros2_ws/ros_test/install
[0.605s] DEBUG:colcon.colcon_installed_package_information.package_discovery:Found 3 installed packages in /home/unique/ros2_ws/install
[0.606s] DEBUG:colcon.colcon_installed_package_information.package_discovery:Found 21 installed packages in /home/unique/ros2_ws/ros2_21_tutorials/install
[0.608s] DEBUG:colcon.colcon_installed_package_information.package_discovery:Found 275 installed packages in /opt/ros/humble
[0.609s] Level 1:colcon.colcon_core.package_discovery:discover_packages(prefix_path) using defaults
[0.652s] WARNING:colcon.colcon_core.package_selection:Some selected packages are already built in one or more underlay workspaces:
	'realtime_common' is in: /home/unique/ros2_ws/ros_test/install/realtime_common
If a package in a merged underlay workspace is overridden and it installs headers, then all packages in the overlay must sort their include directories by workspace order. Failure to do so may result in build failures or undefined behavior at run time.
If the overridden package is used by another package in any underlay, then the overriding package in the overlay must be API and ABI compatible or undefined behavior at run time may occur.

If you understand the risks and want to override a package anyways, add the following to the command line:
	--allow-overriding realtime_common

This may be promoted to an error in a future release of colcon-override-check.
[0.653s] Level 5:colcon.colcon_core.verb:set package 'main_interface' build argument 'cmake_args' from command line to 'None'
[0.653s] Level 5:colcon.colcon_core.verb:set package 'main_interface' build argument 'cmake_target' from command line to 'None'
[0.653s] Level 5:colcon.colcon_core.verb:set package 'main_interface' build argument 'cmake_target_skip_unavailable' from command line to 'False'
[0.654s] Level 5:colcon.colcon_core.verb:set package 'main_interface' build argument 'cmake_clean_cache' from command line to 'False'
[0.654s] Level 5:colcon.colcon_core.verb:set package 'main_interface' build argument 'cmake_clean_first' from command line to 'False'
[0.654s] Level 5:colcon.colcon_core.verb:set package 'main_interface' build argument 'cmake_force_configure' from command line to 'False'
[0.654s] Level 5:colcon.colcon_core.verb:set package 'main_interface' build argument 'ament_cmake_args' from command line to 'None'
[0.654s] Level 5:colcon.colcon_core.verb:set package 'main_interface' build argument 'catkin_cmake_args' from command line to 'None'
[0.654s] Level 5:colcon.colcon_core.verb:set package 'main_interface' build argument 'catkin_skip_building_tests' from command line to 'False'
[0.654s] DEBUG:colcon.colcon_core.verb:Building package 'main_interface' with the following arguments: {'ament_cmake_args': None, 'build_base': '/home/unique/ros2_ws/ros_test/build/main_interface', 'catkin_cmake_args': None, 'catkin_skip_building_tests': False, 'cmake_args': None, 'cmake_clean_cache': False, 'cmake_clean_first': False, 'cmake_force_configure': False, 'cmake_target': None, 'cmake_target_skip_unavailable': False, 'install_base': '/home/unique/ros2_ws/ros_test/install/main_interface', 'merge_install': False, 'path': '/home/unique/ros2_ws/ros_test/src/main_interface', 'symlink_install': False, 'test_result_base': None}
[0.654s] Level 5:colcon.colcon_core.verb:set package 'realtime_common' build argument 'cmake_args' from command line to 'None'
[0.654s] Level 5:colcon.colcon_core.verb:set package 'realtime_common' build argument 'cmake_target' from command line to 'None'
[0.654s] Level 5:colcon.colcon_core.verb:set package 'realtime_common' build argument 'cmake_target_skip_unavailable' from command line to 'False'
[0.654s] Level 5:colcon.colcon_core.verb:set package 'realtime_common' build argument 'cmake_clean_cache' from command line to 'False'
[0.654s] Level 5:colcon.colcon_core.verb:set package 'realtime_common' build argument 'cmake_clean_first' from command line to 'False'
[0.654s] Level 5:colcon.colcon_core.verb:set package 'realtime_common' build argument 'cmake_force_configure' from command line to 'False'
[0.654s] Level 5:colcon.colcon_core.verb:set package 'realtime_common' build argument 'ament_cmake_args' from command line to 'None'
[0.654s] Level 5:colcon.colcon_core.verb:set package 'realtime_common' build argument 'catkin_cmake_args' from command line to 'None'
[0.654s] Level 5:colcon.colcon_core.verb:set package 'realtime_common' build argument 'catkin_skip_building_tests' from command line to 'False'
[0.654s] DEBUG:colcon.colcon_core.verb:Building package 'realtime_common' with the following arguments: {'ament_cmake_args': None, 'build_base': '/home/unique/ros2_ws/ros_test/build/realtime_common', 'catkin_cmake_args': None, 'catkin_skip_building_tests': False, 'cmake_args': None, 'cmake_clean_cache': False, 'cmake_clean_first': False, 'cmake_force_configure': False, 'cmake_target': None, 'cmake_target_skip_unavailable': False, 'install_base': '/home/unique/ros2_ws/ros_test/install/realtime_common', 'merge_install': False, 'path': '/home/unique/ros2_ws/ros_test/src/realtime_common', 'symlink_install': False, 'test_result_base': None}
[0.654s] Level 5:colcon.colcon_core.verb:set package 'realtime_launch' build argument 'cmake_args' from command line to 'None'
[0.655s] Level 5:colcon.colcon_core.verb:set package 'realtime_launch' build argument 'cmake_target' from command line to 'None'
[0.655s] Level 5:colcon.colcon_core.verb:set package 'realtime_launch' build argument 'cmake_target_skip_unavailable' from command line to 'False'
[0.655s] Level 5:colcon.colcon_core.verb:set package 'realtime_launch' build argument 'cmake_clean_cache' from command line to 'False'
[0.655s] Level 5:colcon.colcon_core.verb:set package 'realtime_launch' build argument 'cmake_clean_first' from command line to 'False'
[0.655s] Level 5:colcon.colcon_core.verb:set package 'realtime_launch' build argument 'cmake_force_configure' from command line to 'False'
[0.655s] Level 5:colcon.colcon_core.verb:set package 'realtime_launch' build argument 'ament_cmake_args' from command line to 'None'
[0.655s] Level 5:colcon.colcon_core.verb:set package 'realtime_launch' build argument 'catkin_cmake_args' from command line to 'None'
[0.655s] Level 5:colcon.colcon_core.verb:set package 'realtime_launch' build argument 'catkin_skip_building_tests' from command line to 'False'
[0.655s] DEBUG:colcon.colcon_core.verb:Building package 'realtime_launch' with the following arguments: {'ament_cmake_args': None, 'build_base': '/home/unique/ros2_ws/ros_test/build/realtime_launch', 'catkin_cmake_args': None, 'catkin_skip_building_tests': False, 'cmake_args': None, 'cmake_clean_cache': False, 'cmake_clean_first': False, 'cmake_force_configure': False, 'cmake_target': None, 'cmake_target_skip_unavailable': False, 'install_base': '/home/unique/ros2_ws/ros_test/install/realtime_launch', 'merge_install': False, 'path': '/home/unique/ros2_ws/ros_test/src/realtime_launch', 'symlink_install': False, 'test_result_base': None}
[0.655s] Level 5:colcon.colcon_core.verb:set package 'IOqueue' build argument 'cmake_args' from command line to 'None'
[0.655s] Level 5:colcon.colcon_core.verb:set package 'IOqueue' build argument 'cmake_target' from command line to 'None'
[0.655s] Level 5:colcon.colcon_core.verb:set package 'IOqueue' build argument 'cmake_target_skip_unavailable' from command line to 'False'
[0.655s] Level 5:colcon.colcon_core.verb:set package 'IOqueue' build argument 'cmake_clean_cache' from command line to 'False'
[0.655s] Level 5:colcon.colcon_core.verb:set package 'IOqueue' build argument 'cmake_clean_first' from command line to 'False'
[0.655s] Level 5:colcon.colcon_core.verb:set package 'IOqueue' build argument 'cmake_force_configure' from command line to 'False'
[0.655s] Level 5:colcon.colcon_core.verb:set package 'IOqueue' build argument 'ament_cmake_args' from command line to 'None'
[0.655s] Level 5:colcon.colcon_core.verb:set package 'IOqueue' build argument 'catkin_cmake_args' from command line to 'None'
[0.655s] Level 5:colcon.colcon_core.verb:set package 'IOqueue' build argument 'catkin_skip_building_tests' from command line to 'False'
[0.655s] DEBUG:colcon.colcon_core.verb:Building package 'IOqueue' with the following arguments: {'ament_cmake_args': None, 'build_base': '/home/unique/ros2_ws/ros_test/build/IOqueue', 'catkin_cmake_args': None, 'catkin_skip_building_tests': False, 'cmake_args': None, 'cmake_clean_cache': False, 'cmake_clean_first': False, 'cmake_force_configure': False, 'cmake_target': None, 'cmake_target_skip_unavailable': False, 'install_base': '/home/unique/ros2_ws/ros_test/install/IOqueue', 'merge_install': False, 'path': '/home/unique/ros2_ws/ros_test/src/IOqueue', 'symlink_install': False, 'test_result_base': None}
[0.655s] Level 5:colcon.colcon_core.verb:set package 'IOringbuffer' build argument 'cmake_args' from command line to 'None'
[0.655s] Level 5:colcon.colcon_core.verb:set package 'IOringbuffer' build argument 'cmake_target' from command line to 'None'
[0.655s] Level 5:colcon.colcon_core.verb:set package 'IOringbuffer' build argument 'cmake_target_skip_unavailable' from command line to 'False'
[0.655s] Level 5:colcon.colcon_core.verb:set package 'IOringbuffer' build argument 'cmake_clean_cache' from command line to 'False'
[0.656s] Level 5:colcon.colcon_core.verb:set package 'IOringbuffer' build argument 'cmake_clean_first' from command line to 'False'
[0.656s] Level 5:colcon.colcon_core.verb:set package 'IOringbuffer' build argument 'cmake_force_configure' from command line to 'False'
[0.656s] Level 5:colcon.colcon_core.verb:set package 'IOringbuffer' build argument 'ament_cmake_args' from command line to 'None'
[0.656s] Level 5:colcon.colcon_core.verb:set package 'IOringbuffer' build argument 'catkin_cmake_args' from command line to 'None'
[0.656s] Level 5:colcon.colcon_core.verb:set package 'IOringbuffer' build argument 'catkin_skip_building_tests' from command line to 'False'
[0.656s] DEBUG:colcon.colcon_core.verb:Building package 'IOringbuffer' with the following arguments: {'ament_cmake_args': None, 'build_base': '/home/unique/ros2_ws/ros_test/build/IOringbuffer', 'catkin_cmake_args': None, 'catkin_skip_building_tests': False, 'cmake_args': None, 'cmake_clean_cache': False, 'cmake_clean_first': False, 'cmake_force_configure': False, 'cmake_target': None, 'cmake_target_skip_unavailable': False, 'install_base': '/home/unique/ros2_ws/ros_test/install/IOringbuffer', 'merge_install': False, 'path': '/home/unique/ros2_ws/ros_test/src/IOringbuffer', 'symlink_install': False, 'test_result_base': None}
[0.656s] Level 5:colcon.colcon_core.verb:set package 'test_loopback' build argument 'cmake_args' from command line to 'None'
[0.656s] Level 5:colcon.colcon_core.verb:set package 'test_loopback' build argument 'cmake_target' from command line to 'None'
[0.656s] Level 5:colcon.colcon_core.verb:set package 'test_loopback' build argument 'cmake_target_skip_unavailable' from command line to 'False'
[0.656s] Level 5:colcon.colcon_core.verb:set package 'test_loopback' build argument 'cmake_clean_cache' from command line to 'False'
[0.656s] Level 5:colcon.colcon_core.verb:set package 'test_loopback' build argument 'cmake_clean_first' from command line to 'False'
[0.656s] Level 5:colcon.colcon_core.verb:set package 'test_loopback' build argument 'cmake_force_configure' from command line to 'False'
[0.656s] Level 5:colcon.colcon_core.verb:set package 'test_loopback' build argument 'ament_cmake_args' from command line to 'None'
[0.656s] Level 5:colcon.colcon_core.verb:set package 'test_loopback' build argument 'catkin_cmake_args' from command line to 'None'
[0.656s] Level 5:colcon.colcon_core.verb:set package 'test_loopback' build argument 'catkin_skip_building_tests' from command line to 'False'
[0.656s] DEBUG:colcon.colcon_core.verb:Building package 'test_loopback' with the following arguments: {'ament_cmake_args': None, 'build_base': '/home/unique/ros2_ws/ros_test/build/test_loopback', 'catkin_cmake_args': None, 'catkin_skip_building_tests': False, 'cmake_args': None, 'cmake_clean_cache': False, 'cmake_clean_first': False, 'cmake_force_configure': False, 'cmake_target': None, 'cmake_target_skip_unavailable': False, 'install_base': '/home/unique/ros2_ws/ros_test/install/test_loopback', 'merge_install': False, 'path': '/home/unique/ros2_ws/ros_test/src/test_loopback', 'symlink_install': False, 'test_result_base': None}
[0.656s] INFO:colcon.colcon_core.executor:Executing jobs using 'parallel' executor
[0.658s] DEBUG:colcon.colcon_parallel_executor.executor.parallel:run_until_complete
[0.658s] INFO:colcon.colcon_ros.task.ament_cmake.build:Building ROS package in '/home/unique/ros2_ws/ros_test/src/main_interface' with build type 'ament_cmake'
[0.659s] INFO:colcon.colcon_cmake.task.cmake.build:Building CMake package in '/home/unique/ros2_ws/ros_test/src/main_interface'
[0.662s] INFO:colcon.colcon_core.plugin_system:Skipping extension 'colcon_core.shell.bat': Not used on non-Windows systems
[0.662s] INFO:colcon.colcon_core.shell:Skip shell extension 'powershell' for command environment: Not usable outside of PowerShell
[0.662s] DEBUG:colcon.colcon_core.shell:Skip shell extension 'dsv' for command environment
[0.669s] INFO:colcon.colcon_ros.task.ament_cmake.build:Building ROS package in '/home/unique/ros2_ws/ros_test/src/realtime_common' with build type 'ament_cmake'
[0.669s] INFO:colcon.colcon_cmake.task.cmake.build:Building CMake package in '/home/unique/ros2_ws/ros_test/src/realtime_common'
[0.669s] INFO:colcon.colcon_core.shell:Skip shell extension 'powershell' for command environment: Not usable outside of PowerShell
[0.670s] DEBUG:colcon.colcon_core.shell:Skip shell extension 'dsv' for command environment
[0.677s] INFO:colcon.colcon_ros.task.ament_cmake.build:Building ROS package in '/home/unique/ros2_ws/ros_test/src/realtime_launch' with build type 'ament_cmake'
[0.677s] INFO:colcon.colcon_cmake.task.cmake.build:Building CMake package in '/home/unique/ros2_ws/ros_test/src/realtime_launch'
[0.677s] INFO:colcon.colcon_core.shell:Skip shell extension 'powershell' for command environment: Not usable outside of PowerShell
[0.677s] DEBUG:colcon.colcon_core.shell:Skip shell extension 'dsv' for command environment
[0.692s] DEBUG:colcon.colcon_core.event_handler.log_command:Invoking command in '/home/unique/ros2_ws/ros_test/build/main_interface': CMAKE_PREFIX_PATH=${CMAKE_PREFIX_PATH}:/home/unique/ros2_ws/ros2_21_tutorials/install/learning_urdf:/home/unique/ros2_ws/ros2_21_tutorials/install/learning_topic:/home/unique/ros2_ws/ros2_21_tutorials/install/learning_tf:/home/unique/ros2_ws/ros2_21_tutorials/install/learning_service:/home/unique/ros2_ws/ros2_21_tutorials/install/learning_qos:/home/unique/ros2_ws/ros2_21_tutorials/install/learning_pkg_python:/home/unique/ros2_ws/ros2_21_tutorials/install/learning_parameter:/home/unique/ros2_ws/ros2_21_tutorials/install/learning_node:/home/unique/ros2_ws/ros2_21_tutorials/install/learning_launch:/home/unique/ros2_ws/ros2_21_tutorials/install/learning_action:/home/unique/ros2_ws/ros2_21_tutorials/install/learning_gazebo_harmonic:/home/unique/ros2_ws/ros2_21_tutorials/install/learning_gazebo:/home/unique/ros2_ws/ros2_21_tutorials/install/learning_cv:/opt/ros/humble /usr/bin/cmake --build /home/unique/ros2_ws/ros_test/build/main_interface -- -j8 -l8
[0.702s] DEBUG:colcon.colcon_core.event_handler.log_command:Invoking command in '/home/unique/ros2_ws/ros_test/build/realtime_common': CMAKE_PREFIX_PATH=${CMAKE_PREFIX_PATH}:/home/unique/ros2_ws/ros2_21_tutorials/install/learning_urdf:/home/unique/ros2_ws/ros2_21_tutorials/install/learning_topic:/home/unique/ros2_ws/ros2_21_tutorials/install/learning_tf:/home/unique/ros2_ws/ros2_21_tutorials/install/learning_service:/home/unique/ros2_ws/ros2_21_tutorials/install/learning_qos:/home/unique/ros2_ws/ros2_21_tutorials/install/learning_pkg_python:/home/unique/ros2_ws/ros2_21_tutorials/install/learning_parameter:/home/unique/ros2_ws/ros2_21_tutorials/install/learning_node:/home/unique/ros2_ws/ros2_21_tutorials/install/learning_launch:/home/unique/ros2_ws/ros2_21_tutorials/install/learning_action:/home/unique/ros2_ws/ros2_21_tutorials/install/learning_gazebo_harmonic:/home/unique/ros2_ws/ros2_21_tutorials/install/learning_gazebo:/home/unique/ros2_ws/ros2_21_tutorials/install/learning_cv:/opt/ros/humble /usr/bin/cmake --build /home/unique/ros2_ws/ros_test/build/realtime_common -- -j8 -l8
[0.708s] DEBUG:colcon.colcon_core.event_handler.log_command:Invoking command in '/home/unique/ros2_ws/ros_test/build/realtime_launch': CMAKE_PREFIX_PATH=${CMAKE_PREFIX_PATH}:/home/unique/ros2_ws/ros2_21_tutorials/install/learning_urdf:/home/unique/ros2_ws/ros2_21_tutorials/install/learning_topic:/home/unique/ros2_ws/ros2_21_tutorials/install/learning_tf:/home/unique/ros2_ws/ros2_21_tutorials/install/learning_service:/home/unique/ros2_ws/ros2_21_tutorials/install/learning_qos:/home/unique/ros2_ws/ros2_21_tutorials/install/learning_pkg_python:/home/unique/ros2_ws/ros2_21_tutorials/install/learning_parameter:/home/unique/ros2_ws/ros2_21_tutorials/install/learning_node:/home/unique/ros2_ws/ros2_21_tutorials/install/learning_launch:/home/unique/ros2_ws/ros2_21_tutorials/install/learning_action:/home/unique/ros2_ws/ros2_21_tutorials/install/learning_gazebo_harmonic:/home/unique/ros2_ws/ros2_21_tutorials/install/learning_gazebo:/home/unique/ros2_ws/ros2_21_tutorials/install/learning_cv:/opt/ros/humble /usr/bin/cmake --build /home/unique/ros2_ws/ros_test/build/realtime_launch -- -j8 -l8
[0.791s] DEBUG:colcon.colcon_core.event_handler.log_command:Invoked command in '/home/unique/ros2_ws/ros_test/build/realtime_common' returned '0': CMAKE_PREFIX_PATH=${CMAKE_PREFIX_PATH}:/home/unique/ros2_ws/ros2_21_tutorials/install/learning_urdf:/home/unique/ros2_ws/ros2_21_tutorials/install/learning_topic:/home/unique/ros2_ws/ros2_21_tutorials/install/learning_tf:/home/unique/ros2_ws/ros2_21_tutorials/install/learning_service:/home/unique/ros2_ws/ros2_21_tutorials/install/learning_qos:/home/unique/ros2_ws/ros2_21_tutorials/install/learning_pkg_python:/home/unique/ros2_ws/ros2_21_tutorials/install/learning_parameter:/home/unique/ros2_ws/ros2_21_tutorials/install/learning_node:/home/unique/ros2_ws/ros2_21_tutorials/install/learning_launch:/home/unique/ros2_ws/ros2_21_tutorials/install/learning_action:/home/unique/ros2_ws/ros2_21_tutorials/install/learning_gazebo_harmonic:/home/unique/ros2_ws/ros2_21_tutorials/install/learning_gazebo:/home/unique/ros2_ws/ros2_21_tutorials/install/learning_cv:/opt/ros/humble /usr/bin/cmake --build /home/unique/ros2_ws/ros_test/build/realtime_common -- -j8 -l8
[0.810s] DEBUG:colcon.colcon_core.event_handler.log_command:Invoking command in '/home/unique/ros2_ws/ros_test/build/realtime_common': CMAKE_PREFIX_PATH=${CMAKE_PREFIX_PATH}:/home/unique/ros2_ws/ros2_21_tutorials/install/learning_urdf:/home/unique/ros2_ws/ros2_21_tutorials/install/learning_topic:/home/unique/ros2_ws/ros2_21_tutorials/install/learning_tf:/home/unique/ros2_ws/ros2_21_tutorials/install/learning_service:/home/unique/ros2_ws/ros2_21_tutorials/install/learning_qos:/home/unique/ros2_ws/ros2_21_tutorials/install/learning_pkg_python:/home/unique/ros2_ws/ros2_21_tutorials/install/learning_parameter:/home/unique/ros2_ws/ros2_21_tutorials/install/learning_node:/home/unique/ros2_ws/ros2_21_tutorials/install/learning_launch:/home/unique/ros2_ws/ros2_21_tutorials/install/learning_action:/home/unique/ros2_ws/ros2_21_tutorials/install/learning_gazebo_harmonic:/home/unique/ros2_ws/ros2_21_tutorials/install/learning_gazebo:/home/unique/ros2_ws/ros2_21_tutorials/install/learning_cv:/opt/ros/humble /usr/bin/cmake --install /home/unique/ros2_ws/ros_test/build/realtime_common
[0.818s] DEBUG:colcon.colcon_core.event_handler.log_command:Invoked command in '/home/unique/ros2_ws/ros_test/build/realtime_launch' returned '0': CMAKE_PREFIX_PATH=${CMAKE_PREFIX_PATH}:/home/unique/ros2_ws/ros2_21_tutorials/install/learning_urdf:/home/unique/ros2_ws/ros2_21_tutorials/install/learning_topic:/home/unique/ros2_ws/ros2_21_tutorials/install/learning_tf:/home/unique/ros2_ws/ros2_21_tutorials/install/learning_service:/home/unique/ros2_ws/ros2_21_tutorials/install/learning_qos:/home/unique/ros2_ws/ros2_21_tutorials/install/learning_pkg_python:/home/unique/ros2_ws/ros2_21_tutorials/install/learning_parameter:/home/unique/ros2_ws/ros2_21_tutorials/install/learning_node:/home/unique/ros2_ws/ros2_21_tutorials/install/learning_launch:/home/unique/ros2_ws/ros2_21_tutorials/install/learning_action:/home/unique/ros2_ws/ros2_21_tutorials/install/learning_gazebo_harmonic:/home/unique/ros2_ws/ros2_21_tutorials/install/learning_gazebo:/home/unique/ros2_ws/ros2_21_tutorials/install/learning_cv:/opt/ros/humble /usr/bin/cmake --build /home/unique/ros2_ws/ros_test/build/realtime_launch -- -j8 -l8
[0.819s] DEBUG:colcon.colcon_core.event_handler.log_command:Invoking command in '/home/unique/ros2_ws/ros_test/build/realtime_launch': CMAKE_PREFIX_PATH=${CMAKE_PREFIX_PATH}:/home/unique/ros2_ws/ros2_21_tutorials/install/learning_urdf:/home/unique/ros2_ws/ros2_21_tutorials/install/learning_topic:/home/unique/ros2_ws/ros2_21_tutorials/install/learning_tf:/home/unique/ros2_ws/ros2_21_tutorials/install/learning_service:/home/unique/ros2_ws/ros2_21_tutorials/install/learning_qos:/home/unique/ros2_ws/ros2_21_tutorials/install/learning_pkg_python:/home/unique/ros2_ws/ros2_21_tutorials/install/learning_parameter:/home/unique/ros2_ws/ros2_21_tutorials/install/learning_node:/home/unique/ros2_ws/ros2_21_tutorials/install/learning_launch:/home/unique/ros2_ws/ros2_21_tutorials/install/learning_action:/home/unique/ros2_ws/ros2_21_tutorials/install/learning_gazebo_harmonic:/home/unique/ros2_ws/ros2_21_tutorials/install/learning_gazebo:/home/unique/ros2_ws/ros2_21_tutorials/install/learning_cv:/opt/ros/humble /usr/bin/cmake --install /home/unique/ros2_ws/ros_test/build/realtime_launch
[0.837s] Level 1:colcon.colcon_core.environment:create_environment_scripts_only(realtime_launch)
[0.840s] Level 1:colcon.colcon_core.environment:checking '/home/unique/ros2_ws/ros_test/install/realtime_launch' for CMake module files
[0.841s] Level 1:colcon.colcon_core.environment:checking '/home/unique/ros2_ws/ros_test/install/realtime_launch' for CMake config files
[0.841s] Level 1:colcon.colcon_core.shell:create_environment_hook('realtime_launch', 'cmake_prefix_path')
[0.841s] INFO:colcon.colcon_core.shell:Creating environment hook '/home/unique/ros2_ws/ros_test/install/realtime_launch/share/realtime_launch/hook/cmake_prefix_path.ps1'
[0.843s] DEBUG:colcon.colcon_core.event_handler.log_command:Invoked command in '/home/unique/ros2_ws/ros_test/build/realtime_launch' returned '0': CMAKE_PREFIX_PATH=${CMAKE_PREFIX_PATH}:/home/unique/ros2_ws/ros2_21_tutorials/install/learning_urdf:/home/unique/ros2_ws/ros2_21_tutorials/install/learning_topic:/home/unique/ros2_ws/ros2_21_tutorials/install/learning_tf:/home/unique/ros2_ws/ros2_21_tutorials/install/learning_service:/home/unique/ros2_ws/ros2_21_tutorials/install/learning_qos:/home/unique/ros2_ws/ros2_21_tutorials/install/learning_pkg_python:/home/unique/ros2_ws/ros2_21_tutorials/install/learning_parameter:/home/unique/ros2_ws/ros2_21_tutorials/install/learning_node:/home/unique/ros2_ws/ros2_21_tutorials/install/learning_launch:/home/unique/ros2_ws/ros2_21_tutorials/install/learning_action:/home/unique/ros2_ws/ros2_21_tutorials/install/learning_gazebo_harmonic:/home/unique/ros2_ws/ros2_21_tutorials/install/learning_gazebo:/home/unique/ros2_ws/ros2_21_tutorials/install/learning_cv:/opt/ros/humble /usr/bin/cmake --install /home/unique/ros2_ws/ros_test/build/realtime_launch
[0.844s] INFO:colcon.colcon_core.shell:Creating environment descriptor '/home/unique/ros2_ws/ros_test/install/realtime_launch/share/realtime_launch/hook/cmake_prefix_path.dsv'
[0.844s] INFO:colcon.colcon_core.shell:Creating environment hook '/home/unique/ros2_ws/ros_test/install/realtime_launch/share/realtime_launch/hook/cmake_prefix_path.sh'
[0.845s] Level 1:colcon.colcon_core.environment:checking '/home/unique/ros2_ws/ros_test/install/realtime_launch/bin'
[0.845s] Level 1:colcon.colcon_core.environment:checking '/home/unique/ros2_ws/ros_test/install/realtime_launch/lib/pkgconfig/realtime_launch.pc'
[0.846s] Level 1:colcon.colcon_core.environment:checking '/home/unique/ros2_ws/ros_test/install/realtime_launch/lib/python3.10/site-packages'
[0.846s] Level 1:colcon.colcon_core.environment:checking '/home/unique/ros2_ws/ros_test/install/realtime_launch/bin'
[0.846s] INFO:colcon.colcon_core.shell:Creating package script '/home/unique/ros2_ws/ros_test/install/realtime_launch/share/realtime_launch/package.ps1'
[0.855s] INFO:colcon.colcon_core.shell:Creating package descriptor '/home/unique/ros2_ws/ros_test/install/realtime_launch/share/realtime_launch/package.dsv'
[0.856s] INFO:colcon.colcon_core.shell:Creating package script '/home/unique/ros2_ws/ros_test/install/realtime_launch/share/realtime_launch/package.sh'
[0.857s] INFO:colcon.colcon_core.shell:Creating package script '/home/unique/ros2_ws/ros_test/install/realtime_launch/share/realtime_launch/package.bash'
[0.859s] INFO:colcon.colcon_core.shell:Creating package script '/home/unique/ros2_ws/ros_test/install/realtime_launch/share/realtime_launch/package.zsh'
[0.861s] Level 1:colcon.colcon_core.environment:create_file_with_runtime_dependencies(/home/unique/ros2_ws/ros_test/install/realtime_launch/share/colcon-core/packages/realtime_launch)
[0.861s] Level 1:colcon.colcon_core.environment:create_environment_scripts_only(realtime_launch)
[0.862s] Level 1:colcon.colcon_core.environment:checking '/home/unique/ros2_ws/ros_test/install/realtime_launch' for CMake module files
[0.862s] Level 1:colcon.colcon_core.environment:checking '/home/unique/ros2_ws/ros_test/install/realtime_launch' for CMake config files
[0.862s] Level 1:colcon.colcon_core.shell:create_environment_hook('realtime_launch', 'cmake_prefix_path')
[0.863s] INFO:colcon.colcon_core.shell:Creating environment hook '/home/unique/ros2_ws/ros_test/install/realtime_launch/share/realtime_launch/hook/cmake_prefix_path.ps1'
[0.863s] INFO:colcon.colcon_core.shell:Creating environment descriptor '/home/unique/ros2_ws/ros_test/install/realtime_launch/share/realtime_launch/hook/cmake_prefix_path.dsv'
[0.864s] INFO:colcon.colcon_core.shell:Creating environment hook '/home/unique/ros2_ws/ros_test/install/realtime_launch/share/realtime_launch/hook/cmake_prefix_path.sh'
[0.865s] Level 1:colcon.colcon_core.environment:checking '/home/unique/ros2_ws/ros_test/install/realtime_launch/bin'
[0.865s] Level 1:colcon.colcon_core.environment:checking '/home/unique/ros2_ws/ros_test/install/realtime_launch/lib/pkgconfig/realtime_launch.pc'
[0.865s] Level 1:colcon.colcon_core.environment:checking '/home/unique/ros2_ws/ros_test/install/realtime_launch/lib/python3.10/site-packages'
[0.866s] Level 1:colcon.colcon_core.environment:checking '/home/unique/ros2_ws/ros_test/install/realtime_launch/bin'
[0.866s] INFO:colcon.colcon_core.shell:Creating package script '/home/unique/ros2_ws/ros_test/install/realtime_launch/share/realtime_launch/package.ps1'
[0.867s] INFO:colcon.colcon_core.shell:Creating package descriptor '/home/unique/ros2_ws/ros_test/install/realtime_launch/share/realtime_launch/package.dsv'
[0.868s] INFO:colcon.colcon_core.shell:Creating package script '/home/unique/ros2_ws/ros_test/install/realtime_launch/share/realtime_launch/package.sh'
[0.869s] INFO:colcon.colcon_core.shell:Creating package script '/home/unique/ros2_ws/ros_test/install/realtime_launch/share/realtime_launch/package.bash'
[0.869s] INFO:colcon.colcon_core.shell:Creating package script '/home/unique/ros2_ws/ros_test/install/realtime_launch/share/realtime_launch/package.zsh'
[0.869s] Level 1:colcon.colcon_core.environment:create_file_with_runtime_dependencies(/home/unique/ros2_ws/ros_test/install/realtime_launch/share/colcon-core/packages/realtime_launch)
[0.871s] Level 1:colcon.colcon_core.environment:create_environment_scripts_only(realtime_common)
[0.871s] DEBUG:colcon.colcon_core.event_handler.log_command:Invoked command in '/home/unique/ros2_ws/ros_test/build/realtime_common' returned '0': CMAKE_PREFIX_PATH=${CMAKE_PREFIX_PATH}:/home/unique/ros2_ws/ros2_21_tutorials/install/learning_urdf:/home/unique/ros2_ws/ros2_21_tutorials/install/learning_topic:/home/unique/ros2_ws/ros2_21_tutorials/install/learning_tf:/home/unique/ros2_ws/ros2_21_tutorials/install/learning_service:/home/unique/ros2_ws/ros2_21_tutorials/install/learning_qos:/home/unique/ros2_ws/ros2_21_tutorials/install/learning_pkg_python:/home/unique/ros2_ws/ros2_21_tutorials/install/learning_parameter:/home/unique/ros2_ws/ros2_21_tutorials/install/learning_node:/home/unique/ros2_ws/ros2_21_tutorials/install/learning_launch:/home/unique/ros2_ws/ros2_21_tutorials/install/learning_action:/home/unique/ros2_ws/ros2_21_tutorials/install/learning_gazebo_harmonic:/home/unique/ros2_ws/ros2_21_tutorials/install/learning_gazebo:/home/unique/ros2_ws/ros2_21_tutorials/install/learning_cv:/opt/ros/humble /usr/bin/cmake --install /home/unique/ros2_ws/ros_test/build/realtime_common
[0.872s] Level 1:colcon.colcon_core.environment:checking '/home/unique/ros2_ws/ros_test/install/realtime_common' for CMake module files
[0.872s] Level 1:colcon.colcon_core.environment:checking '/home/unique/ros2_ws/ros_test/install/realtime_common' for CMake config files
[0.873s] Level 1:colcon.colcon_core.shell:create_environment_hook('realtime_common', 'cmake_prefix_path')
[0.873s] INFO:colcon.colcon_core.shell:Creating environment hook '/home/unique/ros2_ws/ros_test/install/realtime_common/share/realtime_common/hook/cmake_prefix_path.ps1'
[0.874s] INFO:colcon.colcon_core.shell:Creating environment descriptor '/home/unique/ros2_ws/ros_test/install/realtime_common/share/realtime_common/hook/cmake_prefix_path.dsv'
[0.874s] INFO:colcon.colcon_core.shell:Creating environment hook '/home/unique/ros2_ws/ros_test/install/realtime_common/share/realtime_common/hook/cmake_prefix_path.sh'
[0.875s] Level 1:colcon.colcon_core.environment:checking '/home/unique/ros2_ws/ros_test/install/realtime_common/bin'
[0.875s] Level 1:colcon.colcon_core.environment:checking '/home/unique/ros2_ws/ros_test/install/realtime_common/lib/pkgconfig/realtime_common.pc'
[0.875s] Level 1:colcon.colcon_core.environment:checking '/home/unique/ros2_ws/ros_test/install/realtime_common/lib/python3.10/site-packages'
[0.876s] Level 1:colcon.colcon_core.environment:checking '/home/unique/ros2_ws/ros_test/install/realtime_common/bin'
[0.876s] INFO:colcon.colcon_core.shell:Creating package script '/home/unique/ros2_ws/ros_test/install/realtime_common/share/realtime_common/package.ps1'
[0.877s] INFO:colcon.colcon_core.shell:Creating package descriptor '/home/unique/ros2_ws/ros_test/install/realtime_common/share/realtime_common/package.dsv'
[0.877s] INFO:colcon.colcon_core.shell:Creating package script '/home/unique/ros2_ws/ros_test/install/realtime_common/share/realtime_common/package.sh'
[0.878s] INFO:colcon.colcon_core.shell:Creating package script '/home/unique/ros2_ws/ros_test/install/realtime_common/share/realtime_common/package.bash'
[0.879s] INFO:colcon.colcon_core.shell:Creating package script '/home/unique/ros2_ws/ros_test/install/realtime_common/share/realtime_common/package.zsh'
[0.880s] Level 1:colcon.colcon_core.environment:create_file_with_runtime_dependencies(/home/unique/ros2_ws/ros_test/install/realtime_common/share/colcon-core/packages/realtime_common)
[0.880s] Level 1:colcon.colcon_core.environment:create_environment_scripts_only(realtime_common)
[0.881s] Level 1:colcon.colcon_core.environment:checking '/home/unique/ros2_ws/ros_test/install/realtime_common' for CMake module files
[0.881s] Level 1:colcon.colcon_core.environment:checking '/home/unique/ros2_ws/ros_test/install/realtime_common' for CMake config files
[0.881s] Level 1:colcon.colcon_core.shell:create_environment_hook('realtime_common', 'cmake_prefix_path')
[0.882s] INFO:colcon.colcon_core.shell:Creating environment hook '/home/unique/ros2_ws/ros_test/install/realtime_common/share/realtime_common/hook/cmake_prefix_path.ps1'
[0.882s] INFO:colcon.colcon_core.shell:Creating environment descriptor '/home/unique/ros2_ws/ros_test/install/realtime_common/share/realtime_common/hook/cmake_prefix_path.dsv'
[0.883s] INFO:colcon.colcon_core.shell:Creating environment hook '/home/unique/ros2_ws/ros_test/install/realtime_common/share/realtime_common/hook/cmake_prefix_path.sh'
[0.884s] Level 1:colcon.colcon_core.environment:checking '/home/unique/ros2_ws/ros_test/install/realtime_common/bin'
[0.884s] Level 1:colcon.colcon_core.environment:checking '/home/unique/ros2_ws/ros_test/install/realtime_common/lib/pkgconfig/realtime_common.pc'
[0.884s] Level 1:colcon.colcon_core.environment:checking '/home/unique/ros2_ws/ros_test/install/realtime_common/lib/python3.10/site-packages'
[0.885s] Level 1:colcon.colcon_core.environment:checking '/home/unique/ros2_ws/ros_test/install/realtime_common/bin'
[0.885s] INFO:colcon.colcon_core.shell:Creating package script '/home/unique/ros2_ws/ros_test/install/realtime_common/share/realtime_common/package.ps1'
[0.886s] INFO:colcon.colcon_core.shell:Creating package descriptor '/home/unique/ros2_ws/ros_test/install/realtime_common/share/realtime_common/package.dsv'
[0.887s] INFO:colcon.colcon_core.shell:Creating package script '/home/unique/ros2_ws/ros_test/install/realtime_common/share/realtime_common/package.sh'
[0.888s] INFO:colcon.colcon_core.shell:Creating package script '/home/unique/ros2_ws/ros_test/install/realtime_common/share/realtime_common/package.bash'
[0.888s] INFO:colcon.colcon_core.shell:Creating package script '/home/unique/ros2_ws/ros_test/install/realtime_common/share/realtime_common/package.zsh'
[0.889s] Level 1:colcon.colcon_core.environment:create_file_with_runtime_dependencies(/home/unique/ros2_ws/ros_test/install/realtime_common/share/colcon-core/packages/realtime_common)
[1.318s] DEBUG:colcon.colcon_core.event_handler.log_command:Invoked command in '/home/unique/ros2_ws/ros_test/build/main_interface' returned '0': CMAKE_PREFIX_PATH=${CMAKE_PREFIX_PATH}:/home/unique/ros2_ws/ros2_21_tutorials/install/learning_urdf:/home/unique/ros2_ws/ros2_21_tutorials/install/learning_topic:/home/unique/ros2_ws/ros2_21_tutorials/install/learning_tf:/home/unique/ros2_ws/ros2_21_tutorials/install/learning_service:/home/unique/ros2_ws/ros2_21_tutorials/install/learning_qos:/home/unique/ros2_ws/ros2_21_tutorials/install/learning_pkg_python:/home/unique/ros2_ws/ros2_21_tutorials/install/learning_parameter:/home/unique/ros2_ws/ros2_21_tutorials/install/learning_node:/home/unique/ros2_ws/ros2_21_tutorials/install/learning_launch:/home/unique/ros2_ws/ros2_21_tutorials/install/learning_action:/home/unique/ros2_ws/ros2_21_tutorials/install/learning_gazebo_harmonic:/home/unique/ros2_ws/ros2_21_tutorials/install/learning_gazebo:/home/unique/ros2_ws/ros2_21_tutorials/install/learning_cv:/opt/ros/humble /usr/bin/cmake --build /home/unique/ros2_ws/ros_test/build/main_interface -- -j8 -l8
[1.321s] DEBUG:colcon.colcon_core.event_handler.log_command:Invoking command in '/home/unique/ros2_ws/ros_test/build/main_interface': CMAKE_PREFIX_PATH=${CMAKE_PREFIX_PATH}:/home/unique/ros2_ws/ros2_21_tutorials/install/learning_urdf:/home/unique/ros2_ws/ros2_21_tutorials/install/learning_topic:/home/unique/ros2_ws/ros2_21_tutorials/install/learning_tf:/home/unique/ros2_ws/ros2_21_tutorials/install/learning_service:/home/unique/ros2_ws/ros2_21_tutorials/install/learning_qos:/home/unique/ros2_ws/ros2_21_tutorials/install/learning_pkg_python:/home/unique/ros2_ws/ros2_21_tutorials/install/learning_parameter:/home/unique/ros2_ws/ros2_21_tutorials/install/learning_node:/home/unique/ros2_ws/ros2_21_tutorials/install/learning_launch:/home/unique/ros2_ws/ros2_21_tutorials/install/learning_action:/home/unique/ros2_ws/ros2_21_tutorials/install/learning_gazebo_harmonic:/home/unique/ros2_ws/ros2_21_tutorials/install/learning_gazebo:/home/unique/ros2_ws/ros2_21_tutorials/install/learning_cv:/opt/ros/humble /usr/bin/cmake --install /home/unique/ros2_ws/ros_test/build/main_interface
[1.447s] Level 1:colcon.colcon_core.environment:create_environment_scripts_only(main_interface)
[1.448s] Level 1:colcon.colcon_core.environment:checking '/home/unique/ros2_ws/ros_test/install/main_interface' for CMake module files
[1.449s] DEBUG:colcon.colcon_core.event_handler.log_command:Invoked command in '/home/unique/ros2_ws/ros_test/build/main_interface' returned '0': CMAKE_PREFIX_PATH=${CMAKE_PREFIX_PATH}:/home/unique/ros2_ws/ros2_21_tutorials/install/learning_urdf:/home/unique/ros2_ws/ros2_21_tutorials/install/learning_topic:/home/unique/ros2_ws/ros2_21_tutorials/install/learning_tf:/home/unique/ros2_ws/ros2_21_tutorials/install/learning_service:/home/unique/ros2_ws/ros2_21_tutorials/install/learning_qos:/home/unique/ros2_ws/ros2_21_tutorials/install/learning_pkg_python:/home/unique/ros2_ws/ros2_21_tutorials/install/learning_parameter:/home/unique/ros2_ws/ros2_21_tutorials/install/learning_node:/home/unique/ros2_ws/ros2_21_tutorials/install/learning_launch:/home/unique/ros2_ws/ros2_21_tutorials/install/learning_action:/home/unique/ros2_ws/ros2_21_tutorials/install/learning_gazebo_harmonic:/home/unique/ros2_ws/ros2_21_tutorials/install/learning_gazebo:/home/unique/ros2_ws/ros2_21_tutorials/install/learning_cv:/opt/ros/humble /usr/bin/cmake --install /home/unique/ros2_ws/ros_test/build/main_interface
[1.451s] Level 1:colcon.colcon_core.environment:checking '/home/unique/ros2_ws/ros_test/install/main_interface' for CMake config files
[1.452s] Level 1:colcon.colcon_core.shell:create_environment_hook('main_interface', 'cmake_prefix_path')
[1.452s] INFO:colcon.colcon_core.shell:Creating environment hook '/home/unique/ros2_ws/ros_test/install/main_interface/share/main_interface/hook/cmake_prefix_path.ps1'
[1.453s] INFO:colcon.colcon_core.shell:Creating environment descriptor '/home/unique/ros2_ws/ros_test/install/main_interface/share/main_interface/hook/cmake_prefix_path.dsv'
[1.454s] INFO:colcon.colcon_core.shell:Creating environment hook '/home/unique/ros2_ws/ros_test/install/main_interface/share/main_interface/hook/cmake_prefix_path.sh'
[1.454s] Level 1:colcon.colcon_core.environment:checking '/home/unique/ros2_ws/ros_test/install/main_interface/lib'
[1.455s] Level 1:colcon.colcon_core.shell:create_environment_hook('main_interface', 'ld_library_path_lib')
[1.455s] INFO:colcon.colcon_core.shell:Creating environment hook '/home/unique/ros2_ws/ros_test/install/main_interface/share/main_interface/hook/ld_library_path_lib.ps1'
[1.456s] INFO:colcon.colcon_core.shell:Creating environment descriptor '/home/unique/ros2_ws/ros_test/install/main_interface/share/main_interface/hook/ld_library_path_lib.dsv'
[1.456s] INFO:colcon.colcon_core.shell:Creating environment hook '/home/unique/ros2_ws/ros_test/install/main_interface/share/main_interface/hook/ld_library_path_lib.sh'
[1.457s] Level 1:colcon.colcon_core.environment:checking '/home/unique/ros2_ws/ros_test/install/main_interface/bin'
[1.457s] Level 1:colcon.colcon_core.environment:checking '/home/unique/ros2_ws/ros_test/install/main_interface/lib/pkgconfig/main_interface.pc'
[1.458s] Level 1:colcon.colcon_core.environment:checking '/home/unique/ros2_ws/ros_test/install/main_interface/lib/python3.10/site-packages'
[1.458s] Level 1:colcon.colcon_core.environment:checking '/home/unique/ros2_ws/ros_test/install/main_interface/bin'
[1.459s] INFO:colcon.colcon_core.shell:Creating package script '/home/unique/ros2_ws/ros_test/install/main_interface/share/main_interface/package.ps1'
[1.460s] INFO:colcon.colcon_core.shell:Creating package descriptor '/home/unique/ros2_ws/ros_test/install/main_interface/share/main_interface/package.dsv'
[1.460s] INFO:colcon.colcon_core.shell:Creating package script '/home/unique/ros2_ws/ros_test/install/main_interface/share/main_interface/package.sh'
[1.461s] INFO:colcon.colcon_core.shell:Creating package script '/home/unique/ros2_ws/ros_test/install/main_interface/share/main_interface/package.bash'
[1.462s] INFO:colcon.colcon_core.shell:Creating package script '/home/unique/ros2_ws/ros_test/install/main_interface/share/main_interface/package.zsh'
[1.462s] Level 1:colcon.colcon_core.environment:create_file_with_runtime_dependencies(/home/unique/ros2_ws/ros_test/install/main_interface/share/colcon-core/packages/main_interface)
[1.463s] Level 1:colcon.colcon_core.environment:create_environment_scripts_only(main_interface)
[1.463s] Level 1:colcon.colcon_core.environment:checking '/home/unique/ros2_ws/ros_test/install/main_interface' for CMake module files
[1.464s] Level 1:colcon.colcon_core.environment:checking '/home/unique/ros2_ws/ros_test/install/main_interface' for CMake config files
[1.465s] Level 1:colcon.colcon_core.shell:create_environment_hook('main_interface', 'cmake_prefix_path')
[1.465s] INFO:colcon.colcon_core.shell:Creating environment hook '/home/unique/ros2_ws/ros_test/install/main_interface/share/main_interface/hook/cmake_prefix_path.ps1'
[1.466s] INFO:colcon.colcon_core.shell:Creating environment descriptor '/home/unique/ros2_ws/ros_test/install/main_interface/share/main_interface/hook/cmake_prefix_path.dsv'
[1.467s] INFO:colcon.colcon_core.shell:Creating environment hook '/home/unique/ros2_ws/ros_test/install/main_interface/share/main_interface/hook/cmake_prefix_path.sh'
[1.468s] Level 1:colcon.colcon_core.environment:checking '/home/unique/ros2_ws/ros_test/install/main_interface/lib'
[1.468s] Level 1:colcon.colcon_core.shell:create_environment_hook('main_interface', 'ld_library_path_lib')
[1.468s] INFO:colcon.colcon_core.shell:Creating environment hook '/home/unique/ros2_ws/ros_test/install/main_interface/share/main_interface/hook/ld_library_path_lib.ps1'
[1.469s] INFO:colcon.colcon_core.shell:Creating environment descriptor '/home/unique/ros2_ws/ros_test/install/main_interface/share/main_interface/hook/ld_library_path_lib.dsv'
[1.469s] INFO:colcon.colcon_core.shell:Creating environment hook '/home/unique/ros2_ws/ros_test/install/main_interface/share/main_interface/hook/ld_library_path_lib.sh'
[1.470s] Level 1:colcon.colcon_core.environment:checking '/home/unique/ros2_ws/ros_test/install/main_interface/bin'
[1.470s] Level 1:colcon.colcon_core.environment:checking '/home/unique/ros2_ws/ros_test/install/main_interface/lib/pkgconfig/main_interface.pc'
[1.470s] Level 1:colcon.colcon_core.environment:checking '/home/unique/ros2_ws/ros_test/install/main_interface/lib/python3.10/site-packages'
[1.471s] Level 1:colcon.colcon_core.environment:checking '/home/unique/ros2_ws/ros_test/install/main_interface/bin'
[1.471s] INFO:colcon.colcon_core.shell:Creating package script '/home/unique/ros2_ws/ros_test/install/main_interface/share/main_interface/package.ps1'
[1.472s] INFO:colcon.colcon_core.shell:Creating package descriptor '/home/unique/ros2_ws/ros_test/install/main_interface/share/main_interface/package.dsv'
[1.472s] INFO:colcon.colcon_core.shell:Creating package script '/home/unique/ros2_ws/ros_test/install/main_interface/share/main_interface/package.sh'
[1.473s] INFO:colcon.colcon_core.shell:Creating package script '/home/unique/ros2_ws/ros_test/install/main_interface/share/main_interface/package.bash'
[1.473s] INFO:colcon.colcon_core.shell:Creating package script '/home/unique/ros2_ws/ros_test/install/main_interface/share/main_interface/package.zsh'
[1.474s] Level 1:colcon.colcon_core.environment:create_file_with_runtime_dependencies(/home/unique/ros2_ws/ros_test/install/main_interface/share/colcon-core/packages/main_interface)
[1.475s] INFO:colcon.colcon_ros.task.ament_cmake.build:Building ROS package in '/home/unique/ros2_ws/ros_test/src/IOqueue' with build type 'ament_cmake'
[1.475s] INFO:colcon.colcon_cmake.task.cmake.build:Building CMake package in '/home/unique/ros2_ws/ros_test/src/IOqueue'
[1.475s] INFO:colcon.colcon_core.shell:Skip shell extension 'powershell' for command environment: Not usable outside of PowerShell
[1.475s] DEBUG:colcon.colcon_core.shell:Skip shell extension 'dsv' for command environment
[1.486s] INFO:colcon.colcon_ros.task.ament_cmake.build:Building ROS package in '/home/unique/ros2_ws/ros_test/src/IOringbuffer' with build type 'ament_cmake'
[1.487s] INFO:colcon.colcon_cmake.task.cmake.build:Building CMake package in '/home/unique/ros2_ws/ros_test/src/IOringbuffer'
[1.487s] INFO:colcon.colcon_core.shell:Skip shell extension 'powershell' for command environment: Not usable outside of PowerShell
[1.487s] DEBUG:colcon.colcon_core.shell:Skip shell extension 'dsv' for command environment
[1.501s] INFO:colcon.colcon_ros.task.ament_cmake.build:Building ROS package in '/home/unique/ros2_ws/ros_test/src/test_loopback' with build type 'ament_cmake'
[1.501s] INFO:colcon.colcon_cmake.task.cmake.build:Building CMake package in '/home/unique/ros2_ws/ros_test/src/test_loopback'
[1.501s] INFO:colcon.colcon_core.shell:Skip shell extension 'powershell' for command environment: Not usable outside of PowerShell
[1.502s] DEBUG:colcon.colcon_core.shell:Skip shell extension 'dsv' for command environment
[1.739s] DEBUG:colcon.colcon_core.event_handler.log_command:Invoking command in '/home/unique/ros2_ws/ros_test/build/test_loopback': CMAKE_PREFIX_PATH=/home/unique/ros2_ws/ros_test/install/main_interface:/home/unique/ros2_ws/ros_test/install/test_loopback:/home/unique/ros2_ws/ros_test/install/realtime_launch:/home/unique/ros2_ws/ros_test/install/low_prior:/home/unique/ros2_ws/ros_test/install/high_prior:/home/unique/ros2_ws/ros_test/install/IOringbuffer:/home/unique/ros2_ws/ros_test/install/IOqueue:/home/unique/ros2_ws/ros_test/install/realtime_common:/home/unique/ros2_ws/install/village_wang:/home/unique/ros2_ws/install/village_interface:/home/unique/ros2_ws/install/my_cpp_pkg:/home/unique/ros2_ws/ros2_21_tutorials/install/learning_topic_cpp:/home/unique/ros2_ws/ros2_21_tutorials/install/learning_tf_cpp:/home/unique/ros2_ws/ros2_21_tutorials/install/learning_service_cpp:/home/unique/ros2_ws/ros2_21_tutorials/install/learning_pkg_c:/home/unique/ros2_ws/ros2_21_tutorials/install/learning_parameter_cpp:/home/unique/ros2_ws/ros2_21_tutorials/install/learning_node_cpp:/home/unique/ros2_ws/ros2_21_tutorials/install/learning_action_cpp:/home/unique/ros2_ws/ros2_21_tutorials/install/learning_interface:/home/unique/ros2_ws/ros2_21_tutorials/install/learning_urdf:/home/unique/ros2_ws/ros2_21_tutorials/install/learning_topic:/home/unique/ros2_ws/ros2_21_tutorials/install/learning_tf:/home/unique/ros2_ws/ros2_21_tutorials/install/learning_service:/home/unique/ros2_ws/ros2_21_tutorials/install/learning_qos:/home/unique/ros2_ws/ros2_21_tutorials/install/learning_pkg_python:/home/unique/ros2_ws/ros2_21_tutorials/install/learning_parameter:/home/unique/ros2_ws/ros2_21_tutorials/install/learning_node:/home/unique/ros2_ws/ros2_21_tutorials/install/learning_launch:/home/unique/ros2_ws/ros2_21_tutorials/install/learning_action:/home/unique/ros2_ws/ros2_21_tutorials/install/learning_gazebo_harmonic:/home/unique/ros2_ws/ros2_21_tutorials/install/learning_gazebo:/home/unique/ros2_ws/ros2_21_tutorials/install/learning_cv:/opt/ros/humble LD_LIBRARY_PATH=/home/unique/ros2_ws/ros_test/install/main_interface/lib:/home/unique/ros2_ws/ros_test/install/test_loopback/lib:/home/unique/ros2_ws/ros_test/install/low_prior/lib:/home/unique/ros2_ws/ros_test/install/high_prior/lib:/home/unique/ros2_ws/ros_test/install/IOringbuffer/lib:/home/unique/ros2_ws/ros_test/install/IOqueue/lib:/home/unique/ros2_ws/install/village_interface/lib:/home/unique/ros2_ws/ros2_21_tutorials/install/learning_interface/lib:/opt/ros/humble/opt/rviz_ogre_vendor/lib:/opt/ros/humble/lib/x86_64-linux-gnu:/opt/ros/humble/lib /usr/bin/cmake --build /home/unique/ros2_ws/ros_test/build/test_loopback -- -j8 -l8
[1.895s] DEBUG:colcon.colcon_core.event_handler.log_command:Invoking command in '/home/unique/ros2_ws/ros_test/build/IOringbuffer': CMAKE_PREFIX_PATH=/home/unique/ros2_ws/ros_test/install/realtime_common:/home/unique/ros2_ws/ros_test/install/main_interface:/home/unique/ros2_ws/ros_test/install/test_loopback:/home/unique/ros2_ws/ros_test/install/realtime_launch:/home/unique/ros2_ws/ros_test/install/low_prior:/home/unique/ros2_ws/ros_test/install/high_prior:/home/unique/ros2_ws/ros_test/install/IOringbuffer:/home/unique/ros2_ws/ros_test/install/IOqueue:/home/unique/ros2_ws/install/village_wang:/home/unique/ros2_ws/install/village_interface:/home/unique/ros2_ws/install/my_cpp_pkg:/home/unique/ros2_ws/ros2_21_tutorials/install/learning_topic_cpp:/home/unique/ros2_ws/ros2_21_tutorials/install/learning_tf_cpp:/home/unique/ros2_ws/ros2_21_tutorials/install/learning_service_cpp:/home/unique/ros2_ws/ros2_21_tutorials/install/learning_pkg_c:/home/unique/ros2_ws/ros2_21_tutorials/install/learning_parameter_cpp:/home/unique/ros2_ws/ros2_21_tutorials/install/learning_node_cpp:/home/unique/ros2_ws/ros2_21_tutorials/install/learning_action_cpp:/home/unique/ros2_ws/ros2_21_tutorials/install/learning_interface:/home/unique/ros2_ws/ros2_21_tutorials/install/learning_urdf:/home/unique/ros2_ws/ros2_21_tutorials/install/learning_topic:/home/unique/ros2_ws/ros2_21_tutorials/install/learning_tf:/home/unique/ros2_ws/ros2_21_tutorials/install/learning_service:/home/unique/ros2_ws/ros2_21_tutorials/install/learning_qos:/home/unique/ros2_ws/ros2_21_tutorials/install/learning_pkg_python:/home/unique/ros2_ws/ros2_21_tutorials/install/learning_parameter:/home/unique/ros2_ws/ros2_21_tutorials/install/learning_node:/home/unique/ros2_ws/ros2_21_tutorials/install/learning_launch:/home/unique/ros2_ws/ros2_21_tutorials/install/learning_action:/home/unique/ros2_ws/ros2_21_tutorials/install/learning_gazebo_harmonic:/home/unique/ros2_ws/ros2_21_tutorials/install/learning_gazebo:/home/unique/ros2_ws/ros2_21_tutorials/install/learning_cv:/opt/ros/humble LD_LIBRARY_PATH=/home/unique/ros2_ws/ros_test/install/main_interface/lib:/home/unique/ros2_ws/ros_test/install/test_loopback/lib:/home/unique/ros2_ws/ros_test/install/low_prior/lib:/home/unique/ros2_ws/ros_test/install/high_prior/lib:/home/unique/ros2_ws/ros_test/install/IOringbuffer/lib:/home/unique/ros2_ws/ros_test/install/IOqueue/lib:/home/unique/ros2_ws/install/village_interface/lib:/home/unique/ros2_ws/ros2_21_tutorials/install/learning_interface/lib:/opt/ros/humble/opt/rviz_ogre_vendor/lib:/opt/ros/humble/lib/x86_64-linux-gnu:/opt/ros/humble/lib /usr/bin/cmake --build /home/unique/ros2_ws/ros_test/build/IOringbuffer -- -j8 -l8
[1.898s] DEBUG:colcon.colcon_core.event_handler.log_command:Invoked command in '/home/unique/ros2_ws/ros_test/build/test_loopback' returned '0': CMAKE_PREFIX_PATH=/home/unique/ros2_ws/ros_test/install/main_interface:/home/unique/ros2_ws/ros_test/install/test_loopback:/home/unique/ros2_ws/ros_test/install/realtime_launch:/home/unique/ros2_ws/ros_test/install/low_prior:/home/unique/ros2_ws/ros_test/install/high_prior:/home/unique/ros2_ws/ros_test/install/IOringbuffer:/home/unique/ros2_ws/ros_test/install/IOqueue:/home/unique/ros2_ws/ros_test/install/realtime_common:/home/unique/ros2_ws/install/village_wang:/home/unique/ros2_ws/install/village_interface:/home/unique/ros2_ws/install/my_cpp_pkg:/home/unique/ros2_ws/ros2_21_tutorials/install/learning_topic_cpp:/home/unique/ros2_ws/ros2_21_tutorials/install/learning_tf_cpp:/home/unique/ros2_ws/ros2_21_tutorials/install/learning_service_cpp:/home/unique/ros2_ws/ros2_21_tutorials/install/learning_pkg_c:/home/unique/ros2_ws/ros2_21_tutorials/install/learning_parameter_cpp:/home/unique/ros2_ws/ros2_21_tutorials/install/learning_node_cpp:/home/unique/ros2_ws/ros2_21_tutorials/install/learning_action_cpp:/home/unique/ros2_ws/ros2_21_tutorials/install/learning_interface:/home/unique/ros2_ws/ros2_21_tutorials/install/learning_urdf:/home/unique/ros2_ws/ros2_21_tutorials/install/learning_topic:/home/unique/ros2_ws/ros2_21_tutorials/install/learning_tf:/home/unique/ros2_ws/ros2_21_tutorials/install/learning_service:/home/unique/ros2_ws/ros2_21_tutorials/install/learning_qos:/home/unique/ros2_ws/ros2_21_tutorials/install/learning_pkg_python:/home/unique/ros2_ws/ros2_21_tutorials/install/learning_parameter:/home/unique/ros2_ws/ros2_21_tutorials/install/learning_node:/home/unique/ros2_ws/ros2_21_tutorials/install/learning_launch:/home/unique/ros2_ws/ros2_21_tutorials/install/learning_action:/home/unique/ros2_ws/ros2_21_tutorials/install/learning_gazebo_harmonic:/home/unique/ros2_ws/ros2_21_tutorials/install/learning_gazebo:/home/unique/ros2_ws/ros2_21_tutorials/install/learning_cv:/opt/ros/humble LD_LIBRARY_PATH=/home/unique/ros2_ws/ros_test/install/main_interface/lib:/home/unique/ros2_ws/ros_test/install/test_loopback/lib:/home/unique/ros2_ws/ros_test/install/low_prior/lib:/home/unique/ros2_ws/ros_test/install/high_prior/lib:/home/unique/ros2_ws/ros_test/install/IOringbuffer/lib:/home/unique/ros2_ws/ros_test/install/IOqueue/lib:/home/unique/ros2_ws/install/village_interface/lib:/home/unique/ros2_ws/ros2_21_tutorials/install/learning_interface/lib:/opt/ros/humble/opt/rviz_ogre_vendor/lib:/opt/ros/humble/lib/x86_64-linux-gnu:/opt/ros/humble/lib /usr/bin/cmake --build /home/unique/ros2_ws/ros_test/build/test_loopback -- -j8 -l8
[1.899s] DEBUG:colcon.colcon_core.event_handler.log_command:Invoking command in '/home/unique/ros2_ws/ros_test/build/test_loopback': CMAKE_PREFIX_PATH=/home/unique/ros2_ws/ros_test/install/main_interface:/home/unique/ros2_ws/ros_test/install/test_loopback:/home/unique/ros2_ws/ros_test/install/realtime_launch:/home/unique/ros2_ws/ros_test/install/low_prior:/home/unique/ros2_ws/ros_test/install/high_prior:/home/unique/ros2_ws/ros_test/install/IOringbuffer:/home/unique/ros2_ws/ros_test/install/IOqueue:/home/unique/ros2_ws/ros_test/install/realtime_common:/home/unique/ros2_ws/install/village_wang:/home/unique/ros2_ws/install/village_interface:/home/unique/ros2_ws/install/my_cpp_pkg:/home/unique/ros2_ws/ros2_21_tutorials/install/learning_topic_cpp:/home/unique/ros2_ws/ros2_21_tutorials/install/learning_tf_cpp:/home/unique/ros2_ws/ros2_21_tutorials/install/learning_service_cpp:/home/unique/ros2_ws/ros2_21_tutorials/install/learning_pkg_c:/home/unique/ros2_ws/ros2_21_tutorials/install/learning_parameter_cpp:/home/unique/ros2_ws/ros2_21_tutorials/install/learning_node_cpp:/home/unique/ros2_ws/ros2_21_tutorials/install/learning_action_cpp:/home/unique/ros2_ws/ros2_21_tutorials/install/learning_interface:/home/unique/ros2_ws/ros2_21_tutorials/install/learning_urdf:/home/unique/ros2_ws/ros2_21_tutorials/install/learning_topic:/home/unique/ros2_ws/ros2_21_tutorials/install/learning_tf:/home/unique/ros2_ws/ros2_21_tutorials/install/learning_service:/home/unique/ros2_ws/ros2_21_tutorials/install/learning_qos:/home/unique/ros2_ws/ros2_21_tutorials/install/learning_pkg_python:/home/unique/ros2_ws/ros2_21_tutorials/install/learning_parameter:/home/unique/ros2_ws/ros2_21_tutorials/install/learning_node:/home/unique/ros2_ws/ros2_21_tutorials/install/learning_launch:/home/unique/ros2_ws/ros2_21_tutorials/install/learning_action:/home/unique/ros2_ws/ros2_21_tutorials/install/learning_gazebo_harmonic:/home/unique/ros2_ws/ros2_21_tutorials/install/learning_gazebo:/home/unique/ros2_ws/ros2_21_tutorials/install/learning_cv:/opt/ros/humble LD_LIBRARY_PATH=/home/unique/ros2_ws/ros_test/install/main_interface/lib:/home/unique/ros2_ws/ros_test/install/test_loopback/lib:/home/unique/ros2_ws/ros_test/install/low_prior/lib:/home/unique/ros2_ws/ros_test/install/high_prior/lib:/home/unique/ros2_ws/ros_test/install/IOringbuffer/lib:/home/unique/ros2_ws/ros_test/install/IOqueue/lib:/home/unique/ros2_ws/install/village_interface/lib:/home/unique/ros2_ws/ros2_21_tutorials/install/learning_interface/lib:/opt/ros/humble/opt/rviz_ogre_vendor/lib:/opt/ros/humble/lib/x86_64-linux-gnu:/opt/ros/humble/lib /usr/bin/cmake --install /home/unique/ros2_ws/ros_test/build/test_loopback
[1.939s] Level 1:colcon.colcon_core.environment:create_environment_scripts_only(test_loopback)
[1.940s] Level 1:colcon.colcon_core.environment:checking '/home/unique/ros2_ws/ros_test/install/test_loopback' for CMake module files
[1.941s] DEBUG:colcon.colcon_core.event_handler.log_command:Invoked command in '/home/unique/ros2_ws/ros_test/build/test_loopback' returned '0': CMAKE_PREFIX_PATH=/home/unique/ros2_ws/ros_test/install/main_interface:/home/unique/ros2_ws/ros_test/install/test_loopback:/home/unique/ros2_ws/ros_test/install/realtime_launch:/home/unique/ros2_ws/ros_test/install/low_prior:/home/unique/ros2_ws/ros_test/install/high_prior:/home/unique/ros2_ws/ros_test/install/IOringbuffer:/home/unique/ros2_ws/ros_test/install/IOqueue:/home/unique/ros2_ws/ros_test/install/realtime_common:/home/unique/ros2_ws/install/village_wang:/home/unique/ros2_ws/install/village_interface:/home/unique/ros2_ws/install/my_cpp_pkg:/home/unique/ros2_ws/ros2_21_tutorials/install/learning_topic_cpp:/home/unique/ros2_ws/ros2_21_tutorials/install/learning_tf_cpp:/home/unique/ros2_ws/ros2_21_tutorials/install/learning_service_cpp:/home/unique/ros2_ws/ros2_21_tutorials/install/learning_pkg_c:/home/unique/ros2_ws/ros2_21_tutorials/install/learning_parameter_cpp:/home/unique/ros2_ws/ros2_21_tutorials/install/learning_node_cpp:/home/unique/ros2_ws/ros2_21_tutorials/install/learning_action_cpp:/home/unique/ros2_ws/ros2_21_tutorials/install/learning_interface:/home/unique/ros2_ws/ros2_21_tutorials/install/learning_urdf:/home/unique/ros2_ws/ros2_21_tutorials/install/learning_topic:/home/unique/ros2_ws/ros2_21_tutorials/install/learning_tf:/home/unique/ros2_ws/ros2_21_tutorials/install/learning_service:/home/unique/ros2_ws/ros2_21_tutorials/install/learning_qos:/home/unique/ros2_ws/ros2_21_tutorials/install/learning_pkg_python:/home/unique/ros2_ws/ros2_21_tutorials/install/learning_parameter:/home/unique/ros2_ws/ros2_21_tutorials/install/learning_node:/home/unique/ros2_ws/ros2_21_tutorials/install/learning_launch:/home/unique/ros2_ws/ros2_21_tutorials/install/learning_action:/home/unique/ros2_ws/ros2_21_tutorials/install/learning_gazebo_harmonic:/home/unique/ros2_ws/ros2_21_tutorials/install/learning_gazebo:/home/unique/ros2_ws/ros2_21_tutorials/install/learning_cv:/opt/ros/humble LD_LIBRARY_PATH=/home/unique/ros2_ws/ros_test/install/main_interface/lib:/home/unique/ros2_ws/ros_test/install/test_loopback/lib:/home/unique/ros2_ws/ros_test/install/low_prior/lib:/home/unique/ros2_ws/ros_test/install/high_prior/lib:/home/unique/ros2_ws/ros_test/install/IOringbuffer/lib:/home/unique/ros2_ws/ros_test/install/IOqueue/lib:/home/unique/ros2_ws/install/village_interface/lib:/home/unique/ros2_ws/ros2_21_tutorials/install/learning_interface/lib:/opt/ros/humble/opt/rviz_ogre_vendor/lib:/opt/ros/humble/lib/x86_64-linux-gnu:/opt/ros/humble/lib /usr/bin/cmake --install /home/unique/ros2_ws/ros_test/build/test_loopback
[1.942s] Level 1:colcon.colcon_core.environment:checking '/home/unique/ros2_ws/ros_test/install/test_loopback' for CMake config files
[1.942s] Level 1:colcon.colcon_core.shell:create_environment_hook('test_loopback', 'cmake_prefix_path')
[1.943s] INFO:colcon.colcon_core.shell:Creating environment hook '/home/unique/ros2_ws/ros_test/install/test_loopback/share/test_loopback/hook/cmake_prefix_path.ps1'
[1.944s] INFO:colcon.colcon_core.shell:Creating environment descriptor '/home/unique/ros2_ws/ros_test/install/test_loopback/share/test_loopback/hook/cmake_prefix_path.dsv'
[1.945s] INFO:colcon.colcon_core.shell:Creating environment hook '/home/unique/ros2_ws/ros_test/install/test_loopback/share/test_loopback/hook/cmake_prefix_path.sh'
[1.946s] Level 1:colcon.colcon_core.environment:checking '/home/unique/ros2_ws/ros_test/install/test_loopback/lib'
[1.946s] Level 1:colcon.colcon_core.shell:create_environment_hook('test_loopback', 'ld_library_path_lib')
[1.946s] INFO:colcon.colcon_core.shell:Creating environment hook '/home/unique/ros2_ws/ros_test/install/test_loopback/share/test_loopback/hook/ld_library_path_lib.ps1'
[1.947s] INFO:colcon.colcon_core.shell:Creating environment descriptor '/home/unique/ros2_ws/ros_test/install/test_loopback/share/test_loopback/hook/ld_library_path_lib.dsv'
[1.947s] INFO:colcon.colcon_core.shell:Creating environment hook '/home/unique/ros2_ws/ros_test/install/test_loopback/share/test_loopback/hook/ld_library_path_lib.sh'
[1.948s] Level 1:colcon.colcon_core.environment:checking '/home/unique/ros2_ws/ros_test/install/test_loopback/bin'
[1.948s] Level 1:colcon.colcon_core.environment:checking '/home/unique/ros2_ws/ros_test/install/test_loopback/lib/pkgconfig/test_loopback.pc'
[1.948s] Level 1:colcon.colcon_core.environment:checking '/home/unique/ros2_ws/ros_test/install/test_loopback/lib/python3.10/site-packages'
[1.948s] Level 1:colcon.colcon_core.environment:checking '/home/unique/ros2_ws/ros_test/install/test_loopback/bin'
[1.949s] INFO:colcon.colcon_core.shell:Creating package script '/home/unique/ros2_ws/ros_test/install/test_loopback/share/test_loopback/package.ps1'
[1.950s] INFO:colcon.colcon_core.shell:Creating package descriptor '/home/unique/ros2_ws/ros_test/install/test_loopback/share/test_loopback/package.dsv'
[1.950s] INFO:colcon.colcon_core.shell:Creating package script '/home/unique/ros2_ws/ros_test/install/test_loopback/share/test_loopback/package.sh'
[1.951s] INFO:colcon.colcon_core.shell:Creating package script '/home/unique/ros2_ws/ros_test/install/test_loopback/share/test_loopback/package.bash'
[1.951s] INFO:colcon.colcon_core.shell:Creating package script '/home/unique/ros2_ws/ros_test/install/test_loopback/share/test_loopback/package.zsh'
[1.952s] Level 1:colcon.colcon_core.environment:create_file_with_runtime_dependencies(/home/unique/ros2_ws/ros_test/install/test_loopback/share/colcon-core/packages/test_loopback)
[1.953s] Level 1:colcon.colcon_core.environment:create_environment_scripts_only(test_loopback)
[1.953s] Level 1:colcon.colcon_core.environment:checking '/home/unique/ros2_ws/ros_test/install/test_loopback' for CMake module files
[1.954s] Level 1:colcon.colcon_core.environment:checking '/home/unique/ros2_ws/ros_test/install/test_loopback' for CMake config files
[1.954s] Level 1:colcon.colcon_core.shell:create_environment_hook('test_loopback', 'cmake_prefix_path')
[1.955s] INFO:colcon.colcon_core.shell:Creating environment hook '/home/unique/ros2_ws/ros_test/install/test_loopback/share/test_loopback/hook/cmake_prefix_path.ps1'
[1.956s] INFO:colcon.colcon_core.shell:Creating environment descriptor '/home/unique/ros2_ws/ros_test/install/test_loopback/share/test_loopback/hook/cmake_prefix_path.dsv'
[1.956s] INFO:colcon.colcon_core.shell:Creating environment hook '/home/unique/ros2_ws/ros_test/install/test_loopback/share/test_loopback/hook/cmake_prefix_path.sh'
[1.957s] Level 1:colcon.colcon_core.environment:checking '/home/unique/ros2_ws/ros_test/install/test_loopback/lib'
[1.957s] Level 1:colcon.colcon_core.shell:create_environment_hook('test_loopback', 'ld_library_path_lib')
[1.957s] INFO:colcon.colcon_core.shell:Creating environment hook '/home/unique/ros2_ws/ros_test/install/test_loopback/share/test_loopback/hook/ld_library_path_lib.ps1'
[1.958s] INFO:colcon.colcon_core.shell:Creating environment descriptor '/home/unique/ros2_ws/ros_test/install/test_loopback/share/test_loopback/hook/ld_library_path_lib.dsv'
[1.959s] INFO:colcon.colcon_core.shell:Creating environment hook '/home/unique/ros2_ws/ros_test/install/test_loopback/share/test_loopback/hook/ld_library_path_lib.sh'
[1.959s] Level 1:colcon.colcon_core.environment:checking '/home/unique/ros2_ws/ros_test/install/test_loopback/bin'
[1.960s] Level 1:colcon.colcon_core.environment:checking '/home/unique/ros2_ws/ros_test/install/test_loopback/lib/pkgconfig/test_loopback.pc'
[1.960s] Level 1:colcon.colcon_core.environment:checking '/home/unique/ros2_ws/ros_test/install/test_loopback/lib/python3.10/site-packages'
[1.960s] Level 1:colcon.colcon_core.environment:checking '/home/unique/ros2_ws/ros_test/install/test_loopback/bin'
[1.961s] INFO:colcon.colcon_core.shell:Creating package script '/home/unique/ros2_ws/ros_test/install/test_loopback/share/test_loopback/package.ps1'
[1.963s] INFO:colcon.colcon_core.shell:Creating package descriptor '/home/unique/ros2_ws/ros_test/install/test_loopback/share/test_loopback/package.dsv'
[1.964s] INFO:colcon.colcon_core.shell:Creating package script '/home/unique/ros2_ws/ros_test/install/test_loopback/share/test_loopback/package.sh'
[1.965s] INFO:colcon.colcon_core.shell:Creating package script '/home/unique/ros2_ws/ros_test/install/test_loopback/share/test_loopback/package.bash'
[1.966s] INFO:colcon.colcon_core.shell:Creating package script '/home/unique/ros2_ws/ros_test/install/test_loopback/share/test_loopback/package.zsh'
[1.967s] Level 1:colcon.colcon_core.environment:create_file_with_runtime_dependencies(/home/unique/ros2_ws/ros_test/install/test_loopback/share/colcon-core/packages/test_loopback)
[1.976s] DEBUG:colcon.colcon_core.event_handler.log_command:Invoking command in '/home/unique/ros2_ws/ros_test/build/IOqueue': CMAKE_PREFIX_PATH=/home/unique/ros2_ws/ros_test/install/realtime_common:/home/unique/ros2_ws/ros_test/install/main_interface:/home/unique/ros2_ws/ros_test/install/test_loopback:/home/unique/ros2_ws/ros_test/install/realtime_launch:/home/unique/ros2_ws/ros_test/install/low_prior:/home/unique/ros2_ws/ros_test/install/high_prior:/home/unique/ros2_ws/ros_test/install/IOringbuffer:/home/unique/ros2_ws/ros_test/install/IOqueue:/home/unique/ros2_ws/install/village_wang:/home/unique/ros2_ws/install/village_interface:/home/unique/ros2_ws/install/my_cpp_pkg:/home/unique/ros2_ws/ros2_21_tutorials/install/learning_topic_cpp:/home/unique/ros2_ws/ros2_21_tutorials/install/learning_tf_cpp:/home/unique/ros2_ws/ros2_21_tutorials/install/learning_service_cpp:/home/unique/ros2_ws/ros2_21_tutorials/install/learning_pkg_c:/home/unique/ros2_ws/ros2_21_tutorials/install/learning_parameter_cpp:/home/unique/ros2_ws/ros2_21_tutorials/install/learning_node_cpp:/home/unique/ros2_ws/ros2_21_tutorials/install/learning_action_cpp:/home/unique/ros2_ws/ros2_21_tutorials/install/learning_interface:/home/unique/ros2_ws/ros2_21_tutorials/install/learning_urdf:/home/unique/ros2_ws/ros2_21_tutorials/install/learning_topic:/home/unique/ros2_ws/ros2_21_tutorials/install/learning_tf:/home/unique/ros2_ws/ros2_21_tutorials/install/learning_service:/home/unique/ros2_ws/ros2_21_tutorials/install/learning_qos:/home/unique/ros2_ws/ros2_21_tutorials/install/learning_pkg_python:/home/unique/ros2_ws/ros2_21_tutorials/install/learning_parameter:/home/unique/ros2_ws/ros2_21_tutorials/install/learning_node:/home/unique/ros2_ws/ros2_21_tutorials/install/learning_launch:/home/unique/ros2_ws/ros2_21_tutorials/install/learning_action:/home/unique/ros2_ws/ros2_21_tutorials/install/learning_gazebo_harmonic:/home/unique/ros2_ws/ros2_21_tutorials/install/learning_gazebo:/home/unique/ros2_ws/ros2_21_tutorials/install/learning_cv:/opt/ros/humble LD_LIBRARY_PATH=/home/unique/ros2_ws/ros_test/install/main_interface/lib:/home/unique/ros2_ws/ros_test/install/test_loopback/lib:/home/unique/ros2_ws/ros_test/install/low_prior/lib:/home/unique/ros2_ws/ros_test/install/high_prior/lib:/home/unique/ros2_ws/ros_test/install/IOringbuffer/lib:/home/unique/ros2_ws/ros_test/install/IOqueue/lib:/home/unique/ros2_ws/install/village_interface/lib:/home/unique/ros2_ws/ros2_21_tutorials/install/learning_interface/lib:/opt/ros/humble/opt/rviz_ogre_vendor/lib:/opt/ros/humble/lib/x86_64-linux-gnu:/opt/ros/humble/lib /usr/bin/cmake --build /home/unique/ros2_ws/ros_test/build/IOqueue -- -j8 -l8
[2.028s] DEBUG:colcon.colcon_core.event_handler.log_command:Invoked command in '/home/unique/ros2_ws/ros_test/build/IOringbuffer' returned '0': CMAKE_PREFIX_PATH=/home/unique/ros2_ws/ros_test/install/realtime_common:/home/unique/ros2_ws/ros_test/install/main_interface:/home/unique/ros2_ws/ros_test/install/test_loopback:/home/unique/ros2_ws/ros_test/install/realtime_launch:/home/unique/ros2_ws/ros_test/install/low_prior:/home/unique/ros2_ws/ros_test/install/high_prior:/home/unique/ros2_ws/ros_test/install/IOringbuffer:/home/unique/ros2_ws/ros_test/install/IOqueue:/home/unique/ros2_ws/install/village_wang:/home/unique/ros2_ws/install/village_interface:/home/unique/ros2_ws/install/my_cpp_pkg:/home/unique/ros2_ws/ros2_21_tutorials/install/learning_topic_cpp:/home/unique/ros2_ws/ros2_21_tutorials/install/learning_tf_cpp:/home/unique/ros2_ws/ros2_21_tutorials/install/learning_service_cpp:/home/unique/ros2_ws/ros2_21_tutorials/install/learning_pkg_c:/home/unique/ros2_ws/ros2_21_tutorials/install/learning_parameter_cpp:/home/unique/ros2_ws/ros2_21_tutorials/install/learning_node_cpp:/home/unique/ros2_ws/ros2_21_tutorials/install/learning_action_cpp:/home/unique/ros2_ws/ros2_21_tutorials/install/learning_interface:/home/unique/ros2_ws/ros2_21_tutorials/install/learning_urdf:/home/unique/ros2_ws/ros2_21_tutorials/install/learning_topic:/home/unique/ros2_ws/ros2_21_tutorials/install/learning_tf:/home/unique/ros2_ws/ros2_21_tutorials/install/learning_service:/home/unique/ros2_ws/ros2_21_tutorials/install/learning_qos:/home/unique/ros2_ws/ros2_21_tutorials/install/learning_pkg_python:/home/unique/ros2_ws/ros2_21_tutorials/install/learning_parameter:/home/unique/ros2_ws/ros2_21_tutorials/install/learning_node:/home/unique/ros2_ws/ros2_21_tutorials/install/learning_launch:/home/unique/ros2_ws/ros2_21_tutorials/install/learning_action:/home/unique/ros2_ws/ros2_21_tutorials/install/learning_gazebo_harmonic:/home/unique/ros2_ws/ros2_21_tutorials/install/learning_gazebo:/home/unique/ros2_ws/ros2_21_tutorials/install/learning_cv:/opt/ros/humble LD_LIBRARY_PATH=/home/unique/ros2_ws/ros_test/install/main_interface/lib:/home/unique/ros2_ws/ros_test/install/test_loopback/lib:/home/unique/ros2_ws/ros_test/install/low_prior/lib:/home/unique/ros2_ws/ros_test/install/high_prior/lib:/home/unique/ros2_ws/ros_test/install/IOringbuffer/lib:/home/unique/ros2_ws/ros_test/install/IOqueue/lib:/home/unique/ros2_ws/install/village_interface/lib:/home/unique/ros2_ws/ros2_21_tutorials/install/learning_interface/lib:/opt/ros/humble/opt/rviz_ogre_vendor/lib:/opt/ros/humble/lib/x86_64-linux-gnu:/opt/ros/humble/lib /usr/bin/cmake --build /home/unique/ros2_ws/ros_test/build/IOringbuffer -- -j8 -l8
[2.031s] DEBUG:colcon.colcon_core.event_handler.log_command:Invoking command in '/home/unique/ros2_ws/ros_test/build/IOringbuffer': CMAKE_PREFIX_PATH=/home/unique/ros2_ws/ros_test/install/realtime_common:/home/unique/ros2_ws/ros_test/install/main_interface:/home/unique/ros2_ws/ros_test/install/test_loopback:/home/unique/ros2_ws/ros_test/install/realtime_launch:/home/unique/ros2_ws/ros_test/install/low_prior:/home/unique/ros2_ws/ros_test/install/high_prior:/home/unique/ros2_ws/ros_test/install/IOringbuffer:/home/unique/ros2_ws/ros_test/install/IOqueue:/home/unique/ros2_ws/install/village_wang:/home/unique/ros2_ws/install/village_interface:/home/unique/ros2_ws/install/my_cpp_pkg:/home/unique/ros2_ws/ros2_21_tutorials/install/learning_topic_cpp:/home/unique/ros2_ws/ros2_21_tutorials/install/learning_tf_cpp:/home/unique/ros2_ws/ros2_21_tutorials/install/learning_service_cpp:/home/unique/ros2_ws/ros2_21_tutorials/install/learning_pkg_c:/home/unique/ros2_ws/ros2_21_tutorials/install/learning_parameter_cpp:/home/unique/ros2_ws/ros2_21_tutorials/install/learning_node_cpp:/home/unique/ros2_ws/ros2_21_tutorials/install/learning_action_cpp:/home/unique/ros2_ws/ros2_21_tutorials/install/learning_interface:/home/unique/ros2_ws/ros2_21_tutorials/install/learning_urdf:/home/unique/ros2_ws/ros2_21_tutorials/install/learning_topic:/home/unique/ros2_ws/ros2_21_tutorials/install/learning_tf:/home/unique/ros2_ws/ros2_21_tutorials/install/learning_service:/home/unique/ros2_ws/ros2_21_tutorials/install/learning_qos:/home/unique/ros2_ws/ros2_21_tutorials/install/learning_pkg_python:/home/unique/ros2_ws/ros2_21_tutorials/install/learning_parameter:/home/unique/ros2_ws/ros2_21_tutorials/install/learning_node:/home/unique/ros2_ws/ros2_21_tutorials/install/learning_launch:/home/unique/ros2_ws/ros2_21_tutorials/install/learning_action:/home/unique/ros2_ws/ros2_21_tutorials/install/learning_gazebo_harmonic:/home/unique/ros2_ws/ros2_21_tutorials/install/learning_gazebo:/home/unique/ros2_ws/ros2_21_tutorials/install/learning_cv:/opt/ros/humble LD_LIBRARY_PATH=/home/unique/ros2_ws/ros_test/install/main_interface/lib:/home/unique/ros2_ws/ros_test/install/test_loopback/lib:/home/unique/ros2_ws/ros_test/install/low_prior/lib:/home/unique/ros2_ws/ros_test/install/high_prior/lib:/home/unique/ros2_ws/ros_test/install/IOringbuffer/lib:/home/unique/ros2_ws/ros_test/install/IOqueue/lib:/home/unique/ros2_ws/install/village_interface/lib:/home/unique/ros2_ws/ros2_21_tutorials/install/learning_interface/lib:/opt/ros/humble/opt/rviz_ogre_vendor/lib:/opt/ros/humble/lib/x86_64-linux-gnu:/opt/ros/humble/lib /usr/bin/cmake --install /home/unique/ros2_ws/ros_test/build/IOringbuffer
[2.053s] Level 1:colcon.colcon_core.environment:create_environment_scripts_only(IOringbuffer)
[2.054s] Level 1:colcon.colcon_core.environment:checking '/home/unique/ros2_ws/ros_test/install/IOringbuffer' for CMake module files
[2.055s] DEBUG:colcon.colcon_core.event_handler.log_command:Invoked command in '/home/unique/ros2_ws/ros_test/build/IOringbuffer' returned '0': CMAKE_PREFIX_PATH=/home/unique/ros2_ws/ros_test/install/realtime_common:/home/unique/ros2_ws/ros_test/install/main_interface:/home/unique/ros2_ws/ros_test/install/test_loopback:/home/unique/ros2_ws/ros_test/install/realtime_launch:/home/unique/ros2_ws/ros_test/install/low_prior:/home/unique/ros2_ws/ros_test/install/high_prior:/home/unique/ros2_ws/ros_test/install/IOringbuffer:/home/unique/ros2_ws/ros_test/install/IOqueue:/home/unique/ros2_ws/install/village_wang:/home/unique/ros2_ws/install/village_interface:/home/unique/ros2_ws/install/my_cpp_pkg:/home/unique/ros2_ws/ros2_21_tutorials/install/learning_topic_cpp:/home/unique/ros2_ws/ros2_21_tutorials/install/learning_tf_cpp:/home/unique/ros2_ws/ros2_21_tutorials/install/learning_service_cpp:/home/unique/ros2_ws/ros2_21_tutorials/install/learning_pkg_c:/home/unique/ros2_ws/ros2_21_tutorials/install/learning_parameter_cpp:/home/unique/ros2_ws/ros2_21_tutorials/install/learning_node_cpp:/home/unique/ros2_ws/ros2_21_tutorials/install/learning_action_cpp:/home/unique/ros2_ws/ros2_21_tutorials/install/learning_interface:/home/unique/ros2_ws/ros2_21_tutorials/install/learning_urdf:/home/unique/ros2_ws/ros2_21_tutorials/install/learning_topic:/home/unique/ros2_ws/ros2_21_tutorials/install/learning_tf:/home/unique/ros2_ws/ros2_21_tutorials/install/learning_service:/home/unique/ros2_ws/ros2_21_tutorials/install/learning_qos:/home/unique/ros2_ws/ros2_21_tutorials/install/learning_pkg_python:/home/unique/ros2_ws/ros2_21_tutorials/install/learning_parameter:/home/unique/ros2_ws/ros2_21_tutorials/install/learning_node:/home/unique/ros2_ws/ros2_21_tutorials/install/learning_launch:/home/unique/ros2_ws/ros2_21_tutorials/install/learning_action:/home/unique/ros2_ws/ros2_21_tutorials/install/learning_gazebo_harmonic:/home/unique/ros2_ws/ros2_21_tutorials/install/learning_gazebo:/home/unique/ros2_ws/ros2_21_tutorials/install/learning_cv:/opt/ros/humble LD_LIBRARY_PATH=/home/unique/ros2_ws/ros_test/install/main_interface/lib:/home/unique/ros2_ws/ros_test/install/test_loopback/lib:/home/unique/ros2_ws/ros_test/install/low_prior/lib:/home/unique/ros2_ws/ros_test/install/high_prior/lib:/home/unique/ros2_ws/ros_test/install/IOringbuffer/lib:/home/unique/ros2_ws/ros_test/install/IOqueue/lib:/home/unique/ros2_ws/install/village_interface/lib:/home/unique/ros2_ws/ros2_21_tutorials/install/learning_interface/lib:/opt/ros/humble/opt/rviz_ogre_vendor/lib:/opt/ros/humble/lib/x86_64-linux-gnu:/opt/ros/humble/lib /usr/bin/cmake --install /home/unique/ros2_ws/ros_test/build/IOringbuffer
[2.056s] Level 1:colcon.colcon_core.environment:checking '/home/unique/ros2_ws/ros_test/install/IOringbuffer' for CMake config files
[2.057s] Level 1:colcon.colcon_core.shell:create_environment_hook('IOringbuffer', 'cmake_prefix_path')
[2.058s] INFO:colcon.colcon_core.shell:Creating environment hook '/home/unique/ros2_ws/ros_test/install/IOringbuffer/share/IOringbuffer/hook/cmake_prefix_path.ps1'
[2.059s] INFO:colcon.colcon_core.shell:Creating environment descriptor '/home/unique/ros2_ws/ros_test/install/IOringbuffer/share/IOringbuffer/hook/cmake_prefix_path.dsv'
[2.060s] INFO:colcon.colcon_core.shell:Creating environment hook '/home/unique/ros2_ws/ros_test/install/IOringbuffer/share/IOringbuffer/hook/cmake_prefix_path.sh'
[2.061s] Level 1:colcon.colcon_core.environment:checking '/home/unique/ros2_ws/ros_test/install/IOringbuffer/lib'
[2.061s] Level 1:colcon.colcon_core.shell:create_environment_hook('IOringbuffer', 'ld_library_path_lib')
[2.061s] INFO:colcon.colcon_core.shell:Creating environment hook '/home/unique/ros2_ws/ros_test/install/IOringbuffer/share/IOringbuffer/hook/ld_library_path_lib.ps1'
[2.062s] INFO:colcon.colcon_core.shell:Creating environment descriptor '/home/unique/ros2_ws/ros_test/install/IOringbuffer/share/IOringbuffer/hook/ld_library_path_lib.dsv'
[2.063s] INFO:colcon.colcon_core.shell:Creating environment hook '/home/unique/ros2_ws/ros_test/install/IOringbuffer/share/IOringbuffer/hook/ld_library_path_lib.sh'
[2.063s] Level 1:colcon.colcon_core.environment:checking '/home/unique/ros2_ws/ros_test/install/IOringbuffer/bin'
[2.063s] Level 1:colcon.colcon_core.environment:checking '/home/unique/ros2_ws/ros_test/install/IOringbuffer/lib/pkgconfig/IOringbuffer.pc'
[2.064s] Level 1:colcon.colcon_core.environment:checking '/home/unique/ros2_ws/ros_test/install/IOringbuffer/lib/python3.10/site-packages'
[2.064s] Level 1:colcon.colcon_core.environment:checking '/home/unique/ros2_ws/ros_test/install/IOringbuffer/bin'
[2.065s] INFO:colcon.colcon_core.shell:Creating package script '/home/unique/ros2_ws/ros_test/install/IOringbuffer/share/IOringbuffer/package.ps1'
[2.067s] INFO:colcon.colcon_core.shell:Creating package descriptor '/home/unique/ros2_ws/ros_test/install/IOringbuffer/share/IOringbuffer/package.dsv'
[2.067s] INFO:colcon.colcon_core.shell:Creating package script '/home/unique/ros2_ws/ros_test/install/IOringbuffer/share/IOringbuffer/package.sh'
[2.068s] INFO:colcon.colcon_core.shell:Creating package script '/home/unique/ros2_ws/ros_test/install/IOringbuffer/share/IOringbuffer/package.bash'
[2.069s] INFO:colcon.colcon_core.shell:Creating package script '/home/unique/ros2_ws/ros_test/install/IOringbuffer/share/IOringbuffer/package.zsh'
[2.070s] Level 1:colcon.colcon_core.environment:create_file_with_runtime_dependencies(/home/unique/ros2_ws/ros_test/install/IOringbuffer/share/colcon-core/packages/IOringbuffer)
[2.071s] Level 1:colcon.colcon_core.environment:create_environment_scripts_only(IOringbuffer)
[2.071s] Level 1:colcon.colcon_core.environment:checking '/home/unique/ros2_ws/ros_test/install/IOringbuffer' for CMake module files
[2.072s] Level 1:colcon.colcon_core.environment:checking '/home/unique/ros2_ws/ros_test/install/IOringbuffer' for CMake config files
[2.073s] Level 1:colcon.colcon_core.shell:create_environment_hook('IOringbuffer', 'cmake_prefix_path')
[2.074s] INFO:colcon.colcon_core.shell:Creating environment hook '/home/unique/ros2_ws/ros_test/install/IOringbuffer/share/IOringbuffer/hook/cmake_prefix_path.ps1'
[2.075s] INFO:colcon.colcon_core.shell:Creating environment descriptor '/home/unique/ros2_ws/ros_test/install/IOringbuffer/share/IOringbuffer/hook/cmake_prefix_path.dsv'
[2.075s] INFO:colcon.colcon_core.shell:Creating environment hook '/home/unique/ros2_ws/ros_test/install/IOringbuffer/share/IOringbuffer/hook/cmake_prefix_path.sh'
[2.077s] Level 1:colcon.colcon_core.environment:checking '/home/unique/ros2_ws/ros_test/install/IOringbuffer/lib'
[2.077s] Level 1:colcon.colcon_core.shell:create_environment_hook('IOringbuffer', 'ld_library_path_lib')
[2.077s] INFO:colcon.colcon_core.shell:Creating environment hook '/home/unique/ros2_ws/ros_test/install/IOringbuffer/share/IOringbuffer/hook/ld_library_path_lib.ps1'
[2.078s] INFO:colcon.colcon_core.shell:Creating environment descriptor '/home/unique/ros2_ws/ros_test/install/IOringbuffer/share/IOringbuffer/hook/ld_library_path_lib.dsv'
[2.079s] INFO:colcon.colcon_core.shell:Creating environment hook '/home/unique/ros2_ws/ros_test/install/IOringbuffer/share/IOringbuffer/hook/ld_library_path_lib.sh'
[2.079s] Level 1:colcon.colcon_core.environment:checking '/home/unique/ros2_ws/ros_test/install/IOringbuffer/bin'
[2.079s] Level 1:colcon.colcon_core.environment:checking '/home/unique/ros2_ws/ros_test/install/IOringbuffer/lib/pkgconfig/IOringbuffer.pc'
[2.080s] Level 1:colcon.colcon_core.environment:checking '/home/unique/ros2_ws/ros_test/install/IOringbuffer/lib/python3.10/site-packages'
[2.080s] Level 1:colcon.colcon_core.environment:checking '/home/unique/ros2_ws/ros_test/install/IOringbuffer/bin'
[2.080s] INFO:colcon.colcon_core.shell:Creating package script '/home/unique/ros2_ws/ros_test/install/IOringbuffer/share/IOringbuffer/package.ps1'
[2.081s] INFO:colcon.colcon_core.shell:Creating package descriptor '/home/unique/ros2_ws/ros_test/install/IOringbuffer/share/IOringbuffer/package.dsv'
[2.083s] INFO:colcon.colcon_core.shell:Creating package script '/home/unique/ros2_ws/ros_test/install/IOringbuffer/share/IOringbuffer/package.sh'
[2.083s] INFO:colcon.colcon_core.shell:Creating package script '/home/unique/ros2_ws/ros_test/install/IOringbuffer/share/IOringbuffer/package.bash'
[2.084s] INFO:colcon.colcon_core.shell:Creating package script '/home/unique/ros2_ws/ros_test/install/IOringbuffer/share/IOringbuffer/package.zsh'
[2.085s] Level 1:colcon.colcon_core.environment:create_file_with_runtime_dependencies(/home/unique/ros2_ws/ros_test/install/IOringbuffer/share/colcon-core/packages/IOringbuffer)
[11.009s] DEBUG:colcon.colcon_core.event_handler.log_command:Invoked command in '/home/unique/ros2_ws/ros_test/build/IOqueue' returned '0': CMAKE_PREFIX_PATH=/home/unique/ros2_ws/ros_test/install/realtime_common:/home/unique/ros2_ws/ros_test/install/main_interface:/home/unique/ros2_ws/ros_test/install/test_loopback:/home/unique/ros2_ws/ros_test/install/realtime_launch:/home/unique/ros2_ws/ros_test/install/low_prior:/home/unique/ros2_ws/ros_test/install/high_prior:/home/unique/ros2_ws/ros_test/install/IOringbuffer:/home/unique/ros2_ws/ros_test/install/IOqueue:/home/unique/ros2_ws/install/village_wang:/home/unique/ros2_ws/install/village_interface:/home/unique/ros2_ws/install/my_cpp_pkg:/home/unique/ros2_ws/ros2_21_tutorials/install/learning_topic_cpp:/home/unique/ros2_ws/ros2_21_tutorials/install/learning_tf_cpp:/home/unique/ros2_ws/ros2_21_tutorials/install/learning_service_cpp:/home/unique/ros2_ws/ros2_21_tutorials/install/learning_pkg_c:/home/unique/ros2_ws/ros2_21_tutorials/install/learning_parameter_cpp:/home/unique/ros2_ws/ros2_21_tutorials/install/learning_node_cpp:/home/unique/ros2_ws/ros2_21_tutorials/install/learning_action_cpp:/home/unique/ros2_ws/ros2_21_tutorials/install/learning_interface:/home/unique/ros2_ws/ros2_21_tutorials/install/learning_urdf:/home/unique/ros2_ws/ros2_21_tutorials/install/learning_topic:/home/unique/ros2_ws/ros2_21_tutorials/install/learning_tf:/home/unique/ros2_ws/ros2_21_tutorials/install/learning_service:/home/unique/ros2_ws/ros2_21_tutorials/install/learning_qos:/home/unique/ros2_ws/ros2_21_tutorials/install/learning_pkg_python:/home/unique/ros2_ws/ros2_21_tutorials/install/learning_parameter:/home/unique/ros2_ws/ros2_21_tutorials/install/learning_node:/home/unique/ros2_ws/ros2_21_tutorials/install/learning_launch:/home/unique/ros2_ws/ros2_21_tutorials/install/learning_action:/home/unique/ros2_ws/ros2_21_tutorials/install/learning_gazebo_harmonic:/home/unique/ros2_ws/ros2_21_tutorials/install/learning_gazebo:/home/unique/ros2_ws/ros2_21_tutorials/install/learning_cv:/opt/ros/humble LD_LIBRARY_PATH=/home/unique/ros2_ws/ros_test/install/main_interface/lib:/home/unique/ros2_ws/ros_test/install/test_loopback/lib:/home/unique/ros2_ws/ros_test/install/low_prior/lib:/home/unique/ros2_ws/ros_test/install/high_prior/lib:/home/unique/ros2_ws/ros_test/install/IOringbuffer/lib:/home/unique/ros2_ws/ros_test/install/IOqueue/lib:/home/unique/ros2_ws/install/village_interface/lib:/home/unique/ros2_ws/ros2_21_tutorials/install/learning_interface/lib:/opt/ros/humble/opt/rviz_ogre_vendor/lib:/opt/ros/humble/lib/x86_64-linux-gnu:/opt/ros/humble/lib /usr/bin/cmake --build /home/unique/ros2_ws/ros_test/build/IOqueue -- -j8 -l8
[11.012s] DEBUG:colcon.colcon_core.event_handler.log_command:Invoking command in '/home/unique/ros2_ws/ros_test/build/IOqueue': CMAKE_PREFIX_PATH=/home/unique/ros2_ws/ros_test/install/realtime_common:/home/unique/ros2_ws/ros_test/install/main_interface:/home/unique/ros2_ws/ros_test/install/test_loopback:/home/unique/ros2_ws/ros_test/install/realtime_launch:/home/unique/ros2_ws/ros_test/install/low_prior:/home/unique/ros2_ws/ros_test/install/high_prior:/home/unique/ros2_ws/ros_test/install/IOringbuffer:/home/unique/ros2_ws/ros_test/install/IOqueue:/home/unique/ros2_ws/install/village_wang:/home/unique/ros2_ws/install/village_interface:/home/unique/ros2_ws/install/my_cpp_pkg:/home/unique/ros2_ws/ros2_21_tutorials/install/learning_topic_cpp:/home/unique/ros2_ws/ros2_21_tutorials/install/learning_tf_cpp:/home/unique/ros2_ws/ros2_21_tutorials/install/learning_service_cpp:/home/unique/ros2_ws/ros2_21_tutorials/install/learning_pkg_c:/home/unique/ros2_ws/ros2_21_tutorials/install/learning_parameter_cpp:/home/unique/ros2_ws/ros2_21_tutorials/install/learning_node_cpp:/home/unique/ros2_ws/ros2_21_tutorials/install/learning_action_cpp:/home/unique/ros2_ws/ros2_21_tutorials/install/learning_interface:/home/unique/ros2_ws/ros2_21_tutorials/install/learning_urdf:/home/unique/ros2_ws/ros2_21_tutorials/install/learning_topic:/home/unique/ros2_ws/ros2_21_tutorials/install/learning_tf:/home/unique/ros2_ws/ros2_21_tutorials/install/learning_service:/home/unique/ros2_ws/ros2_21_tutorials/install/learning_qos:/home/unique/ros2_ws/ros2_21_tutorials/install/learning_pkg_python:/home/unique/ros2_ws/ros2_21_tutorials/install/learning_parameter:/home/unique/ros2_ws/ros2_21_tutorials/install/learning_node:/home/unique/ros2_ws/ros2_21_tutorials/install/learning_launch:/home/unique/ros2_ws/ros2_21_tutorials/install/learning_action:/home/unique/ros2_ws/ros2_21_tutorials/install/learning_gazebo_harmonic:/home/unique/ros2_ws/ros2_21_tutorials/install/learning_gazebo:/home/unique/ros2_ws/ros2_21_tutorials/install/learning_cv:/opt/ros/humble LD_LIBRARY_PATH=/home/unique/ros2_ws/ros_test/install/main_interface/lib:/home/unique/ros2_ws/ros_test/install/test_loopback/lib:/home/unique/ros2_ws/ros_test/install/low_prior/lib:/home/unique/ros2_ws/ros_test/install/high_prior/lib:/home/unique/ros2_ws/ros_test/install/IOringbuffer/lib:/home/unique/ros2_ws/ros_test/install/IOqueue/lib:/home/unique/ros2_ws/install/village_interface/lib:/home/unique/ros2_ws/ros2_21_tutorials/install/learning_interface/lib:/opt/ros/humble/opt/rviz_ogre_vendor/lib:/opt/ros/humble/lib/x86_64-linux-gnu:/opt/ros/humble/lib /usr/bin/cmake --install /home/unique/ros2_ws/ros_test/build/IOqueue
[11.053s] Level 1:colcon.colcon_core.environment:create_environment_scripts_only(IOqueue)
[11.054s] Level 1:colcon.colcon_core.environment:checking '/home/unique/ros2_ws/ros_test/install/IOqueue' for CMake module files
[11.054s] DEBUG:colcon.colcon_core.event_handler.log_command:Invoked command in '/home/unique/ros2_ws/ros_test/build/IOqueue' returned '0': CMAKE_PREFIX_PATH=/home/unique/ros2_ws/ros_test/install/realtime_common:/home/unique/ros2_ws/ros_test/install/main_interface:/home/unique/ros2_ws/ros_test/install/test_loopback:/home/unique/ros2_ws/ros_test/install/realtime_launch:/home/unique/ros2_ws/ros_test/install/low_prior:/home/unique/ros2_ws/ros_test/install/high_prior:/home/unique/ros2_ws/ros_test/install/IOringbuffer:/home/unique/ros2_ws/ros_test/install/IOqueue:/home/unique/ros2_ws/install/village_wang:/home/unique/ros2_ws/install/village_interface:/home/unique/ros2_ws/install/my_cpp_pkg:/home/unique/ros2_ws/ros2_21_tutorials/install/learning_topic_cpp:/home/unique/ros2_ws/ros2_21_tutorials/install/learning_tf_cpp:/home/unique/ros2_ws/ros2_21_tutorials/install/learning_service_cpp:/home/unique/ros2_ws/ros2_21_tutorials/install/learning_pkg_c:/home/unique/ros2_ws/ros2_21_tutorials/install/learning_parameter_cpp:/home/unique/ros2_ws/ros2_21_tutorials/install/learning_node_cpp:/home/unique/ros2_ws/ros2_21_tutorials/install/learning_action_cpp:/home/unique/ros2_ws/ros2_21_tutorials/install/learning_interface:/home/unique/ros2_ws/ros2_21_tutorials/install/learning_urdf:/home/unique/ros2_ws/ros2_21_tutorials/install/learning_topic:/home/unique/ros2_ws/ros2_21_tutorials/install/learning_tf:/home/unique/ros2_ws/ros2_21_tutorials/install/learning_service:/home/unique/ros2_ws/ros2_21_tutorials/install/learning_qos:/home/unique/ros2_ws/ros2_21_tutorials/install/learning_pkg_python:/home/unique/ros2_ws/ros2_21_tutorials/install/learning_parameter:/home/unique/ros2_ws/ros2_21_tutorials/install/learning_node:/home/unique/ros2_ws/ros2_21_tutorials/install/learning_launch:/home/unique/ros2_ws/ros2_21_tutorials/install/learning_action:/home/unique/ros2_ws/ros2_21_tutorials/install/learning_gazebo_harmonic:/home/unique/ros2_ws/ros2_21_tutorials/install/learning_gazebo:/home/unique/ros2_ws/ros2_21_tutorials/install/learning_cv:/opt/ros/humble LD_LIBRARY_PATH=/home/unique/ros2_ws/ros_test/install/main_interface/lib:/home/unique/ros2_ws/ros_test/install/test_loopback/lib:/home/unique/ros2_ws/ros_test/install/low_prior/lib:/home/unique/ros2_ws/ros_test/install/high_prior/lib:/home/unique/ros2_ws/ros_test/install/IOringbuffer/lib:/home/unique/ros2_ws/ros_test/install/IOqueue/lib:/home/unique/ros2_ws/install/village_interface/lib:/home/unique/ros2_ws/ros2_21_tutorials/install/learning_interface/lib:/opt/ros/humble/opt/rviz_ogre_vendor/lib:/opt/ros/humble/lib/x86_64-linux-gnu:/opt/ros/humble/lib /usr/bin/cmake --install /home/unique/ros2_ws/ros_test/build/IOqueue
[11.055s] Level 1:colcon.colcon_core.environment:checking '/home/unique/ros2_ws/ros_test/install/IOqueue' for CMake config files
[11.055s] Level 1:colcon.colcon_core.shell:create_environment_hook('IOqueue', 'cmake_prefix_path')
[11.056s] INFO:colcon.colcon_core.shell:Creating environment hook '/home/unique/ros2_ws/ros_test/install/IOqueue/share/IOqueue/hook/cmake_prefix_path.ps1'
[11.056s] INFO:colcon.colcon_core.shell:Creating environment descriptor '/home/unique/ros2_ws/ros_test/install/IOqueue/share/IOqueue/hook/cmake_prefix_path.dsv'
[11.057s] INFO:colcon.colcon_core.shell:Creating environment hook '/home/unique/ros2_ws/ros_test/install/IOqueue/share/IOqueue/hook/cmake_prefix_path.sh'
[11.058s] Level 1:colcon.colcon_core.environment:checking '/home/unique/ros2_ws/ros_test/install/IOqueue/lib'
[11.058s] Level 1:colcon.colcon_core.shell:create_environment_hook('IOqueue', 'ld_library_path_lib')
[11.058s] INFO:colcon.colcon_core.shell:Creating environment hook '/home/unique/ros2_ws/ros_test/install/IOqueue/share/IOqueue/hook/ld_library_path_lib.ps1'
[11.059s] INFO:colcon.colcon_core.shell:Creating environment descriptor '/home/unique/ros2_ws/ros_test/install/IOqueue/share/IOqueue/hook/ld_library_path_lib.dsv'
[11.060s] INFO:colcon.colcon_core.shell:Creating environment hook '/home/unique/ros2_ws/ros_test/install/IOqueue/share/IOqueue/hook/ld_library_path_lib.sh'
[11.060s] Level 1:colcon.colcon_core.environment:checking '/home/unique/ros2_ws/ros_test/install/IOqueue/bin'
[11.060s] Level 1:colcon.colcon_core.environment:checking '/home/unique/ros2_ws/ros_test/install/IOqueue/lib/pkgconfig/IOqueue.pc'
[11.061s] Level 1:colcon.colcon_core.environment:checking '/home/unique/ros2_ws/ros_test/install/IOqueue/lib/python3.10/site-packages'
[11.061s] Level 1:colcon.colcon_core.environment:checking '/home/unique/ros2_ws/ros_test/install/IOqueue/bin'
[11.062s] INFO:colcon.colcon_core.shell:Creating package script '/home/unique/ros2_ws/ros_test/install/IOqueue/share/IOqueue/package.ps1'
[11.063s] INFO:colcon.colcon_core.shell:Creating package descriptor '/home/unique/ros2_ws/ros_test/install/IOqueue/share/IOqueue/package.dsv'
[11.064s] INFO:colcon.colcon_core.shell:Creating package script '/home/unique/ros2_ws/ros_test/install/IOqueue/share/IOqueue/package.sh'
[11.065s] INFO:colcon.colcon_core.shell:Creating package script '/home/unique/ros2_ws/ros_test/install/IOqueue/share/IOqueue/package.bash'
[11.065s] INFO:colcon.colcon_core.shell:Creating package script '/home/unique/ros2_ws/ros_test/install/IOqueue/share/IOqueue/package.zsh'
[11.066s] Level 1:colcon.colcon_core.environment:create_file_with_runtime_dependencies(/home/unique/ros2_ws/ros_test/install/IOqueue/share/colcon-core/packages/IOqueue)
[11.067s] Level 1:colcon.colcon_core.environment:create_environment_scripts_only(IOqueue)
[11.067s] Level 1:colcon.colcon_core.environment:checking '/home/unique/ros2_ws/ros_test/install/IOqueue' for CMake module files
[11.068s] Level 1:colcon.colcon_core.environment:checking '/home/unique/ros2_ws/ros_test/install/IOqueue' for CMake config files
[11.068s] Level 1:colcon.colcon_core.shell:create_environment_hook('IOqueue', 'cmake_prefix_path')
[11.068s] INFO:colcon.colcon_core.shell:Creating environment hook '/home/unique/ros2_ws/ros_test/install/IOqueue/share/IOqueue/hook/cmake_prefix_path.ps1'
[11.069s] INFO:colcon.colcon_core.shell:Creating environment descriptor '/home/unique/ros2_ws/ros_test/install/IOqueue/share/IOqueue/hook/cmake_prefix_path.dsv'
[11.070s] INFO:colcon.colcon_core.shell:Creating environment hook '/home/unique/ros2_ws/ros_test/install/IOqueue/share/IOqueue/hook/cmake_prefix_path.sh'
[11.070s] Level 1:colcon.colcon_core.environment:checking '/home/unique/ros2_ws/ros_test/install/IOqueue/lib'
[11.071s] Level 1:colcon.colcon_core.shell:create_environment_hook('IOqueue', 'ld_library_path_lib')
[11.071s] INFO:colcon.colcon_core.shell:Creating environment hook '/home/unique/ros2_ws/ros_test/install/IOqueue/share/IOqueue/hook/ld_library_path_lib.ps1'
[11.071s] INFO:colcon.colcon_core.shell:Creating environment descriptor '/home/unique/ros2_ws/ros_test/install/IOqueue/share/IOqueue/hook/ld_library_path_lib.dsv'
[11.072s] INFO:colcon.colcon_core.shell:Creating environment hook '/home/unique/ros2_ws/ros_test/install/IOqueue/share/IOqueue/hook/ld_library_path_lib.sh'
[11.073s] Level 1:colcon.colcon_core.environment:checking '/home/unique/ros2_ws/ros_test/install/IOqueue/bin'
[11.073s] Level 1:colcon.colcon_core.environment:checking '/home/unique/ros2_ws/ros_test/install/IOqueue/lib/pkgconfig/IOqueue.pc'
[11.073s] Level 1:colcon.colcon_core.environment:checking '/home/unique/ros2_ws/ros_test/install/IOqueue/lib/python3.10/site-packages'
[11.074s] Level 1:colcon.colcon_core.environment:checking '/home/unique/ros2_ws/ros_test/install/IOqueue/bin'
[11.074s] INFO:colcon.colcon_core.shell:Creating package script '/home/unique/ros2_ws/ros_test/install/IOqueue/share/IOqueue/package.ps1'
[11.075s] INFO:colcon.colcon_core.shell:Creating package descriptor '/home/unique/ros2_ws/ros_test/install/IOqueue/share/IOqueue/package.dsv'
[11.076s] INFO:colcon.colcon_core.shell:Creating package script '/home/unique/ros2_ws/ros_test/install/IOqueue/share/IOqueue/package.sh'
[11.077s] INFO:colcon.colcon_core.shell:Creating package script '/home/unique/ros2_ws/ros_test/install/IOqueue/share/IOqueue/package.bash'
[11.077s] INFO:colcon.colcon_core.shell:Creating package script '/home/unique/ros2_ws/ros_test/install/IOqueue/share/IOqueue/package.zsh'
[11.078s] Level 1:colcon.colcon_core.environment:create_file_with_runtime_dependencies(/home/unique/ros2_ws/ros_test/install/IOqueue/share/colcon-core/packages/IOqueue)
[11.078s] DEBUG:colcon.colcon_parallel_executor.executor.parallel:closing loop
[11.079s] DEBUG:colcon.colcon_parallel_executor.executor.parallel:loop closed
[11.080s] DEBUG:colcon.colcon_parallel_executor.executor.parallel:run_until_complete finished with '0'
[11.080s] DEBUG:colcon.colcon_core.event_reactor:joining thread
[11.224s] INFO:colcon.colcon_core.plugin_system:Skipping extension 'colcon_notification.desktop_notification.notify_send': Could not find 'notify-send'
[11.224s] INFO:colcon.colcon_core.plugin_system:Skipping extension 'colcon_notification.desktop_notification.terminal_notifier': Not used on non-Darwin systems
[11.224s] INFO:colcon.colcon_core.plugin_system:Skipping extension 'colcon_notification.desktop_notification.win32': Not used on non-Windows systems
[11.224s] INFO:colcon.colcon_notification.desktop_notification:Sending desktop notification using 'notify2'
[11.224s] DEBUG:colcon.colcon_notification.desktop_notification.notify2:Failed to initialize notify2: org.freedesktop.DBus.Error.FileNotFound: Failed to connect to socket /run/user/1000/bus: No such file or directory
[11.225s] DEBUG:colcon.colcon_core.event_reactor:joined thread
[11.225s] INFO:colcon.colcon_core.shell:Creating prefix script '/home/unique/ros2_ws/ros_test/install/local_setup.ps1'
[11.226s] INFO:colcon.colcon_core.shell:Creating prefix util module '/home/unique/ros2_ws/ros_test/install/_local_setup_util_ps1.py'
[11.228s] INFO:colcon.colcon_core.shell:Creating prefix chain script '/home/unique/ros2_ws/ros_test/install/setup.ps1'
[11.231s] INFO:colcon.colcon_core.shell:Creating prefix script '/home/unique/ros2_ws/ros_test/install/local_setup.sh'
[11.231s] INFO:colcon.colcon_core.shell:Creating prefix util module '/home/unique/ros2_ws/ros_test/install/_local_setup_util_sh.py'
[11.232s] INFO:colcon.colcon_core.shell:Creating prefix chain script '/home/unique/ros2_ws/ros_test/install/setup.sh'
[11.235s] INFO:colcon.colcon_core.shell:Creating prefix script '/home/unique/ros2_ws/ros_test/install/local_setup.bash'
[11.235s] INFO:colcon.colcon_core.shell:Creating prefix chain script '/home/unique/ros2_ws/ros_test/install/setup.bash'
[11.238s] INFO:colcon.colcon_core.shell:Creating prefix script '/home/unique/ros2_ws/ros_test/install/local_setup.zsh'
[11.239s] INFO:colcon.colcon_core.shell:Creating prefix chain script '/home/unique/ros2_ws/ros_test/install/setup.zsh'
